date,Combined Equal Weight,Combined Min Variance,Equity-Only Equal Weight,Equity-Only Min Variance,Crypto-Only Equal Weight,Crypto-Only Min Variance
2020-08-04,0.011195004613800347,0.01374441150427025,0.0127571014301756,0.012297494156441196,0.003384520531924085,-0.0017003572541766203
2020-08-05,0.007478629832450101,-0.00674020225558621,0.006154417672750271,-0.005231053665428356,0.01409969063094927,0.017581920119959935
2020-08-06,0.0008232887020804216,-0.000968733659710229,0.0006011367223255076,-0.00022030146210323903,0.001934048600854987,-0.0018745662574038639
2020-08-07,0.0012311989675126487,0.003813914009194627,0.006924233777896923,0.005490531902287364,-0.027233975084408737,-0.024713958294304977
2020-08-10,0.009964331542536294,-0.0026153253195783837,0.007544176482147308,-0.001499695797536981,0.02206510684448123,0.016614059133952388
2020-08-11,-0.016736258939307753,-0.023449191285886697,-0.00988656473463121,-0.020929637785677913,-0.05098472996269047,-0.04076833910697987
2020-08-12,0.013277769586957937,0.01329251612531458,0.013590054667924591,0.013167875908269289,0.011716344182124649,0.00954843563637611
2020-08-13,0.003817004852835204,0.005079378975072536,-0.004520563439077013,0.004343044129876893,0.045504846312396284,0.02431903998179819
2020-08-14,0.0028227204245480637,0.002402246320173457,0.001476038999435607,0.002135001342619283,0.00955612755011035,0.008538678484941574
2020-08-17,0.003947487122665475,0.01739263764084408,0.0004304665912188743,0.013523851772223344,0.021532589779898484,0.024348433262131555
2020-08-18,-0.007622017528730924,-0.0009364363493105504,-0.002845184293355533,-0.0004111624922184013,-0.03150618370560787,-0.0319672028972214
2020-08-19,-0.015488201527329248,-0.016055378753218465,-0.008138541529167135,-0.01385096238168113,-0.05223650151813981,-0.03822546411229018
2020-08-20,0.0021171582914242455,0.0036473699276085153,-0.002142348149256335,0.0028532739361071665,0.02341469049482714,0.017952070262551554
2020-08-21,-0.00955286855470018,-0.0036537814638892808,-3.630154910272369e-05,-0.0026879501078750055,-0.057135703582687464,-0.04052930875143384
2020-08-24,0.015127271946348577,0.0004402611888030593,0.014089935828598294,0.0016399696211873396,0.0203139525351,0.01029974337389035
2020-08-25,-0.010444703574958877,-0.001329200867715108,-0.0007068739856524857,-7.843544839863513e-05,-0.05913385152149083,-0.04130931444385864
2020-08-26,0.00022346716600733568,0.0042051737424659745,-0.0006888537244894091,0.004436401058636602,0.0047850716184910545,0.003957548279125571
2020-08-27,-0.002498072955373998,0.002227400355962426,0.004263427138264814,0.0037491499693477768,-0.03630557342356804,-0.03441613592260449
2020-08-28,0.012810137482369807,0.008815805272330265,0.009835855402172453,0.007766877073911837,0.027681547883356576,0.0229906885022403
2020-08-31,-0.003664474860331222,0.002650071846246026,-0.005701541941502778,0.0015401850928524997,0.006520860545526551,-0.005840885486348839
2020-09-01,0.011960755265203151,0.0008372879108816947,0.00255140172684953,0.00018837880761322142,0.059007522956971266,0.03292143326964994
2020-09-02,0.003979979263291746,0.014746617135854826,0.018497645474912658,0.01356178627098431,-0.06860835179481284,-0.05966609757992408
2020-09-03,-0.03611870273927122,-0.024908815484407314,-0.02216754760131534,-0.02393599269473411,-0.10587447842905064,-0.11887787837286604
2020-09-04,0.0014319609456646446,-0.00577704235372881,-0.003171277680784454,-0.0068944583887549085,0.024448154077910143,0.03188161395593159
2020-09-08,-0.022324334209526873,-0.018976287251134493,-0.02411324966211537,-0.0201946905625712,-0.013379756946584363,-0.021128173407186722
2020-09-09,0.015072916967977518,0.018584379595715298,0.01629646351030971,0.019018597315401127,0.008955184256316594,0.012052427470786022
2020-09-10,-0.010869261181879955,-0.015276910835968901,-0.016839540803678676,-0.01637707780231213,0.018982136927113667,0.019077209897716378
2020-09-11,0.005723316880903714,0.006466203867287393,0.005506631552116339,0.005438611735079913,0.0068067435248405864,0.008865253362180992
2020-09-14,0.014438833402467398,0.011915455075907194,0.013795675236696779,0.011979470091465227,0.01765462423132048,0.021321617133465823
2020-09-15,0.002516911483615168,0.004982178840413542,0.006141433967741317,0.004524577363830174,-0.015605700937015578,-0.006880530650679949
2020-09-16,0.0042931730202693304,-0.0037622132035803994,0.0059722556467219695,-0.004715416804910682,-0.0041022401119938726,0.01676381830935135
2020-09-17,0.0011213385830818507,-0.0036749191239840396,-0.0029420866612460033,-0.0036479363005582415,0.021438464804721127,0.0068966280510553086
2020-09-18,-0.011020584723580576,-0.0059571853776077075,-0.012057002082331762,-0.005991011416263457,-0.005838497929824605,-0.008529881719375838
2020-09-21,-0.02597245031155231,-0.006562828239163744,-0.017501930309393177,-0.005228882782351906,-0.06832505032234804,-0.06138333676478458
2020-09-22,0.0056751662652879155,0.005656819544180223,0.0036559846500593025,0.004349626437988062,0.015771074341430973,0.01058708460135652
2020-09-23,-0.026759662942899356,-0.018547047005865822,-0.023433060720340078,-0.0204291480138307,-0.04339267405569573,-0.04428475650317844
2020-09-24,0.01204159409602531,0.0032825277331047413,0.004112029059099802,0.003571889043199158,0.05168941928065285,0.04864684406524748
2020-09-25,0.014548908816150053,0.00756819327014667,0.010870430394522868,0.00656059873137264,0.03294130092428595,0.026027941107598294
2020-09-28,0.01179655481484275,0.008862664584181734,0.015534096505021602,0.008630450047641682,-0.0068911536360515184,-0.0038040820292858683
2020-09-29,-0.005630529465144425,-0.00435253716640288,-0.008284910060938323,-0.005311306710289802,0.0076413735138250675,0.008978910840132647
2020-09-30,0.007242925094336532,0.009736872202724085,0.008978468503625547,0.009965076106920335,-0.0014347919521085386,-0.0008595310112645273
2020-10-01,-0.001562893273823109,0.0033859948012123576,0.0011677257083073937,0.003645147798927339,-0.015215988184475627,-0.015789162543423774
2020-10-02,-0.0039014009552980336,-0.011115243738943816,-0.0003034522179952731,-0.01153242929046378,-0.021891144641811848,-0.01143504449873533
2020-10-05,0.01548602043938725,0.015207885204534278,0.017864918848640075,0.015247381606581758,0.003591528393123089,0.010097384854982667
2020-10-06,-0.012705530442454337,-0.017098862664037127,-0.013321365763380832,-0.017362812862059963,-0.009626353837821833,-0.019349298057715576
2020-10-07,0.012791762050537392,0.008575659839590343,0.014852481858752714,0.008390581465346235,0.0024881630094607645,0.005605211154428166
2020-10-08,0.012375986354679389,0.003360924304061267,0.011843734618134396,0.003255458348015916,0.015037245037404369,0.015649323500849462
2020-10-09,0.005097239337368794,0.006893468114161376,0.0014301819301177994,0.006963090655604525,0.023432526373623766,0.015433481153760076
2020-10-12,0.00919891238934439,0.010304651474996537,0.008760629380128776,0.010484497580181272,0.011390327435422478,0.010154730640294998
2020-10-13,-0.007094862376709563,-5.191777513009909e-05,-0.007560940634278472,0.0005228560846634576,-0.004764471088864997,-0.00893450670622805
2020-10-14,-0.005074400079080766,-0.003605346188987099,-0.004927761654344269,-0.0038324135989806552,-0.005807592202763257,-0.0135382380490582
2020-10-15,-0.0009787547565647092,-0.006488184875240149,-0.00021179181312319653,-0.006621633398234315,-0.0048135694737722725,-0.003890209384221051
2020-10-16,-0.0027443673832838814,0.0018354583863378609,0.0004336212065617127,0.0017552235504763804,-0.018634310332511863,-0.00359017333522655
2020-10-19,-0.008438004908013396,-0.014906049730314595,-0.01312508203110495,-0.015226665679891713,0.014997380707444354,0.027424666804055142
2020-10-20,-0.0004442855628636739,-0.0005223217397700882,0.0039095424183510745,-0.0007292143017036873,-0.022213425468937426,-0.006666466435635175
2020-10-21,0.0025630509020215,-0.002629909585766725,-0.007900200540816716,-0.0028807046897104606,0.054879308116212576,0.049831519139045
2020-10-22,0.01492987167835669,0.005050865231411637,0.01234601499376679,0.0045928837957965665,0.027849155101306214,0.015543085451034881
2020-10-23,-0.0019294311143752628,-0.00032440447400892893,-0.0007725052344552544,-0.00012492376472871238,-0.007714060513975308,-0.008062135707363837
2020-10-26,-0.017704136338239668,-0.007463181163975422,-0.016738475883556193,-0.007551171188789121,-0.022532438611657046,-0.01022133897875398
2020-10-27,-0.005159400318448709,0.00020396937594304059,-0.009275301565284744,0.00013703411205105855,0.015420105915731463,0.025598186171614766
2020-10-28,-0.02858868863644474,-0.028101003866426593,-0.029684084590568205,-0.02788834217058544,-0.023111708865827422,-0.027879603571341265
2020-10-29,0.00863545622164991,0.004032961846529237,0.01199941440486183,0.003883034793662122,-0.008184334694409667,-0.0038215206442796467
2020-10-30,-0.008113192327080371,-0.0020382739990067547,-0.006002825092488347,-0.00224903188260858,-0.018665028500040506,-0.005773699204623032
2020-11-02,0.009626351175130556,0.013949672504272592,0.018858159183407053,0.013814831226770841,-0.036532688866251925,-0.022930841447773857
2020-11-03,0.011736298439152469,0.013161277916151605,0.01474345666780892,0.013176475495457153,-0.0032994927041297695,0.015705690802787508
2020-11-04,0.006319720790986544,0.013933771578722524,0.006718925501091532,0.014310876895146039,0.004323697240461588,-8.244568374963157e-05
2020-11-05,0.022569911499662303,0.012397321954529425,0.017325662182162194,0.01183531637230392,0.0487911580871629,0.06755381867764912
2020-11-06,0.008030782032204838,0.0003479193544367226,-0.0015937211549880079,0.0005078888436639054,0.05615329796816909,0.0296933282613491
2020-11-09,0.023912903323439323,-0.009882453215429798,0.032613165559338964,-0.009974541675676877,-0.019588407856058886,-0.014429401863130508
2020-11-10,0.00794719372807069,0.012810570267285187,0.00943869996086471,0.012619622436922958,0.0004896625641006123,0.0035758311540527708
2020-11-11,0.004242761209353326,0.006888277382121581,0.003062625915727954,0.006916607748233586,0.01014343767748017,0.016033357020714744
2020-11-12,-0.010664166536831068,-0.007095729997419702,-0.012904737581357541,-0.007288478810930044,0.0005386886858012805,0.011709663160315572
2020-11-13,0.018626103686749648,0.011402386469480602,0.01662392916728279,0.011592580478777589,0.028636976284083973,0.019685389058471732
2020-11-16,0.024236173757029425,0.0031127723744442367,0.01977343008262187,0.0027963124670483766,0.046549892129067176,0.04133901709595243
2020-11-17,0.00803896975278272,-0.00323117868499512,-0.000761701817568681,-0.0037120406765658895,0.05204232760453974,0.05344758190103298
2020-11-18,-0.011393201668488487,-0.014264843940732986,-0.011684586232227161,-0.01441166651720145,-0.009936278849795133,-0.009068703982524316
2020-11-19,0.004225093934530302,0.005026491215824071,0.0039350591320664804,0.005378238209030743,0.005675267946849406,0.006874010799869565
2020-11-20,0.004834314224144687,0.0005159328381304628,-0.004804328623841559,0.0003267256805481449,0.05302752846407591,0.054461452747580234
2020-11-23,0.03411361635096758,-0.0031799972339775946,0.015040158438988191,-0.003275184463892525,0.12948090591086447,0.18235787134018877
2020-11-24,0.033796936879885255,0.002937762446149986,0.018735689655849205,0.0025499757330507806,0.1091031730000655,0.16344911210157476
2020-11-25,-0.010371739918027149,0.002362661605057459,-0.0017601800530867512,0.0027819080480875956,-0.05342953924272913,-0.03964822988727501
2020-11-27,0.0037616546667439722,0.004992299602073579,-0.00026871628583042395,0.005184363702289104,0.023913509429615957,0.059301787368178205
2020-11-30,0.0042929422783999915,0.006443373554639032,-0.009043490099903654,0.0061331484989670965,0.07097510416991822,0.07414935126323334
2020-12-01,-0.005637179543973641,0.003733291600416435,0.006829736804636224,0.004140361381294509,-0.06797176128702298,-0.06424079223318964
2020-12-02,0.009232508830180145,0.001887492184415696,0.0068640901285011175,0.0017981951381983554,0.021074602338575277,0.023961816364029
2020-12-03,0.003991437185789272,-0.003176718854790587,0.0017761312126429488,-0.0034273161742018653,0.015067967051520881,0.011293300312203025
2020-12-04,-0.0018283293279251086,0.0035966193636178703,0.014110706529524042,0.003951472028888796,-0.08152350861517088,-0.059087877820020215
2020-12-07,-0.006331111249238864,0.002887014121968104,-0.004457478192312203,0.0032239913036755394,-0.015699276533872188,-0.011826379509600055
2020-12-08,-0.008509251312462014,0.004846738201578412,0.003857413419882532,0.005321627853108173,-0.07034257497418472,-0.058987402078363206
2020-12-09,0.0050477883737789905,-0.0011709678318823212,-0.0013109599682037747,-0.0013958681967419471,0.03684153008369283,0.02236214998229713
2020-12-10,-0.0027555022079447694,-0.0055115807534503675,0.0022701353152969838,-0.005186859320280867,-0.027883689824153537,-0.016888544663687586
2020-12-11,-0.005015486830011589,0.0038668885511531385,-0.0006311025636279388,0.004441079785826053,-0.02693740816192984,-0.018257569219592353
2020-12-14,-0.007469388706415232,-0.004167094758231059,-0.008145776994257309,-0.00419213721025566,-0.004087447267204858,-0.0025748315160694585
2020-12-15,0.010243416045665706,0.00673542137074332,0.013028075826108423,0.00677640749360473,-0.0036798828565478784,-0.004833988411595407
2020-12-16,0.015932663669500725,0.002294434812782849,-0.0019742740185412846,0.0014772504172872833,0.10546735210971075,0.11433186360332687
2020-12-17,0.004602957119297243,0.007966561200076615,0.003545765096175484,0.0072984146543227475,0.009888917234906036,0.043900195738743486
2020-12-18,-0.003086308234674067,-0.0002838959221885013,-0.006734573557992462,-0.0002245608667424575,0.015155018381917906,0.013881318923244314
2020-12-21,-0.014051902479423702,-0.005380970483173067,-0.004551697841215667,-0.005149566063443317,-0.06155292567046387,-0.042350854951871894
2020-12-22,-0.005324024680353888,-0.007839302026104032,-0.0069722159834318675,-0.00824195757204742,0.0029169318350360084,-0.0022129604343753898
2020-12-23,-0.024543070887985165,0.0005458840643296272,0.0035064440262000695,0.0008348195520551579,-0.16479064545891137,-0.12321249361849371
2020-12-24,0.02339827714264954,0.0034932162093560654,0.001900491679158332,0.0033134582542833683,0.13088720446010557,0.09437213390439159
2020-12-28,0.0056473842666206996,-0.0001483682131717312,0.0013804239143614503,-0.0003518488780001579,0.02698218602791696,-0.0008916308738301654
2020-12-29,-0.003892681768889803,0.0007564285328141152,-0.00027374559495028965,0.0006622288259786497,-0.021987362638587374,-0.02609649547109803
2020-12-30,0.004463310351515674,0.003105472567477243,0.006938138872862037,0.0027869154154308144,-0.00791083225521614,0.020786102934058436
2020-12-31,0.004572586176718671,0.009985873231015468,0.007634029621792959,0.009905934032052945,-0.010734631048652776,0.010193657253081877
2021-01-04,-0.0038907547941801576,-0.004216362057238104,-0.013701064199660195,-0.004083394153331803,0.04516079223322002,0.0025374359103568864
2021-01-05,0.01812037653999204,0.0017535753049308172,0.012674408604811128,0.0010515996060902432,0.04535021621589661,0.03771073620106591
2021-01-06,0.04018247716107984,0.005656036979593392,0.013264430714510807,0.004241762871949422,0.17477270939392503,0.08704671967526545
2021-01-07,0.010143704534638191,0.007070044929390103,0.009679796812702828,0.006952287217542019,0.01246324314431502,0.05542868189981242
2021-01-08,0.0012208607118854048,0.001421062298163477,0.0028657693620504293,0.0005453255631357321,-0.007003682538939726,0.02411069037302689
2021-01-11,-0.021524225782496312,-0.003329732912113069,-8.806647741709244e-05,-0.0023876087091492643,-0.12870502230789244,-0.08388237080984401
2021-01-12,-0.000610989886097122,-0.006299966296533577,0.003012843574414888,-0.005695335784431043,-0.01873015718865717,-0.03875412297946553
2021-01-13,0.013803567861465402,-9.526215705548296e-06,8.70916577731952e-05,-0.0021789188585781454,0.0823859488799264,0.09117671738436953
2021-01-14,0.005860779073975743,0.002068966233824184,0.003088648294878565,0.0016267718334357785,0.01972143296946164,0.03800409645289524
2021-01-15,-0.01549532333694095,-0.001391257081524106,-0.010835450462099168,-0.0011433267094114188,-0.03879468771114989,-0.049217295001610775
2021-01-19,0.007634480717274239,0.007564379164576752,0.00728379663203324,0.008430753218351477,0.009387901143479227,-0.016768554029957906
2021-01-20,0.00566190192199096,0.014285592421243172,0.00797222209594991,0.015523339791290478,-0.00588969894780378,-0.013067816595743015
2021-01-21,-0.027791277934350513,-0.008135484516745825,-0.00735487307514049,-0.00715626019830513,-0.12997330223040066,-0.12442464507359896
2021-01-22,0.007759507727108151,-0.0004288197764335664,-0.0028008371292316974,-0.001346074827504614,0.060561232008807364,0.06308574482441248
2021-01-25,-0.0020777196750773348,0.005215147818815767,0.0019324605381932263,0.004709726612513435,-0.022128620741430138,-0.0018333373984277155
2021-01-26,-0.004617090510871492,-0.0017943554128654346,-0.005039220682649926,-0.002171015277345212,-0.002506439651979331,0.0043670746840040065
2021-01-27,-0.03390197079643124,-0.022580499201172013,-0.02581577840422142,-0.02217963270648564,-0.07433293275748028,-0.061023310524185845
2021-01-28,0.02451134472452825,0.007036226404210089,0.01064321496244822,0.005475791775277727,0.09385199353492835,0.09104792993371441
2021-01-29,-0.0076170751428229,-0.0072925820824481435,-0.014793783126670682,-0.008001156768807553,0.02826646477641599,0.0436236160208987
2021-02-01,0.010204431715737181,0.004043302737325516,0.008517686014717273,0.0036617220104779593,0.018638160220836718,0.018923900533045112
2021-02-02,0.0214035617840536,0.008944867646904867,0.01747388970615294,0.009054744306585698,0.04105192217355689,0.044148383241472806
2021-02-03,0.009427809957152509,-0.008062222022967724,0.0019027846101926735,-0.0083910545747039,0.0470529366919517,0.04897552846554661
2021-02-04,0.004677017929212064,0.002164050765429266,0.009138734300265726,0.0023132887781084736,-0.01763156392605623,-0.021071778698186536
2021-02-05,0.01929836944865081,0.013411614445919685,0.006317001689045663,0.013053473590895672,0.08420520824667656,0.052647971862880685
2021-02-08,0.02434997490930227,0.004172446793065995,0.013036997474039067,0.0039061082954448354,0.08091486208561834,0.16443407140090266
2021-02-09,0.008633479616969733,-0.0032301815914903367,-0.0027438667563593655,-0.0034722619326878084,0.06552021148361524,0.0446735695334743
2021-02-10,0.008348949512855612,-0.004233647583887359,0.0014557026145883103,-0.004059995573764253,0.04281518400419214,-0.017668209412263637
2021-02-11,0.012119537999230363,-0.003522346315163116,-0.0010303835566599063,-0.0037258072844931164,0.07786914577868172,0.11330874034176205
2021-02-12,0.012771234706878482,0.00402492875892855,0.004467629428637099,0.003926809366683256,0.05428926109808539,-0.011842975499112342
2021-02-16,8.878331594455724e-05,-0.010795824330713737,0.0005560289992204569,-0.0109028267243788,-0.0022474451004349414,0.02417569311391057
2021-02-17,0.009077872795865007,0.005079468671744023,0.002470031678470779,0.0048874702692327425,0.04211707838283616,0.04655730119604564
2021-02-18,-0.0044465121074210336,-0.002427420380407739,-0.005919355778125218,-0.0025320939491652343,0.0029177062460999047,0.004662482547191208
2021-02-19,0.009084852155601876,-0.009036362043252815,0.0011058595895655544,-0.009273198169820864,0.04897981498578349,0.08601191332057896
2021-02-22,-0.008683328312674087,-0.0024092677623085987,0.002141918707192052,-0.002311048427235978,-0.0628095634120048,-0.06755535768037604
2021-02-23,-0.026107713165073605,-0.005131274334905892,0.0002474703381477858,-0.004662278067948418,-0.1578836306811806,-0.12402047039235838
2021-02-24,0.018758703010906323,-0.001354301760075021,0.014576435503532905,-0.0015264631726373103,0.03967004054777338,0.03372947657329327
2021-02-25,-0.024130059591711498,-0.01013401990113793,-0.018364899811465808,-0.009984105811461294,-0.05295585849293988,-0.055357020395364095
2021-02-26,-0.010366431104046595,-0.016008870558288608,-0.012928311779984663,-0.015808697290775383,0.0024429722756437833,-0.012470727844034081
2021-03-01,0.027648109503017652,0.01294983001931968,0.019963326496913788,0.012894275958197402,0.06607202453353705,0.0842797870602522
2021-03-02,-0.004995095667853329,0.004249321962515359,-0.002791341663546041,0.00421180938180261,-0.016013865689389763,-0.024446996658934277
2021-03-03,-0.00033320893871828777,-0.012692587472941046,-0.00703708544492842,-0.01295936724406272,0.03318617359233237,0.04491726707162004
2021-03-04,-0.009153766461762134,-0.005407893178424148,-0.007899217627752662,-0.00552419082863837,-0.015426510631809486,-0.018819720355368934
2021-03-05,0.013226334721981791,0.016438497661003502,0.017580768996769726,0.01637973237994648,-0.008545836651957895,-0.00038465160738330615
2021-03-08,0.004461557087061157,-0.0042038374029303265,0.0018204582191550921,-0.0042804361216206305,0.017667051426591484,0.0212273894873859
2021-03-09,0.01325433870480936,0.007573334318493466,0.0073186245017265615,0.007688942090759353,0.04293290972022339,0.04010640836712675
2021-03-10,0.0034800257662523453,0.006479347012742643,0.009821255768227703,0.006422962170880086,-0.028226124243624442,0.007421083422612911
2021-03-11,0.004812708500153618,0.0015779392870794464,0.005296440739070051,0.0016734011551750158,0.0023940473055714564,0.023849452412188894
2021-03-12,0.0025552918773153036,0.0036794860699925374,0.007082392417840364,0.003681395751994494,-0.020080210825309995,-0.01328311821971778
2021-03-15,-0.0011713058424096998,0.01210620944291132,0.005841980012247008,0.011952395136700902,-0.03623773511569324,-0.04610173536213944
2021-03-16,0.007015489487125959,0.007245624914531806,-0.00020791992646234747,0.007307619039613298,0.04313253655506745,0.019505389354366246
2021-03-17,0.006925596336963363,-0.004910059963848705,0.0021785532396102385,-0.004980940472115901,0.03066081182372897,0.03758942359134032
2021-03-18,-0.015048507897716846,-0.007118446924801304,-0.013475213399477744,-0.007258408747612329,-0.02291498038891239,-0.01841404559749348
2021-03-19,-0.0007063611481626306,-0.0005262347275265312,-0.004686513277944682,-0.0004938662503848042,0.019194399500747632,0.025100318621798144
2021-03-22,-0.00010487066879600671,0.008602622412759425,0.005873122338467356,0.008655275069126288,-0.02999483570511283,-0.04917316551872636
2021-03-23,-0.005565115183487841,-0.0015450990133309978,-0.008100983457706074,-0.0014809816517562578,0.007114226187603334,0.0008789843816917302
2021-03-24,-0.013883901971090516,-0.006093680080170708,-0.0033054256888003205,-0.00624758778100567,-0.0667762833825415,-0.041364502724430784
2021-03-25,0.00575361294981287,0.0018812329954123715,0.007122806063378128,0.0018795784406882552,-0.0010923526180134256,-0.015292396732221542
2021-03-26,0.03094468102817686,0.017687331971984865,0.019635042704920395,0.01752562892351582,0.08749287264445914,0.08605718128188976
2021-03-29,0.0072085187609616285,0.009866682916025467,0.001102290935636236,0.009832822627248309,0.037739657887588596,0.03116101000566078
2021-03-30,-0.0005418116981099119,-0.009119776335128312,-0.003326924065019589,-0.009017144659504267,0.013383750136438468,0.019654509643694022
2021-03-31,0.010304119991946517,-0.0005969096981272072,-0.0009145486313490105,-0.0005994114201671217,0.06639746310842415,0.0775933521839037
2021-04-01,0.014672578757863939,0.0110721459989962,0.011919235422437927,0.011200800919037652,0.028439295434994006,-0.009064536664832624
2021-04-05,0.02308196696215761,0.010113830004256797,0.005203894475596236,0.010300045161374637,0.1124723293949645,0.029875797619591235
2021-04-06,0.0059664400990261214,0.0006490215241940498,0.000311781422257147,0.0007525689931279647,0.034239733482870995,-0.011945986036512117
2021-04-07,-0.013625912450554615,-0.0031486149003862635,-0.0009843279076349229,-0.00314253211533653,-0.07683383516515306,-0.04964220767496167
2021-04-08,0.010035511307399434,-0.002167930520223378,-0.00125898675424055,-0.0022092284922905084,0.06650800161559935,0.052741406104964854
2021-04-09,-0.0022646376081477187,0.002732448958265366,0.002570252431860107,0.0026486294100224513,-0.026439087808186844,-0.008659695449544607
2021-04-12,-0.00014566428523633758,0.0005696562208054676,-0.0004073299999306901,0.0005231615001029563,0.0011626642882354276,0.004202739590466327
2021-04-13,0.019726945162833902,0.004532304133669987,0.0017323719424837069,0.004499104298504386,0.10969981126458485,0.07517453901806861
2021-04-14,0.007179858177289758,-0.003416261183318527,0.003358111298976988,-0.0034301513107778737,0.02628859256885361,-0.00752236570149341
2021-04-15,0.018026410097255228,0.012679696388094021,0.009449393897939496,0.01270086173573799,0.060911491093833904,0.020062725835840053
2021-04-16,0.010810640530123872,0.004525715683380296,0.002841443813238727,0.0045229417672285055,0.050656624114549645,-0.027525428680966614
2021-04-19,-0.013429808386374406,-0.0034213995398135943,-0.003529347591823395,-0.0035279937589032875,-0.06293211235912946,-0.019935329480504412
2021-04-20,-0.0017194123355581932,0.004274547076295867,-0.008747199313497125,0.004231180920926479,0.03341952255413645,0.015818806019950435
2021-04-21,0.002052752340624871,0.005726632884791706,0.01074810100907438,0.005677095720502861,-0.04142399100162268,-0.04899446301553274
2021-04-22,-0.016198577187720494,-0.004566727599290676,-0.009628306971395238,-0.004480027551686766,-0.04904992826934679,-0.04869240748749645
2021-04-23,0.004644271415590371,0.002736557157483682,0.008856224632086745,0.0027072761676424496,-0.016415494666891482,-0.01192093862559911
2021-04-26,0.026003937241607527,-0.004796917015791233,0.0010310242022457843,-0.004919168983644553,0.15086850243841626,0.11788455444766686
2021-04-27,0.007995005006577838,-0.001182093765107772,0.0010263258205212857,-0.001318991702634336,0.0428384009368606,0.024545096160748073
2021-04-28,0.0006928192729146093,-0.0026840721241111476,0.0005173149641775312,-0.0027127043829137383,0.0015703408166000024,-0.006812020236791564
2021-04-29,0.005640496360681095,0.002924637656209686,0.008854898351562737,0.0030554046597257144,-0.010431513593727104,-0.01952608946744537
2021-04-30,0.007084977550949067,-0.001202830048816263,-0.006729647523317545,-0.0014250358583370731,0.07615810292228212,0.08195514436531393
2021-05-03,0.015444054543423343,0.011241274922098565,0.0074376449481444815,0.011015429939489887,0.05547610251981762,0.012838137419794948
2021-05-04,-0.0056484990072109996,-0.00540475547169232,-0.002314237599044821,-0.00533128147956466,-0.0223198060480419,-0.03723488526741354
2021-05-05,0.04372333086818183,0.005992959868917554,0.005992361499102265,0.005691361567323305,0.23237817771357977,0.10956094674028477
2021-05-06,0.022550097273660644,0.009550582967733385,0.008050152328450045,0.009781460117253976,0.09504982199971372,0.020831977312515307
2021-05-07,0.0018000016406711857,0.00453187150629655,0.00963665939255605,0.004504736485738618,-0.03738328711875315,0.0034677757912977805
2021-05-10,-0.014161891036241459,0.0024426610927725375,-0.0043271232369361135,0.0024723355425803994,-0.06333573003276818,-0.04936701558112862
2021-05-11,0.01282629538990297,-0.005060014595250799,-0.009261384465219461,-0.005038290185621611,0.12326469466551512,0.02551278461889386
2021-05-12,-0.0431285166313494,-0.012672993719013599,-0.015936792590103527,-0.012373482934632266,-0.17908713683757876,-0.14268970150550034
2021-05-13,0.01742943796387151,0.011804662338546693,0.008494958615479206,0.011745741413070358,0.062101834705833046,0.017153257960932214
2021-05-14,0.02061759877097845,0.006366087003755119,0.013989839118725322,0.006508387093058617,0.05375639703224409,0.023601274280830656
2021-05-17,-0.00844274429178517,0.0027866583797092363,0.0031098894478385746,0.002968209819540044,-0.0662059129899039,-0.05886212982223075
2021-05-18,-0.004358603510738576,-0.0034535529673892116,-0.008646340971441622,-0.003287521171591448,0.01708008379277666,-0.0080905540521333
2021-05-19,-0.05502496853780313,-3.838391803962943e-05,-0.00535526478265715,0.0007283460354099668,-0.30337348731353303,-0.1724644056611768
2021-05-20,0.0316634356068711,0.010675050691390698,0.008595708763838073,0.010457715913008488,0.14700206982203626,0.11522944099770259
2021-05-21,-0.021497824737603272,-0.00393637203268098,0.0023746797752530247,-0.0036771650505934847,-0.1408603473018848,-0.09510386284915157
2021-05-24,0.047287331314570705,0.0014956370669570328,0.006160084121522578,0.0011525748714594196,0.25292356727981136,0.1515798710899547
2021-05-25,-0.0040971051605681996,-0.005779048889734493,-0.005482264863134029,-0.00572683081274253,0.002828693352260959,-0.00023182418166906363
2021-05-26,0.014872081029443266,0.0020592915150068397,0.0037127526757294287,0.002050308435722168,0.07066872279801245,0.02862708929602181
2021-05-27,-0.0039597014424025585,-0.0031515830024398802,0.002493264197657327,-0.0030534732066613782,-0.03622452964270197,-0.02944176420746719
2021-05-28,-0.011492925379301373,0.002095621300528713,0.002936812078919124,0.0023463813560769286,-0.08364161267040388,-0.07462470299451511
2021-06-01,0.0019320991050394564,-0.006426203666191559,0.006155867931106327,-0.006333225779976083,-0.019186745025294893,-0.01931100728716511
2021-06-02,0.005887695082374623,-0.0015711673564877834,0.003927973385446997,-0.0016975474193951005,0.015686303567012755,0.02450440568017971
2021-06-03,0.006975701709594551,0.0021955768731241835,0.0015356426218946573,0.0021514497559751112,0.03417599714809401,0.044467749109870426
2021-06-04,-0.006163965303206658,0.008047599305701937,0.00663026846810969,0.008120534296673953,-0.07013513415978842,-0.059100406476321476
2021-06-07,-0.015368342643534445,-0.0014053948453316579,-0.001919024263638152,-0.0013843069156337885,-0.08261493454301594,-0.06250262895083315
2021-06-08,-0.002371154567070977,-0.0060144299236449365,-0.0026256523440645048,-0.005962531263571175,-0.0010986656821033386,-0.005131100490420327
2021-06-09,0.007302707257698665,0.002544022154460672,-0.0026214941868457227,0.002544834487439019,0.05692371448042061,0.10654954054184305
2021-06-10,-0.004799715458690142,0.008542927820825065,0.0035983856432469483,0.00853169096720641,-0.046790220968375595,-0.021345546337037648
2021-06-11,-0.00592956646844019,-0.0009965602829236893,-0.00019304660451298535,-0.000950415139413849,-0.034612165788076216,0.009891515251776443
2021-06-14,0.0007492351693836742,-0.0003559065523144095,-0.0015218262616063984,-0.00033894374431330595,0.012104542324334043,0.02668162792007116
2021-06-15,0.0008401618357091981,-0.00618723104940986,-0.0014924320060200648,-0.00627490677241931,0.012503131044355522,0.007148764445132301
2021-06-16,-0.01824447264472362,-0.010455691315420061,-0.00794295372627938,-0.01047955494123793,-0.06975206723694478,-0.05559735984786397
2021-06-17,-0.005570700136612286,-0.006370462066116932,-0.008628992318018565,-0.006332912769701024,0.009720760770419102,-0.006448098887026775
2021-06-18,-0.02218297042893264,-0.010211711022589767,-0.015075440337741249,-0.010194221119190248,-0.057720620884889655,-0.05943193920373274
2021-06-21,-0.017547477815348336,0.01129709035209833,0.016981836922855053,0.011267243952942733,-0.19019405150636529,-0.11866838663104955
2021-06-22,-0.004652135019746893,-0.0005304083943566182,0.0013849084679286628,-0.0005181231042803478,-0.034837352458124686,0.021244463953566148
2021-06-23,0.011425151616436102,-0.0074551302285334785,-0.003409218992398384,-0.007492718396037178,0.08559700466060852,0.04114117010955497
2021-06-24,0.016931027913349446,0.005157745952548876,0.008045844887354254,0.005121095539432287,0.06135694304332537,0.02529032592619153
2021-06-25,-0.006932437710560353,0.007873310209558672,0.007796049512859092,0.00793715665238776,-0.08057487382765757,-0.08735325896243777
2021-06-28,0.0017426400271460015,0.0037085033522132834,-0.001687111721288643,0.0037481505342376485,0.018891398769319227,-0.00012540594162307423
2021-06-29,0.01241448198330789,-0.00022551409182677948,-0.00041512416175831345,-0.00022506354563323945,0.07656251270863891,0.04185180792453954
2021-06-30,0.005368765226058121,0.005572010079075665,0.004396661504242164,0.005562097904759724,0.010229283835137904,-0.014696657873990037
2021-07-01,-0.0033192767515803833,0.002666105789217655,0.006588444236266209,0.0026640861714759233,-0.05285788169081334,-0.045210477420135606
2021-07-02,0.004263327713458632,0.0050321252123681735,0.003787028865862499,0.005016600222208632,0.006644821951439307,0.009632443281482371
2021-07-06,-0.004212575069847086,-0.002571646992974668,-0.008689862235726455,-0.0025775507862261355,0.018173860759549767,0.01450324356848061
2021-07-07,-0.002181279266246696,0.0031543966924706397,9.602564581949089e-05,0.0031830918332726005,-0.01356780382657763,-0.01112310757496954
2021-07-08,-0.01410093136860779,-0.006721224902078977,-0.006922522612545072,-0.006659354723338344,-0.04999297514892138,-0.02892830042633115
2021-07-09,0.015525252970304144,0.006108253494497568,0.012116703153243312,0.005970900638894764,0.03256800205560832,0.02798551306114142
2021-07-12,6.666012125694444e-06,0.000555629783331667,0.004299687110597881,0.0006845972193359088,-0.021458439480235236,-0.031604878379458946
2021-07-13,-0.009426809800300114,0.00031798537781123316,-0.004766188522257001,0.00043079512860554194,-0.0327299161905157,-0.01369662619690815
2021-07-14,-0.0002584936544460199,0.002949578374116412,-0.0013789228043061602,0.002920628480697783,0.005343652094854679,0.003672625082816208
2021-07-15,-0.006653536534465437,0.0011033769189192951,-0.0012527313665276262,0.0011597108035925217,-0.033657562374154494,-0.031751799880482025
2021-07-16,-0.011967131418521898,-0.0012227607925754773,-0.0094583508671908,-0.0011294022604663688,-0.02451103417517737,-0.011299438226942777
2021-07-19,-0.022459570395439412,-0.011171940766229311,-0.017265279227803593,-0.01115223963252283,-0.048431026233618495,-0.03084738182434366
2021-07-20,0.0028586259219501348,0.003770675217854797,0.011365506267585474,0.0038548414406482452,-0.039675775806226554,-0.03283919738701485
2021-07-21,0.022601742030328036,-0.0011764494070424733,0.01031280545381726,-0.0014138736053920463,0.08404642491288189,0.07727313756079039
2021-07-22,0.004775657305063478,0.0008494571563609955,-0.0012903191319496312,0.0009104651491187868,0.035105539490129026,0.006395633394741863
2021-07-23,0.009348842887017785,0.00876036654780421,0.005172454986152822,0.008668546304237893,0.030230782391342626,0.03922517548959383
2021-07-26,0.008748477236540465,0.00013675827065020912,0.005689444061937252,-1.4759344833968579e-05,0.024043643109556537,0.056149938531968015
2021-07-27,0.002717867987850973,-0.0025550841417568758,-0.002067414333794766,-0.002697821850211847,0.026644279596079668,0.055353597613424094
2021-07-28,0.006353804842844131,0.0022295084288865533,0.0024506105914112656,0.002261906002635227,0.02586977610000846,0.015257108297971006
2021-07-29,0.00834840788571078,6.2857751671064715e-06,0.0063301812971962015,4.088109240925866e-06,0.018439540828283675,0.0003997505658951204
2021-07-30,0.00028231737218043694,-0.0024812379879346376,-0.005476928437086001,-0.0025592762291822605,0.02907854641851262,0.05552494388920645
2021-08-02,-0.0004144954999887855,-0.0021613514119720495,-0.0025946151195928874,-0.002079925625972313,0.010486102598031722,-0.019229720791603327
2021-08-03,0.002898455473873931,0.0003355088498237756,0.0065559375586991524,0.0004550005281907526,-0.015388954950252165,-0.028543923157015698
2021-08-04,-0.0006855822474707836,-0.01059831794061607,-0.007995184894552277,-0.010173882342304734,0.0358624309879367,0.04932125813507075
2021-08-05,0.006763876655075017,0.0016576381712707189,0.004858409186381644,0.001904580535392714,0.0162912139985419,0.03001628726906269
2021-08-06,0.0065574618304001945,-0.0036621884974971128,0.0033861593133184616,-0.003483325013234566,0.022413974415808856,0.04309180923903764
2021-08-09,0.006843418909327442,-0.001049293017637508,-0.0025151353318879433,-0.0011300621692991784,0.053636190115404374,0.056620018950946406
2021-08-10,0.008391531950525912,0.003200402147478884,0.00622520196822989,0.0028309863310708614,0.019223181862006014,-0.014704383238241747
2021-08-11,0.01764108417771884,0.006065732820799556,0.008553749273534141,0.0062422580090191835,0.06307775869864235,0.0049554484340432
2021-08-12,-0.002135655200135237,0.0029284487980341437,0.0018025545333928798,0.0030782146837329528,-0.02182670386777582,-0.026479834912676734
2021-08-13,0.017674559383084754,0.0038459885157516526,0.0011371561711445756,0.003834221010414875,0.10036157544278566,0.07783919200097662
2021-08-16,-0.008433254654068604,0.006654362435154027,-0.0013067599761297922,0.0063717022262954805,-0.04406572804376267,-0.026375858844299487
2021-08-17,-0.015290825753124777,0.004194680647908898,-0.00534792781736097,0.003949754544088008,-0.06500531543194384,-0.0316717177553919
2021-08-18,-0.008506412839214213,-0.013447945543162516,-0.012821725418145535,-0.013127304872413809,0.0130701500554424,0.002113750552545259
2021-08-19,0.00647030888363628,0.00118412587012351,-0.004620087357378641,0.001467291498842648,0.061922290088710884,0.04443787735623188
2021-08-20,0.01088140538275446,0.0032514822016163213,0.005321036088544203,0.0035430775505133297,0.038683251853805764,0.051639466523617526
2021-08-23,0.012042506748717808,0.0036017749171321253,0.01027523578460937,0.003207386190874006,0.02087886156926002,0.00798408608732113
2021-08-24,-0.00947256705076925,-0.003981065231581373,0.0021334034039965652,-0.003953041563322412,-0.06750241932459834,-0.03893558493813381
2021-08-25,0.003871308138151617,-0.005226845844210185,0.00029726073591912483,-0.005118989022722778,0.02174154514931408,0.02502157120823591
2021-08-26,-0.016122481497608716,-0.004889264249161547,-0.007054964671320488,-0.004875361903078038,-0.06146006562904986,-0.041103981491636465
2021-08-27,0.02151123226674198,0.003799537972539831,0.011274058695481978,0.0037681879418159257,0.07269710012304198,0.04713965715274242
2021-08-30,-0.006425248361791524,0.002984729087972901,-0.0008556941413459171,0.0032145697889598705,-0.03427301946401956,-0.030649101936294304
2021-08-31,0.005361457888820467,0.005166539270811869,-0.000351542824984785,0.0049001888445237615,0.03392646145784673,0.012840213139653741
2021-09-01,0.007531067699489176,-0.0027857981477757148,-0.002052550198318417,-0.0019043968088807448,0.055449157188527144,0.04906741454661802
2021-09-02,0.007735529282360307,0.005188031773535409,0.00692413419262577,0.005111756735157382,0.011792504731032993,0.008195015319576894
2021-09-03,0.0048668359169259205,0.0003177905058937266,-0.003473960978767832,0.00034247392952293127,0.04657082039539469,0.018214450135929
2021-09-07,-0.036280959812934784,-0.01556541593507824,-0.010009097258011457,-0.015360600147450307,-0.16764027258755143,-0.1161617309050395
2021-09-08,-0.0015716560248669772,0.0029171025311386127,-0.001972143961338453,0.002881880666211705,0.00043078365749039645,-0.005367418126605027
2021-09-09,-0.004756211936891716,-0.012818429475730938,-0.006242056306770116,-0.012830562540434486,0.002673009912500279,0.002154591664299981
2021-09-10,-0.010110524390361905,-0.002459534537441685,-0.0037122719779800507,-0.002400730704282278,-0.042101786452271174,-0.03690565252092842
2021-09-13,-0.002580416306756819,-0.00042579776483710587,0.005540850199334926,-0.0004467390441975301,-0.043186748837215544,-0.02781091432850996
2021-09-14,-0.001432419515868749,-0.005762810923189815,-0.009594622715975658,-0.0058561146847743465,0.03937859648466578,0.05017201955845162
2021-09-15,0.012875051537632583,0.0021913796382611673,0.008697701909292489,0.002071300094979469,0.033761799679333064,0.0279154387554611
2021-09-16,-0.007803687345412979,-0.007022315364373873,-0.004843745212585662,-0.00701302480434736,-0.02260339800954957,-0.010123946220087774
2021-09-17,-0.014286215712741263,-0.006762726744533721,-0.01150139410424331,-0.006732810716765508,-0.02821032375523107,-0.020201052535432126
2021-09-20,-0.03329331545513272,-0.012218730969957944,-0.017107007363820304,-0.012174880318900102,-0.11422485591169482,-0.09751905860060887
2021-09-21,-0.010663478479630055,-0.002520205401885625,-0.0021089054322317364,-0.0024998048541147156,-0.053436343716621634,-0.05178283721356053
2021-09-22,0.02564758130751815,-0.00137670013342262,0.008905878341474216,-0.0014344692818764526,0.10935609613773782,0.07956285258907202
2021-09-23,0.012260223908901548,0.004189722038635235,0.011459114793696434,0.004207283636545114,0.01626576948492713,0.028411699559790657
2021-09-24,-0.012367511550657524,-0.0018069804112320633,-0.002344335646622537,-0.0016806638165694698,-0.062483391070832464,-0.050732344631389974
2021-09-27,-0.0024383260660474325,-0.0033575747658019456,0.00328948149457919,-0.0032922808366580743,-0.031077363869180544,-0.02539772231255764
2021-09-28,-0.014791132484124891,-0.0033721863601718464,-0.011152180037691915,-0.0033119809494024156,-0.03298589471628974,-0.031008879540126762
2021-09-29,0.00746668734471468,0.008754683791025732,0.003919694130095626,0.00878009275367831,0.025201653417809958,0.014328300635918612
2021-09-30,-0.0017850033793431167,-0.004379194229434262,-0.01011277736990756,-0.00426937032580731,0.03985386657347911,0.05277372029219851
2021-10-01,0.024591481632230423,0.006648347504065548,0.012342170182835965,0.006503544034009136,0.08583803887920276,0.0976277558497551
2021-10-04,-0.004760865119006867,-0.0008110782365903472,-0.002745104393907883,-0.000889922186461888,-0.0148396687445018,0.013181145006390966
2021-10-05,0.011263409404533145,0.0020248910819072744,0.005693677902995397,0.0020828794734079155,0.03911206691222192,0.04704001658412561
2021-10-06,0.005299640659841376,0.0009020376513715174,0.001097153300396221,0.0010491544643204797,0.026312077457067155,0.0632643666139542
2021-10-07,0.0056381560180195425,0.008661098149508741,0.008043666617446347,0.00854085586222681,-0.00638939697911447,-0.022531041710599872
2021-10-08,-0.0023150848948262984,-0.0019001605664084628,-0.0008405341466329578,-0.002054942803712201,-0.00968783863579299,0.0020933000257412023
2021-10-11,-0.004783810819609661,-0.008416065547153507,-0.008973806475380097,-0.008599889886448322,0.01616616745924252,0.04553711027292438
2021-10-12,-0.004723113417267521,-0.0016294424900434527,-0.0007657505468342872,-0.001444888833007227,-0.024509927769433698,-0.023271336319695964
2021-10-13,0.008046235807029636,0.0045487176078043545,0.0032749128553063644,0.004599410498446328,0.03190285056564601,0.02560993057461296
2021-10-14,0.012013720336223652,0.011599316695042347,0.012783921551769491,0.01164657225929395,0.008162714258494453,0.006376292136407627
2021-10-15,0.007506264442978245,-0.0014665527877147687,0.0047869773089702266,-0.0014682019348179547,0.021102700113018336,0.06420019642154315
2021-10-18,-0.0006564281322926666,-0.00657483307338837,0.00027362495568025177,-0.006452431155584812,-0.005306693572157262,0.002088413863766162
2021-10-19,0.010334411223166513,0.011530238696236383,0.009805851901735373,0.011617531066955653,0.01297720783032219,0.03545178153688203
2021-10-20,0.0159194670217044,0.010365037290730256,0.008858487613223512,0.010429831038623393,0.051224364064108824,0.033841564812991845
2021-10-21,-0.005106919703657936,0.005414228165934308,0.0007577563531104435,0.005383124169049268,-0.034430299987499836,-0.05149172577214333
2021-10-22,-0.0005606793506842654,0.0038614581929693388,0.0012181275672072393,0.0038535901555092488,-0.009454713940141793,-0.022982810189178506
2021-10-25,0.00820131279086554,0.0030767035093121607,0.0061577379699742085,0.0030208485386154205,0.018419186895322202,0.03356292421748482
2021-10-26,0.002038046120345053,0.003437810123777535,0.005035039278010809,0.0033912200971344102,-0.012946919667983727,-0.037581959538771165
2021-10-27,-0.02865986108789276,-0.009081785675922063,-0.016021570019775676,-0.009003262535141849,-0.09185131642847817,-0.03612542990913012
2021-10-28,0.016269624424211405,0.006629205135463566,0.008177747360443858,0.006467066563482563,0.056729009743049105,0.04549837682182439
2021-10-29,0.002378028928441149,-0.001235981354597093,-0.0029640878507516404,-0.0012988890973466413,0.029088612824405093,0.02749321172887801
2021-11-01,0.005496539455518862,0.003869421509338244,0.007461175731891202,0.003817133237524219,-0.004326641926342823,-0.0031424215392971007
2021-11-02,0.009294275797061708,0.003922757519476276,0.004540063787491219,0.0038786324842328486,0.03306533584491416,0.04157462422445541
2021-11-03,0.006961779327564759,0.005806165251935718,0.005006007983429447,0.005922486217633727,0.01674063604824131,-0.0031071215330231894
2021-11-04,-0.0004541795884501544,0.0025763417364312174,0.004566805541999333,0.0027332594995307423,-0.025559105240697582,-0.022649745914855912
2021-11-05,0.0018977906685878796,-0.007065014167501431,0.0043175481299794465,-0.007028377415549774,-0.010200996638369953,-0.005883529550012465
2021-11-08,0.013160514517736175,-0.004208033863241036,0.0037433371955652994,-0.0042899560094994335,0.060246401128590546,0.06224715513946382
2021-11-09,0.009076821272139915,0.0026847582556766224,-0.0007145187867039059,0.0027119251320247427,0.05803352156635903,-0.007720722808733402
2021-11-10,-0.014626270437855951,0.004089874463800475,-0.007127343452293768,0.003965990947154486,-0.052120905365666895,-0.029829373370183217
2021-11-11,0.0028182639518571835,0.0011913096751323936,0.0010659591267172443,0.0011240814168380724,0.011579788077556885,0.0036723475411405003
2021-11-12,-0.0017091093745052724,0.0020609154629413315,0.002158136556547572,0.0021106453439651684,-0.0210453390297695,-0.012422842129737235
2021-11-15,-0.0031997942733268006,-0.005571957629185424,-0.0008570796974349084,-0.0055973871646731975,-0.014913367152786261,-0.023057113706125447
2021-11-16,-0.014269076752689023,-0.004287642092223549,-4.381857837486576e-05,-0.004214446258230965,-0.08539536762425981,-0.05952729916599413
2021-11-17,-0.004503910391576135,-0.0028638723153305338,-0.006410498431443284,-0.002866315814518009,0.005029029807759611,0.006104657419212463
2021-11-18,-0.012178625840402222,-0.004398933003782231,-0.0012952494090488886,-0.004359688999020704,-0.0665955079971689,-0.06015283291420291
2021-11-19,0.0016083130038162285,-0.005965650318732196,-0.00810801196367364,-0.005916684662907995,0.050189937841265554,0.029792383663630854
2021-11-22,-0.004325466852728889,-0.003382326250052103,0.0021290502357046793,-0.0035780556797598974,-0.03659805229489672,-0.04196485201482148
2021-11-23,0.010080833081749263,0.005887890612970603,0.0076140353899424845,0.005790902899351132,0.02241482154078316,0.028287998197208616
2021-11-24,-0.0028379924818224857,-0.002746006515600893,0.0015933253638177264,-0.002679447182347738,-0.02499458171002355,-0.022441374155084178
2021-11-26,-0.02933847670788177,-0.00995918272552687,-0.021907080259714443,-0.009815260596386436,-0.06649545894871833,-0.06355875404306147
2021-11-29,0.008916650891831268,7.215993397608981e-05,0.007100239839562273,0.00023568926758798202,0.01799870615317625,0.014028147639221519
2021-11-30,-0.018449366912494745,-0.019997796636595695,-0.0227366521971692,-0.01999398579325388,0.002987059510877521,-0.004492172297013986
2021-12-01,-0.011750985011291236,-0.011394150070121099,-0.013137975243081343,-0.011471641865033268,-0.004816033852340695,0.0017658862077016173
2021-12-02,0.018424546320772138,0.012300863198629716,0.021514026022957152,0.01050594400493852,0.0029771478098470127,-0.01353124180451434
2021-12-03,-0.00989665005268462,0.010341882468027384,-0.0009151530011433481,0.011954966335785211,-0.054804135310390995,-0.05254858846995712
2021-12-06,0.017967098671794034,0.011461004072492441,0.013552429844853974,0.011008882152174528,0.040040442806494346,0.026171197252431305
2021-12-07,0.011524713550818215,0.0037843069091344156,0.014952137327276693,0.0026380319824128888,-0.005612405331474191,0.000885908100692897
2021-12-08,0.005738811185586796,0.0017974212455066799,-0.0005769049565259765,0.0021236282138717213,0.03731739189615066,-5.164478081852076e-05
2021-12-09,-0.017306547344091625,-0.0022315809188021497,-0.00681983318171246,-0.0015440758185960312,-0.06974011815598742,-0.05793657223410305
2021-12-10,-0.0017509506946767062,0.00630639797718797,0.005428423454781844,0.005937206802862177,-0.03764782144196946,-0.013917251443753147
2021-12-13,-0.018475000626454328,0.006888141395590333,-0.006038152907783945,0.007189015251326113,-0.08065923921980625,-0.06913602793742238
2021-12-14,0.00037317725438743173,-0.00022949005038706775,-0.001934503618555359,0.0011803198922591348,0.011911581619101387,-0.0035531087271067617
2021-12-15,0.015336483030759827,0.009416383228835354,0.008657972774681649,0.00887009107633004,0.04872903431115065,0.051779579683391516
2021-12-16,-0.0014557751549373475,0.0144878828221456,0.004803852555990488,0.016493130967282537,-0.03275391370957652,-0.023870614497150906
2021-12-17,-0.014493090540587996,-0.007757737067364084,-0.012437317144134917,-0.007487581725966744,-0.024771957522853383,-0.02956364732243404
2021-12-20,-0.0063223493344874565,0.0004745083418250706,-0.008131606148534016,0.0013673640107044341,0.0027239347357453153,0.003611674015329356
2021-12-21,0.017718322151441347,0.0027120826792545513,0.01462265780225411,0.0023132462445895124,0.03319664389737751,0.04131554955066698
2021-12-22,0.005884459350951685,0.004763212305175322,0.0059381861769704,0.004397531747884708,0.005615825220858107,-0.006667850679873453
2021-12-23,0.012980871774251777,0.004055876968880595,0.005000741890955203,0.004163867205705639,0.052881521190734665,0.042856949252541125
2021-12-27,0.011695336888605877,0.008618838379127587,0.01264332388442449,0.008361955487465465,0.006955401909512827,-0.00379281863234861
2021-12-28,-0.009558348712256833,0.00339565223820499,0.001782330226257714,0.0033641400511267862,-0.06626174340482957,-0.06006788700613519
2021-12-29,-0.004461703030257021,0.0033233389088183573,0.0003804504800486441,0.0033354438156800313,-0.02867247058178535,-0.026521511238592536
2021-12-30,0.0015601369410051648,0.0017324475211197032,-0.0015226750242771365,0.0019410854616130257,0.016974196767416672,0.016689777128034017
2021-12-31,-0.0034643943065615673,-0.002127225767869366,-0.0011037789850730853,-0.0024612544475714187,-0.015267470914003978,-0.017304516000954725
2022-01-03,0.003123160162046699,-0.001818753046729803,0.007893532580496583,-0.0011606127509141565,-0.020728701930202716,-0.01862841246042295
2022-01-04,0.00494542447656564,-0.0003386137860055267,0.008287326862424097,-0.0005082575763047099,-0.011764087452726647,-0.008394753333596246
2022-01-05,-0.01852054166494927,-0.005817922448372742,-0.009811024567845612,-0.005783643281604119,-0.06206812715046752,-0.053950187394697535
2022-01-06,0.00035154698139848727,-0.007126123457473889,0.0005963769310551337,-0.007468374000823317,-0.0008726027668847446,-0.013842527259551077
2022-01-07,-0.00557318587873274,0.0024566744204415347,0.0013930725716407816,0.002470620617681869,-0.040404478130600344,-0.042496460667006006
2022-01-10,-0.010468008645634557,-0.008560499508434787,-0.006524926800297903,-0.008704541269566159,-0.03018341787231781,-0.008563952381116615
2022-01-11,0.014117589837793544,0.004883180302708161,0.010108670902059979,0.005067296526460011,0.03416218451646136,0.026811585016176594
2022-01-12,0.011324891190994087,0.004786666887522444,0.0028088568181742126,0.004875615160791463,0.05390506305509349,0.03202834056070621
2022-01-13,-0.009911573013603523,-0.0033622211591615337,-0.005023576980461089,-0.0033903435435775485,-0.034351553179315694,-0.0315998459362848
2022-01-14,0.0058304964101681175,-0.0033141955601821557,0.0018072024404420658,-0.003376347604365166,0.025946966258798363,0.013790081963913832
2022-01-18,-0.01153302363533437,-0.004410454882687802,-0.010761970773172893,-0.0044722592667999685,-0.015388287946141763,-0.002626086486896393
2022-01-19,-0.010489090579142497,0.005069928078884824,-0.0067844203426378705,0.005459459457821962,-0.029012441761665654,-0.014239201184575969
2022-01-20,-0.016972195148548957,-0.009164645478047436,-0.011862060931541647,-0.009171794989002866,-0.04252286623358551,-0.026157730840421133
2022-01-21,-0.03006122398201549,-0.0050024665393054776,-0.012930960558085396,-0.004926006546654445,-0.11571254110166601,-0.11127293483627688
2022-01-24,-0.0028541466834678063,-0.000702026089268385,0.0023074557928835946,-0.0006532728918048269,-0.028662159065224815,-0.0016742975503753052
2022-01-25,-0.0027430716109983658,-0.007771800980175516,-0.0033894377559069424,-0.008167043153884286,0.0004887591135445127,0.008339611010045524
2022-01-26,-0.006530534848476083,-0.014571269818422558,-0.008848441165001992,-0.014589179775481853,0.005058996734153465,-0.0007429859110267874
2022-01-27,-0.004293893754328958,-0.0008037868707833065,-0.0034117832324707786,-0.0007787798237386738,-0.008704446363619856,0.0028507681294106936
2022-01-28,0.018309617859772698,0.015586067998897972,0.0168862597049742,0.015403040292348787,0.025426408633765198,0.023561709906559467
2022-01-31,0.014107319571363013,0.010107114547312971,0.014021638256743595,0.010227183296053195,0.014535726144460118,0.017452859605969668
2022-02-01,0.012964162723813273,0.0016814067769024311,0.010950258432124882,0.0014225671931951927,0.023033684182255224,0.012708476550106006
2022-02-02,0.0017817301239004546,0.009561380957204864,0.009991702955684328,0.009579643944191493,-0.0392681340350189,-0.04564620406697858
2022-02-03,-0.00535646553699757,-0.004172079806356562,-0.00951382855415483,-0.004526871704259047,0.015430349548788727,0.0049126533925677104
2022-02-04,0.013733646897065195,-0.00503459502055708,-0.000965093450563159,-0.0049776976910460395,0.08722734863520698,0.11671150673477818
2022-02-07,0.013688791888446364,0.0018473705443583142,0.0023266470700742488,0.001352752901620991,0.07049951598030699,0.033199236290716534
2022-02-08,0.002937165988081728,0.0025341391145174896,0.004025120961881327,0.002567164323084553,-0.0025026088809162687,0.005337490013541847
2022-02-09,0.013799729865727304,0.0038599925333999427,0.012606793313618199,0.004842299697496403,0.019764412626272824,0.007573569620449373
2022-02-10,-0.018483629148971895,-0.017266676614206118,-0.016922118858680182,-0.01793491576888127,-0.026291180600430487,-0.020038380305758694
2022-02-11,-0.01848541179562176,-0.003057947609231339,-0.010206802133622505,-0.004052277531343417,-0.059878460105618043,-0.028328589947834232
2022-02-14,-0.006096454332451164,-0.005438415031921578,-0.00634100905569615,-0.005356637991686317,-0.004873680716226226,0.009873733647707248
2022-02-15,0.017944771341906928,0.0038338391245248855,0.010470141652055797,0.003863119140266303,0.055317919791162566,0.04965501602243486
2022-02-16,-0.002943942595038024,-0.0012925942006099499,-0.0004521061122067472,-0.001251819417265667,-0.015403125009194408,-0.013967175964733696
2022-02-17,-0.025669044392356868,-0.00462596698763449,-0.015235853249305863,-0.0056462009346170475,-0.07783500010761192,-0.07795205153813214
2022-02-18,-0.008308974284683527,-0.005163263843609453,-0.008409016441980765,-0.005421695427862379,-0.007808763498197357,-0.014155911715977375
2022-02-22,0.001014526227730404,-0.004386138052075351,-0.006636163123505222,-0.004336245972590213,0.039267972983908536,0.032082615766431136
2022-02-23,-0.013019673685019417,-0.0046222133034630915,-0.011444759515712766,-0.005789384985442666,-0.020894244531552655,-0.025263107509695314
2022-02-24,0.005844886592826034,0.00014311717243083215,0.0066461620133129295,0.001899463292078151,0.0018385094903915378,0.02580565553156155
2022-02-25,0.028299068288828364,0.022911394741126835,0.025427521482620955,0.022780817599890545,0.04265680231986539,0.026265914814481862
2022-02-28,0.014981012301147336,-0.008120944850559515,-0.002195598379704531,-0.00793053478517799,0.10086406570540668,0.14286836402930886
2022-03-01,-0.010226922298809879,-0.0036638182928284122,-0.012896231197349315,-0.0042576097902883555,0.0031196221938872945,0.026201676441668056
2022-03-02,0.013323609703012582,0.01326772962321503,0.01978061939202785,0.01283897434336281,-0.018961438742063776,-0.009363584837085553
2022-03-03,-0.00394344589877251,0.006581075230935186,-0.0008418490610408492,0.006799095456741318,-0.01945143008743081,-0.033634139759195006
2022-03-04,-0.010092048189367153,0.006844143003533386,0.0018169686926337776,0.007650723489653077,-0.0696371325993718,-0.07306562474634591
2022-03-07,-0.017769087077544526,-0.008026767953025739,-0.01776749892036473,-0.0067877351903231605,-0.01777702786344355,-0.010962536643725098
2022-03-08,-0.0005181088985887557,-0.013352309388660303,-0.004451663647359792,-0.014075151472029835,0.019149664845266434,0.021411213155659244
2022-03-09,0.022753857325534487,0.0075673163984167225,0.015019626125899077,0.007031224783979014,0.06142501332371159,0.07199784689685627
2022-03-10,-0.00828375011728297,-0.0010273529827909448,-0.0008810613935192386,-0.0009657044549008483,-0.04529719373610162,-0.053590016659724383
2022-03-11,-0.005725738540850365,-0.007775267997811892,-0.008321164119682886,-0.007228447632151324,0.00725138935331222,-0.014413744989340595
2022-03-14,-0.003629062472281809,-0.006565819346989059,-0.009521426509802988,-0.006906650773550291,0.025832757715324072,0.04135440841757915
2022-03-15,0.008665417098065816,0.010851854121246854,0.009821014009503299,0.010654793702350146,0.002887432540878421,-0.0036273430758322405
2022-03-16,0.020116243438739852,0.008641985661975436,0.01583014592972459,0.0074977033050772956,0.041546730983816206,0.044315688566549966
2022-03-17,0.011785017412108271,0.011824357619610882,0.014569366617528792,0.011668789861762573,-0.0021367286149943324,-0.001360654944789731
2022-03-18,0.007895695606537634,0.0028032543102450487,0.004900691902451894,0.002669996663944203,0.022870714126966354,0.02437954852956498
2022-03-21,0.0070109715696001045,0.0012312609834421485,0.003616403556229848,0.001623721307469054,0.023983811636451396,-0.00031653332601524434
2022-03-22,0.015103216163539688,0.004499993085025581,0.0055469342443239394,0.004355987595612885,0.06288462575961844,0.02983559687288787
2022-03-23,-0.006049250070386994,-0.008441361202486376,-0.009675333619606638,-0.00783085726047979,0.012081167675711223,0.01394446850352255
2022-03-24,0.013068632416285836,0.006650481127812972,0.010775713212324891,0.006237471830609771,0.02453322843609056,0.024420607751516853
2022-03-25,0.005595401879406858,0.008430584548278993,0.009012400337871582,0.008189395684859853,-0.011489590412916785,0.004765212466940589
2022-03-28,0.0014474188611262042,0.007504363067381512,0.0008465485017869991,0.007289996327277382,0.00445177065782223,0.006970434254797414
2022-03-29,0.01268481019577725,0.012698693624783252,0.012421936723784473,0.011963857826234131,0.013999177555741139,0.008939999862762964
2022-03-30,-0.0019830263042148024,0.0007156693310415996,-0.004279865159334702,0.0011585631215903923,0.009501167971384695,-0.0018166656799643481
2022-03-31,-0.01730613365638242,-0.009331007024306875,-0.01461285970420726,-0.009223583697938416,-0.03077250341725826,-0.0278359651577658
2022-04-01,0.007345515668125021,0.009062305177659258,0.006186125023239844,0.008853627066148728,0.01314246889255092,0.021818543274769016
2022-04-04,0.0008953739066797085,0.001828734402039263,0.002385126357386453,0.0022936222492223684,-0.006553388346854017,-0.0011167108137438895
2022-04-05,-0.013658704065118673,-0.004623497222138415,-0.010698340505611342,-0.005057157209791517,-0.028460521862655356,-0.023844258529480005
2022-04-06,-0.01632867769671043,0.008427725040101901,-0.0012633246356550405,0.009054562680055885,-0.09165544300198733,-0.05886935340336957
2022-04-07,0.007364622930832037,0.002015453160765279,0.0016102370143205448,0.002675245048664295,0.0361365525133895,0.010208689979048904
2022-04-08,-0.004348636173546209,0.003208064188952732,0.003154132343436489,0.003872187116585697,-0.0418624787584597,-0.025666944441213497
2022-04-11,-0.023264955744011714,-0.009130720612718753,-0.011840453695113766,-0.008643944705505594,-0.08038746598850147,-0.06557926248207635
2022-04-12,0.004007312985704972,-0.0022979312821089348,-0.0008602131354637925,-0.0020704535337352065,0.0283449435915488,0.017165107387102654
2022-04-13,0.013787966587576854,0.0055875061901717775,0.009111691535789817,0.005695098574067716,0.03716934184651202,0.026427202023039893
2022-04-14,-0.00574110190763851,-2.591081754132934e-05,-0.0021576094399995685,0.0006048099526110299,-0.02365856424583321,-0.029327216091874258
2022-04-18,0.004428319975481327,-0.006428705185137766,0.0008561339045568393,-0.007007180108798561,0.02228925033010376,0.026184675000441696
2022-04-19,0.014011769138049199,0.010741908979846932,0.012514123824200304,0.009560830502499174,0.021499995707293638,0.01781435256424219
2022-04-20,-0.0007653785091205792,0.0030754334381047706,0.0015008733592365077,0.002944192738179064,-0.012096637850906013,-0.004933927741461031
2022-04-21,-0.013784294691622692,-0.008698384046476828,-0.01236558266008561,-0.008782776590512496,-0.020877854849308073,-0.00343223323274856
2022-04-22,-0.0212141017157444,-0.017237339797784065,-0.02310687701405426,-0.016279581199936548,-0.011750225224195167,-0.02274958429177367
2022-04-25,-0.0004408850273058633,-0.0010393564202628848,-0.002562322005097424,-0.0011801848933562485,0.01016629986165194,0.022295237669727595
2022-04-26,-0.02854454353756599,-0.016977333896190962,-0.020589946642060254,-0.01687107922072793,-0.06831752801509475,-0.058674480390320534
2022-04-27,0.004447883171157322,-0.00020457443166189932,0.0004532832337849477,-0.0015284041978814251,0.024420882858019202,0.028382501588221094
2022-04-28,0.016149437880903197,0.011985516544399048,0.017596976760320904,0.011357243342747281,0.008911743483814662,0.013478670503121109
2022-04-29,-0.03535914037351934,-0.03278342740469812,-0.03513723368055067,-0.03194664487145528,-0.03646867383836265,-0.02826910910582708
2022-05-02,0.0030438634196666243,-0.0010651900869075273,0.004282752066340887,-0.0002535523803487808,-0.003150579813704691,-0.0005809980756871089
2022-05-03,0.003564029912301043,0.0022536627754006114,0.006419254004216236,0.002263552820825894,-0.010712090547274924,-0.012652803718280765
2022-05-04,0.04177919186906608,0.02357875936437599,0.03059747582803359,0.023640389143291068,0.09768777207422856,0.06901305734518137
2022-05-05,-0.035674046210538164,-0.017728071344123797,-0.025223333537134414,-0.01782365907274171,-0.08792760957755685,-0.08315656903198428
2022-05-06,-0.0014604223199472914,-0.0076898390154190215,-0.00373481405522967,-0.007877497941796537,0.009911536356464601,0.0046460813780560065
2022-05-09,-0.05231015937226134,-0.020209655374302103,-0.035055110842849325,-0.020340050193406473,-0.13858540201932165,-0.11627595821299647
2022-05-10,0.002289456630839911,-0.007646361776152324,-0.004350157266790659,-0.007461179156792488,0.03548752611899278,0.030347188458322853
2022-05-11,-0.026863850658016598,0.0024866393148069055,-0.0034181327814378324,0.0024922104828963725,-0.14409244004091043,-0.07105178271773901
2022-05-12,-0.006284836576940929,0.005711877540794881,0.0022033135934364768,0.005692288306012801,-0.04872558742882797,-0.017073974110831332
2022-05-13,0.029710343488453375,0.012028634519979002,0.02229112494462501,0.012121807430058458,0.06680643620759522,0.02211013430660078
2022-05-16,-0.00883745881756987,0.004241374094329299,0.0013181692032246067,0.004245992549528822,-0.05961559892154227,-0.0477870669273707
2022-05-17,0.023522176558263528,0.008026574302195087,0.01945053993405474,0.008137935724795431,0.04388035967930753,0.024470661323600332
2022-05-18,-0.036568352952385266,-0.022091432807832583,-0.02801387185213911,-0.02210691322490469,-0.07934075845361611,-0.05597414867243798
2022-05-19,0.006398791311356192,-0.0027860812570686235,-0.0018228315479148116,-0.002850130235558495,0.04750690560771123,0.052933341800326286
2022-05-20,-0.004721622706890219,0.005142046211622418,0.0006859801810684977,0.005128060902628963,-0.03175963714668381,-0.03464333923657266
2022-05-23,0.0106081092658785,0.01508659517746963,0.019290594368582815,0.015355515314416741,-0.0328043162476431,-0.037500694805248966
2022-05-24,0.005686548913250514,0.010039791887590181,0.0004160499764193638,0.009882951188219991,0.03203904359740626,0.021027901037584423
2022-05-25,0.005888223167806835,0.0039016157810927887,0.008934932428617256,0.003944902573985051,-0.009345323136245278,0.0008369159300398989
2022-05-26,0.0042446690341475385,0.004853859776003646,0.015234428874930362,0.005013649957038595,-0.05070413016976659,-0.022078410258813685
2022-05-27,0.011565068511086294,0.013313925464921036,0.019582410573768312,0.013459909943644335,-0.02852164180232375,-0.025333415174829465
2022-05-31,-0.004450962361167224,-0.006958789982925018,-0.00768683234845191,-0.00701001482903337,0.011728387575256224,-0.0015725338861253097
2022-06-01,-0.016220122078898152,-0.005789548819204012,-0.0052480854871945655,-0.0057130908471238655,-0.0710803050374161,-0.05604376200534303
2022-06-02,0.01624013380735481,0.008468186531643529,0.014666480722361937,0.009831866032392592,0.0241083992323192,0.01782661012303263
2022-06-03,-0.011271403291995528,-0.006613344128463278,-0.00828168804204499,-0.006856107967368786,-0.02621997954174823,-0.027703472745376524
2022-06-06,0.004473021448710699,-0.002907506605799096,-0.0004726634839063062,-0.002384485792538074,0.02920144611179571,0.04009991064328806
2022-06-07,0.006515504781820813,0.007881940635064245,0.010212564518665373,0.00788358894490066,-0.011969793902402003,-0.008733636132787947
2022-06-08,-0.01300935230286354,-0.011728870653605731,-0.01288874606797629,-0.012105570046972935,-0.013612383477299806,-0.025200246587352846
2022-06-09,-0.020680984995779597,-0.020140636084350284,-0.023559022078012803,-0.02000650321921962,-0.006290799584613548,-0.0022475085968587096
2022-06-10,-0.03016926038223657,-0.010981064172120365,-0.025725198523414775,-0.013096166491276184,-0.052389569676345525,-0.03946393885653015
2022-06-13,-0.05473765216540984,-0.030276474703346677,-0.04038529147505947,-0.031746958233689705,-0.12649945561716175,-0.16161987876592393
2022-06-14,-0.0034627853951064973,-0.01211772766148881,-0.006491442095683101,-0.01192329769350036,0.011680498107776518,-0.022675233414432717
2022-06-15,0.019983917419261744,0.007593277772268987,0.010895650187921787,0.008756689353367254,0.06542525357596153,0.030046504017544624
2022-06-16,-0.04189225555299425,-0.011557385663493382,-0.028833026531388663,-0.013636593125851304,-0.1071884006610222,-0.09944832796840158
2022-06-17,0.0027328718837826144,-0.0003309666563450439,-0.004012950146138571,-0.0002563826966815268,0.036461982033388525,0.007838101957692651
2022-06-21,0.018731182956851,0.022337972524222066,0.021283145794544638,0.021821059383367796,0.005971368768382866,0.010541347045087517
2022-06-22,-0.008861850562642581,0.005336759992306956,-0.0034361485113255366,0.005725718371523511,-0.03599036081922781,-0.03938862642240995
2022-06-23,0.010001614049097596,0.011554007194931245,0.0025338360448495245,0.01239461522639934,0.047340504070337984,0.05543421943190557
2022-06-24,0.030300955456340227,0.017048143869011594,0.02872286471939655,0.017886982078753767,0.03819140914105866,0.022009615119380696
2022-06-27,-0.0037082095460848,-0.004554642135126664,-0.003099116276753979,-0.004646498922554767,-0.006753675892738909,-0.006771885140954342
2022-06-28,-0.01511942493604518,-0.013866721806424207,-0.009510549810128442,-0.014215522559930773,-0.043163800565628886,-0.024610758546505608
2022-06-29,-0.0066962250005664975,0.0017006502376688878,-0.005108620032928053,0.0016674445916103407,-0.014634249838758707,-0.01545859686491628
2022-06-30,-0.007535848717859896,-0.006317193689631265,-0.00757003786096443,-0.005613790818915597,-0.007364903002337223,-0.01644691675279555
2022-07-01,0.005155360012899511,0.01494764460045045,0.01073505233633957,0.015426493447755334,-0.022743101604300778,-0.019173023001829752
2022-07-05,-0.008417589662965285,-0.0035974000536719815,-0.006293927342713394,-0.0034256435389982396,-0.019035901264224744,-0.002139694511172258
2022-07-06,0.002744904067572162,0.0009425455552170498,-0.00013597333307193254,0.001005803039182569,0.01714929107079264,0.01785750428541669
2022-07-07,0.01812251090033878,0.002882198716209537,0.01411019528266564,0.0028770385802352537,0.03818408898870451,0.052793817812877966
2022-07-08,-0.004392454474492608,-0.0024278985356587343,-0.0033276940985262076,-0.0024705235136462584,-0.009716256354324614,0.004221759991828308
2022-07-11,-0.015641645535133204,-0.0024817276377843644,-0.007581620815643347,-0.0025335165959188637,-0.055941769132582544,-0.042656970403004424
2022-07-12,-0.007135968983798227,-0.00631844117486912,-0.0038619318641055773,-0.006313070295682393,-0.023506154582261483,-0.032258118094325175
2022-07-13,0.004273844927175244,-0.002424607405265673,-0.003726968837860016,-0.002399534261223921,0.04427791375235155,0.04599108813509839
2022-07-14,0.0003954618362371801,-0.0036579850179723414,-0.004163211008786747,-0.0035781241663619436,0.023188826061356818,0.017968370736860657
2022-07-15,0.017723298169292707,0.011784014977302396,0.01860881534336057,0.011732200571861983,0.013295712298953434,0.012951157535389122
2022-07-18,0.015313114732142504,-0.012190475545205777,-0.0032098002043968567,-0.012234594789408007,0.10792768941483928,0.08230882448441763
2022-07-19,0.02586875775096273,0.015251045746559114,0.027385120685752964,0.015327513660783002,0.018286943077011588,0.03981905640418356
2022-07-20,-0.0038281574092857494,-0.006619760217401826,0.0026521370079764716,-0.006488522607562673,-0.03622962949559685,-0.006987646956326293
2022-07-21,0.008552757200913889,0.0022307312291646093,0.005351057035176228,0.0024002493250251072,0.024561258029602205,-0.002588953210311878
2022-07-22,-0.005418183269914843,-0.0010991207525873272,-0.0049439479230477265,-0.0011010365133887392,-0.007789360004250423,-0.019457677315169026
2022-07-25,-0.009139212362314903,-0.005077131130976373,0.003585901730108284,-0.005236234906238905,-0.07276478282443086,-0.05535695199255101
2022-07-26,-0.0033364259038047364,-0.00028021477532193386,-0.004859655657097752,-0.0004452500590072139,0.00427972286266034,-0.005640597127384265
2022-07-27,0.027928473652686015,0.003989382128464756,0.011691570468449711,0.004140478007785922,0.10911298957386757,0.07965356469891423
2022-07-28,0.021607122134156647,0.009257182287222995,0.010345161395059145,0.009321632427040313,0.07791692582964407,0.03987768635276444
2022-07-29,0.007116952121869636,0.0010636075686455834,0.009706179215131486,0.0009512499536791087,-0.005829183344439626,-0.0017247267886983146
2022-08-01,-0.003463816514591549,-0.0044011342363046435,-0.0016167632894356567,-0.004328897088578469,-0.012699082640371008,-0.0010618465872336339
2022-08-02,-0.01125840552766689,-0.007498834355940725,-0.009763777204931854,-0.007415708208102887,-0.018731547141342078,-0.013757105822294587
2022-08-03,0.0043077639733036166,0.010259408545426686,0.006348969490789134,0.010461363297498359,-0.005898263614123967,-0.0064640458830438376
2022-08-04,-0.0011084059539739487,-0.0016166365515861765,-0.0016205048618749829,-0.0015086089700106532,0.0014520885855312192,-0.005255016724252845
2022-08-05,0.008947954951706028,-0.0028340868241199103,0.0015885986438003053,-0.002875035701306482,0.04574473649123465,0.03341494406091179
2022-08-08,0.0037225810330289632,0.0021760441824792095,-0.00012185518376140361,0.0021605799417511746,0.022944762116980797,0.02678660558668671
2022-08-09,-0.007945398147576594,0.0012958711658616197,-0.0008059676403024049,0.0011944918145714062,-0.04364255068394753,-0.028462338533000155
2022-08-10,0.022285586386157942,0.011421629358841497,0.016739152484819587,0.011465587489249623,0.05001775589284965,0.040279148992633934
2022-08-11,0.007112773058763378,-0.0025769207878874587,0.005926270642628072,-0.0026865608338298916,0.013045285139439911,0.0025331067364883623
2022-08-12,0.014744085826509507,0.015413237960559859,0.014869254887947707,0.01549517109537432,0.014118240519318504,0.019166366219647058
2022-08-15,0.0008230034027234433,0.008827793892314565,0.004334572828434532,0.008899578372817274,-0.01673484372583201,-0.01073756558262004
2022-08-16,0.002814440189481565,0.009838186816292,0.002959074994956916,0.009912087494255968,0.00209126616210481,-0.007770935766624507
2022-08-17,-0.00779858988911779,-0.007981534096406407,-0.008142599544448665,-0.00808504062910242,-0.006078541612463406,-0.022860863942144767
2022-08-18,0.00043693173708676873,-0.002722091255836108,0.003991893977378181,-0.0027929459395231596,-0.017337879464370286,-0.004369225230401709
2022-08-19,-0.025355329437994716,-0.005062339097252084,-0.008808503379776995,-0.005200133695576131,-0.1080894597290833,-0.09683240445711228
2022-08-22,-0.01253747539978588,-0.014412661536150796,-0.019339684380979442,-0.014482588742184626,0.02147356950618195,-0.0051485893606936246
2022-08-23,0.004000658103116927,-0.005427209954293959,0.0019793433425868753,-0.005542508921405686,0.014107231905767195,0.009327071886637115
2022-08-24,0.0006884568862047302,-0.00043209140065489897,0.002355895547515559,-0.00039860635740659973,-0.007648736420349412,-0.00798998082484648
2022-08-25,0.013369768680934336,0.008817580386966634,0.013855207018783827,0.008822338496436585,0.01094257699168686,0.011651967926466599
2022-08-26,-0.03608088845540071,-0.021293727945764278,-0.02769034731246524,-0.021313188682296744,-0.07803359417007812,-0.06845336404177738
2022-08-29,0.005030206035969886,-0.005931178485314712,-0.0038147275975503707,-0.006001445067318475,0.04925487420357117,0.041239404138671935
2022-08-30,-0.015619484591487912,-0.008865753479363539,-0.013364542345735522,-0.00877972029164737,-0.026894195820249905,-0.017194490700747012
2022-08-31,-0.005587489685243131,-0.004514539555655711,-0.007346647125874835,-0.004486617110951776,0.0032082975179153817,0.008956083246264986
2022-09-01,0.0034886436672656855,0.010525498983280986,-0.0006877551969647991,0.01052374848776821,0.02437063798841811,0.005312283702293765
2022-09-02,-0.007112650662027261,-0.012520376009948531,-0.009523452905370697,-0.012331180378178533,0.004941360554689911,-0.008021669377425879
2022-09-06,-0.01516233427813982,-0.0016382071824526192,-0.003960837321840622,-0.0017233378023652037,-0.0711698190596358,-0.048058322715501464
2022-09-07,0.02288835686256835,0.018626331516453386,0.015912572907354677,0.018461973349030773,0.05776727663863668,0.023501300813737434
2022-09-08,0.006030335202376024,0.0013835990018088273,0.006066542642071267,0.0014418598263587607,0.005849298003899806,0.0011311195886177022
2022-09-09,0.02197192647032313,0.011761923674337711,0.01464305635253413,0.011663795100662835,0.05861627705926811,0.10056140524831006
2022-09-12,0.005828411314179709,0.00937071042504289,0.008484821861791865,0.0096199997334048,-0.007453641423881051,0.0250960066046859
2022-09-13,-0.04522622520134939,-0.03277647115127163,-0.04004930998571301,-0.031918766230067855,-0.07111080127953139,-0.08875228575960294
2022-09-14,0.00616714857089012,0.003165046053162524,0.0031318623014507806,0.0031828405611793297,0.021343579918086813,-0.0018617015541042758
2022-09-15,-0.021520483858726538,-0.015346208939586563,-0.0161715370948445,-0.013826136441269624,-0.04826521767813676,-0.02502054049302951
2022-09-16,-0.0038641686411954724,-0.0022289305282529957,-0.007247144972022488,-0.0015816288765131351,0.013050713012939598,0.0033868779762304194
2022-09-19,0.008872265784185427,0.004762616659842189,0.00623659457267969,0.004715104142677251,0.02205062184171413,0.005208386431841329
2022-09-20,-0.01295688271740614,-0.015790060504241615,-0.015572445225681554,-0.01575175036175915,0.00012092982397091546,-0.03155668138050173
2022-09-21,-0.020650512877607573,-0.015952385647880547,-0.016955160199631784,-0.015548778308255566,-0.039127276267486556,-0.017474065721766303
2022-09-22,0.0034980863449201507,-0.002823485787221879,-0.009265739650809665,-0.0021069887517145697,0.06731721632356923,0.04443275398280294
2022-09-23,-0.01666781993710254,-0.015047009099987503,-0.02221841628898861,-0.01520159300674078,0.011085161822327872,-0.005253853330030988
2022-09-26,-0.01293929840562053,-0.01259208693453356,-0.016062688619373502,-0.011749916986255842,0.002677652663144337,0.020364632538079984
2022-09-27,-0.005605479284624966,-0.006380833474319527,-0.00366578905075212,-0.005968015863903234,-0.015303930453989192,-0.005555239595224917
2022-09-28,0.017534552039938058,0.019510400194360254,0.021300718433708194,0.020057573521275743,-0.0012962799289126913,0.015483472448210142
2022-09-29,-0.012207247581198727,-0.019779182345830145,-0.019865724827656663,-0.019145873717487022,0.026085138651090946,0.008842245399335388
2022-09-30,-0.013137197439580911,-0.016370618213216975,-0.014866290633047615,-0.01625347337449288,-0.004491731472247418,-0.006670305438788272
2022-10-03,0.03044961830637254,0.026546972535915724,0.0321847780436476,0.026259856530564486,0.02177381961999727,0.02869243104352902
2022-10-04,0.02880958335717737,0.02244297369588241,0.029652109428984046,0.02216484019071681,0.024596952998144017,0.031882398249502626
2022-10-05,-0.0034065901150966207,-0.0072944306264751246,-0.0032365855896064845,-0.00747397997451274,-0.004256612742547317,-0.006678963305368895
2022-10-06,-0.010554134887437122,-0.013779952619252061,-0.011450484466690947,-0.012401835610125131,-0.006072386991168045,-0.006359759975306486
2022-10-07,-0.020280218445497645,-0.02008435994333831,-0.023496317394339123,-0.0196033767063505,-0.0041997237012902245,-0.017016499791504016
2022-10-10,-0.012045546445742966,-0.00042323076800239776,-0.005697925739041466,0.0007787777319685483,-0.04378364997925048,-0.01286134876702327
2022-10-11,-0.005794294732439904,0.0036971334555894594,-0.0033305028978534053,0.004518099694518074,-0.01811325390537241,-0.007691719099344709
2022-10-12,-0.0043924079566163825,-0.009701951188109145,-0.005622661763774911,-0.00937737692991911,0.0017588610791762658,0.005795759880590493
2022-10-13,0.02191998810456886,0.021962398106188614,0.02967841986663328,0.020986155403668237,-0.016872170705753243,0.005626836713192518
2022-10-14,-0.014943014408954007,-0.013191077466179483,-0.018412143694895352,-0.012038226291910896,0.0024026320207527047,0.0018017935746851305
2022-10-17,0.018691664879151734,0.017349544225358483,0.020060602583880392,0.015793743726294694,0.011846976355508422,0.015068307429718873
2022-10-18,0.007318470900009658,0.012820827945799789,0.011945856181977304,0.013272648615329091,-0.015818455509828577,-0.011112418310140409
2022-10-19,-0.010522088707603135,-0.012034850062131489,-0.00776157460082436,-0.01211016356179173,-0.024324659241497005,-0.010470770059318327
2022-10-20,-0.003903969660213536,-0.004463811341112386,-0.004160841489002483,-0.0034139106020888875,-0.002619610516268811,-0.0022380374255892474
2022-10-21,0.022006824865926082,0.017830730803662063,0.023757129279621488,0.018357338988202708,0.013255302797449077,0.0044793948775203995
2022-10-24,0.0034313304923792873,0.010924754708125659,0.008125459137320448,0.011740205875507823,-0.0200393127323265,-0.011071852547363948
2022-10-25,0.02286686395287009,0.014098052176735685,0.01680246788305665,0.01259816813494743,0.053188844301937294,0.04081300038125933
2022-10-26,0.008034988239200652,0.008876287927475114,0.004962875049564562,0.009146914228786237,0.023395554187381103,0.03519803607181907
2022-10-27,-0.0036329521156679458,-0.0004938975317308859,-0.00014844107300958435,-0.000786897127082946,-0.021055507328959756,-0.0217700819700446
2022-10-28,0.023573826986520476,0.025559769571910213,0.024284049445694265,0.024969546143547336,0.020022714690651536,0.015655605756174258
2022-10-31,-0.006095718685837176,-0.008653503238910103,-0.007574400264519281,-0.00892420983906983,0.0012976892075733605,-0.0057075283597619745
2022-11-01,0.0011665474279613677,-0.0012292322865445843,0.0023824155053552673,-0.0013975504822029937,-0.004912792959008127,-0.0011577943598725523
2022-11-02,-0.01673441707622192,-0.018361369833916206,-0.017184054928434216,-0.0178510511703339,-0.014486227815160457,-0.019145554152785155
2022-11-03,0.0006162937564336275,-0.006801359508375768,-0.002437219007115463,-0.007208967532133766,0.015883857574179074,0.003319841885857405
2022-11-04,0.026903160842834103,0.012963552382189976,0.018582602903941765,0.012978116758225113,0.0685059505372958,0.047007557967182215
2022-11-07,0.0063916100364624,0.004046781004526904,0.007644605369874352,0.0048322547161367,0.00012663336940262862,-0.01257094405346176
2022-11-08,-0.013701324476817451,0.005342796158545662,0.00691434438709532,0.005016203706003957,-0.1167796687963813,-0.0981965328130074
2022-11-09,-0.042062367229832656,-0.012651370227878744,-0.02140736571925811,-0.01161181772630535,-0.14533737478270545,-0.13750530501693267
2022-11-10,0.0675006791956451,0.04012074708603739,0.0495644501631361,0.03717629992085841,0.15718182435819014,0.11076618905373681
2022-11-11,0.00681525559719018,0.002031504329792646,0.011668351522039641,0.0009589107030832578,-0.017450224027057117,-0.029014690209161944
2022-11-14,-0.003402631049289913,-0.008973352602925463,-0.008784826109372677,-0.00820375604853524,0.023508344251123928,0.010688791198032684
2022-11-15,0.010602315236801461,0.008270470027117529,0.009768660956136386,0.0078846033669937,0.014770586640126848,0.014268141752708062
2022-11-16,-0.011701976878377254,-0.0014541392182398072,-0.010351341361087306,-0.00084874836981659,-0.018455154464827005,-0.013962309526596368
2022-11-17,-0.0010528206157177625,-0.0029706573934423545,-0.0023031547499413737,-0.00248757770773854,0.005198850055400295,-0.001190399071683031
2022-11-18,0.004579782972334324,0.008873603653223594,0.005043184604821626,0.009238342634817218,0.002262774809897816,0.0037023881754370555
2022-11-21,-0.0016089717037768834,0.00421818934544073,0.0008225379434163569,0.004468418038858658,-0.013766519939743082,-0.020624638444562134
2022-11-22,0.01870032919624996,0.010905430786661315,0.01480286462718221,0.011093498260836394,0.03818765204158874,0.018219213517770776
2022-11-23,0.010489829245412904,0.00500103815617861,0.003386155798051086,0.004846920641853445,0.04600819648222201,0.027164885992767295
2022-11-25,-0.0004737967332436475,0.0021977570103794393,0.0007421905149644115,0.0020272822060594864,-0.006553732974283943,-0.0037945724253687922
2022-11-28,-0.018339494590531833,-0.013813919535519668,-0.01842082903175117,-0.01264303356959661,-0.017932822384435165,-0.012898717604942607
2022-11-29,0.006229594226936347,0.0027340143655812782,0.004199710872548122,0.0029656163280118745,0.016379010998877487,0.015491536874842143
2022-11-30,0.0255155688875327,0.02234472107375271,0.023794226081712402,0.021535031555499955,0.034122282916634196,0.04298683688924581
2022-12-01,-0.003572930901665891,0.002314860265124504,-0.0002670937734517388,0.0027345382596390354,-0.02010211654273666,-0.011561427112743565
2022-12-02,0.002700736387861955,0.002416819479602101,0.0015015822510261343,0.0023623181722924745,0.00869650707204106,0.006815879872771597
2022-12-05,-0.01466587036262013,-0.013770310835059666,-0.017223212605578297,-0.013825978769647092,-0.0018791591478292905,-0.007351590936806878
2022-12-06,-0.00921770320067551,-0.007926822055732006,-0.01234790929014816,-0.008071349975132003,0.006433327246687715,0.006746672053469957
2022-12-07,-0.004218368396410738,0.0020704526242198945,-0.0011825738283450572,0.001893996009881948,-0.01939734123673914,-0.01353120607118376
2022-12-08,0.009516938329560375,0.006360271906530877,0.007090693516795499,0.006413825294274713,0.021648162393384764,0.023363948819374866
2022-12-09,-0.00942279328702782,-0.009380655557856886,-0.010230167262818932,-0.00928410146471291,-0.005385923408072269,-0.004458530337335473
2022-12-12,0.013429631001319253,0.01295455425404099,0.01662403157485824,0.013044912293253337,-0.0025423718663757033,0.003765670459249439
2022-12-13,0.01112670271869061,0.005430358625385578,0.008769632273229215,0.005562548969558516,0.022912054945997577,0.030915780070814716
2022-12-14,-0.009161190736121408,-0.004540042807932782,-0.008793645194072684,-0.004677143633594762,-0.010998918446365035,0.00514858582596623
2022-12-15,-0.02188884409531008,-0.018059169533830764,-0.021585069814526625,-0.018237928573318244,-0.0234077154992274,-0.02107215496235742
2022-12-16,-0.021319753226927,-0.008174440966026288,-0.009499489174056304,-0.008180757983861248,-0.08042107349128047,-0.04274570895622451
2022-12-19,-0.010728852442311067,-0.006372626514490695,-0.006694591923182899,-0.006598022669375099,-0.030900155037951897,-0.016494564651664195
2022-12-20,0.00870012313657669,0.001102044599010658,0.0031792629903663805,0.0011725894259326704,0.03630442386762824,0.027893884064030514
2022-12-21,0.014259856269343466,0.012876114300248096,0.017830127277777868,0.012982769720449237,-0.003591498772828528,-0.004825045554387759
2022-12-22,-0.00862135975038459,-0.004301620432221122,-0.011582264695177421,-0.004449373145284501,0.006183164973579569,0.002639364391595617
2022-12-23,0.006277644466821742,0.004629015600066724,0.007750029854520147,0.004652222330277818,-0.0010842824716702953,-0.005354557163449417
2022-12-27,-0.0017391378059759656,0.0025391292718638663,0.0002655482786428598,0.0023949754856609088,-0.011762568229070092,-0.011385803025155742
2022-12-28,-0.015186776727050934,-0.011627619332877516,-0.012808033008290866,-0.011681099455554985,-0.027080495320851314,-0.008205274158391307
2022-12-29,0.011231947956177222,0.01086137162570671,0.013599359712046968,0.011113256769899953,-0.0006051108231715056,0.004205385092386052
2022-12-30,-0.001499488977580839,-0.0029252346656586663,-0.001881776224189355,-0.0029435842533637076,0.00041194725546174184,-0.0009828665305624418
2023-01-03,0.0014249108631881684,0.006333543496992584,0.0022509057491670527,0.006390626687337426,-0.0027050635667062563,-0.0013481786920931883
2023-01-04,0.02153012742654666,0.014632851729475713,0.018428178719494946,0.015187509368453292,0.0370398709618052,0.008930288540550413
2023-01-05,-0.008150576794457376,-0.007342090396653868,-0.00679763801193668,-0.007974740053451466,-0.014915270707060857,-0.004465155413761994
2023-01-06,0.023373257614875687,0.019922264214977066,0.023249459158050576,0.020275465753263357,0.02399224989900126,0.002246967045189656
2023-01-09,0.004700037490849591,-0.006923465906110123,0.00017208903132034795,-0.00601875549522997,0.0273397797884958,0.007598941776588131
2023-01-10,0.007351108659663847,0.004784727209549187,0.007616604974202161,0.004784339151014474,0.006023627086972294,0.012646724503964108
2023-01-11,0.013105328625998685,0.006095007980659059,0.00985384963869968,0.00670027220585437,0.0293627235624937,0.028504418563678288
2023-01-12,0.010156315980829734,-0.001006696851108693,0.007037757028810944,-0.00046392233256054466,0.025749110740923696,0.0455153660710265
2023-01-13,0.008511948595626751,0.002284181099747605,0.0034311464254617027,0.0021675461402326014,0.03391595944645199,0.05441723482423001
2023-01-17,-0.0041944376698762305,-0.007877340004764193,-0.004052224805721268,-0.007659920172649512,-0.004905501990651051,-0.0021347538897529077
2023-01-18,-0.02044387826217308,-0.018246701860342072,-0.01596550501830723,-0.01799980349956279,-0.042835744481502354,-0.025840599737542748
2023-01-19,-0.0022733494822116647,-0.0045803379635668325,-0.007476202030265403,-0.004859027262828384,0.023740913258057026,0.01927864456687733
2023-01-20,0.02351405930305076,0.01148700133057631,0.01531290783669132,0.011890262146800688,0.06451981663484795,0.07042756754312025
2023-01-23,0.013020643241290347,0.005221119469355837,0.011435710954858264,0.005732222340887856,0.020945304673450772,0.010887197181393533
2023-01-24,-0.009353205795021243,-0.0014979421719208592,-0.0028834216294746063,-0.0014694597487087272,-0.041702126622754424,-0.017605943809710915
2023-01-25,0.0066582357232981525,0.0009581666432627766,0.0018486905394841727,0.0005623314493135713,0.030705961642368048,0.022221433284207802
2023-01-26,0.006728874633475804,-0.00024226943613439187,0.008422064284225662,0.00026541172724068863,-0.0017370736202734988,-0.0033772008484708907
2023-01-27,0.0007719281474348105,-0.0007292455919548025,-0.001206481854240275,-0.0008459739238100382,0.010663978155810239,0.006495417244884731
2023-01-30,-0.016294006955992344,-0.005342337350882319,-0.010144239154965134,-0.005562830059792596,-0.04704284596112843,-0.0368832487542639
2023-01-31,0.013220029608013514,0.010526318979384258,0.011922802217140906,0.010583374561184395,0.01970616656237656,0.010921712375428896
2023-02-01,0.009731505056982963,-0.0022501406386918822,0.006518284067217185,-0.0012185625001750516,0.025797610005811867,0.023712499000898026
2023-02-02,-0.0005500485124867096,-0.0031222238061182498,0.00015704536703527573,-0.00318803353738163,-0.004085517910096637,-0.0052120717269959595
2023-02-03,-0.0083410692489316,-0.013827468472733735,-0.012768350780830776,-0.013997863524344643,0.013795338410564273,0.0019127753289391214
2023-02-06,-0.0067469475478760775,-0.00446419153886995,-0.004594982931553284,-0.004667193378369681,-0.017506770629490034,-0.00977265862370098
2023-02-07,0.015576413927813296,0.005597255798596667,0.01095346104811467,0.005758682617217142,0.03869117832630642,0.027444448481545567
2023-02-08,-0.010476762630954602,-0.009855796860564828,-0.009564990182089905,-0.009858757423833252,-0.015035624875278052,-0.007231912135359786
2023-02-09,-0.017697535698175303,-0.006874769159593689,-0.009694773106965707,-0.006803782058325272,-0.05771134865422327,-0.05351640131751506
2023-02-10,0.006180523038854831,0.00989647991035346,0.00760192629547806,0.009838541029815035,-0.0009264932442613174,-0.004910818627370281
2023-02-13,0.00676179159726665,0.008628511985783231,0.00875099441629904,0.008706243760460633,-0.003184222497895306,0.006032163525933237
2023-02-14,0.004442089540639554,-0.007756617248778958,-0.0006439293321590837,-0.007702389553009685,0.029872183904632737,0.020060134432558156
2023-02-15,0.011134968990990212,0.0021624109575716964,0.00028921341721578115,0.0021568784641605955,0.06536374685986238,0.08490347611370179
2023-02-16,-0.018913937282732062,-0.011433982144189676,-0.013939445741509307,-0.011521116223922628,-0.0437863949888458,-0.033238336213625555
2023-02-17,0.005827864390259858,0.00753666080613434,-0.0027721399648127057,0.007694363586870454,0.04882788616562266,0.04213038156070727
2023-02-21,-0.017782639383102136,-0.011646968637683993,-0.0175027760743078,-0.011511428784874447,-0.01918195592707385,-0.020885951972144295
2023-02-22,-0.005864817854914085,-0.007240916329533858,-0.0055512586445058175,-0.007283755295532073,-0.007432613906955421,-0.007927020482372317
2023-02-23,0.0026098348420776894,-0.0012017900807293343,0.005478965095513964,-0.0013449877708416424,-0.011735816425103697,-0.00581353976930177
2023-02-24,-0.013726279036938727,-0.008989077603089247,-0.009477223615106894,-0.009053106762844076,-0.03497155614609792,-0.029384588232606132
2023-02-27,0.000710633601707912,0.0006410769385330084,0.0017761100564900147,0.000624917807803231,-0.004616748672202599,-0.0018762467738749563
2023-02-28,-0.0056966376187433726,-0.004759367879141598,-0.0042929255026671834,-0.004730875772529569,-0.012715198199124325,-0.013872490900121253
2023-03-01,0.003474361581112661,-0.0044643069281985375,-0.001058031993739652,-0.004532152066512056,0.02613632945537423,0.02109831064260228
2023-03-02,0.008291230851856672,0.010477906662370305,0.011963634596800691,0.010905065864917199,-0.010070787872863439,-0.006631447378093182
2023-03-03,0.007100174740261893,0.010910230931679936,0.013041698662887858,0.011204433969373966,-0.022607444872867956,-0.0448971964117866
2023-03-06,-0.0021608539506573366,0.0010823207877007255,-0.0018086637367767805,0.0008655645025662873,-0.00392180502006011,0.0004872879455752938
2023-03-07,-0.015787497184841445,-0.014654762698540495,-0.017166087290682315,-0.014787476385071573,-0.008894546655637112,-0.010370205976134316
2023-03-08,-0.001875277968040321,-0.00158145007418081,0.003191727051693716,-0.0011790086868135557,-0.027210303066710507,-0.020474309093018794
2023-03-09,-0.024536203840409703,-0.013302541879717194,-0.01731871782501915,-0.013396936147318569,-0.06062363391736244,-0.07140740510616383
2023-03-10,-0.011593807963097254,-0.007758653849427438,-0.013042274760361034,-0.008068428196683717,-0.004351473976778364,-0.010396790981180317
2023-03-13,0.004382789544936421,0.010717877259310959,-0.003516018063804469,0.01040585073201394,0.043876827588640886,0.07663669911415508
2023-03-14,0.015481833902104154,0.008933498865148397,0.01454549521775727,0.009264389058153683,0.020163527323838592,0.01656790667473927
2023-03-15,-0.016728436592273466,0.005671582136069437,-0.00968814247115212,0.005599125047891684,-0.05192990719788017,-0.01892372601440524
2023-03-16,0.014869035327806139,0.005500932025068428,0.014200648998945934,0.006043625278522085,0.018210966972107202,0.02037268063103903
2023-03-17,0.0007420631691404371,-0.006276696627975668,-0.012241012240181464,-0.006390157836016595,0.06565744021574993,0.07951795924397898
2023-03-20,0.003751462439011291,0.010160906436482191,0.011381656021337802,0.010044604948540092,-0.03439950547262127,-0.014885890406285521
2023-03-21,0.019658805021547758,-0.002769103794517244,0.008352348230895295,-0.0025905700896152314,0.07619108897481006,0.02117898076417094
2023-03-22,-0.02484603845247792,-0.017214616123958384,-0.01994875486296806,-0.017495408714565924,-0.04933245640002721,-0.04842255811827813
2023-03-23,0.00924631221587632,0.0033002368668417132,0.0017877909140547078,0.0032758747424191086,0.04653891872498437,0.049707650788072336
2023-03-24,0.001817952711764709,0.015433996733196419,0.007631212702629167,0.015402689468530975,-0.027248347242557584,-0.02988939601670392
2023-03-27,0.0003726837953280835,0.0016850010300438884,0.004297343942389522,0.001486210437293903,-0.01925061693997912,-0.026426529067601352
2023-03-28,0.006312994678021651,-0.00047585493797698336,0.001599486089735003,-0.0005425935008922793,0.029880537619454882,0.00886713411926425
2023-03-29,0.0177458448313086,0.010609385836934066,0.01557046620206545,0.011144966468167133,0.02862273797752435,0.02853364566244352
2023-03-30,0.003797618035491044,0.004281468097281613,0.004909293457587829,0.00439576707883343,-0.00176075907499288,-0.0059545269092054
2023-03-31,0.014129093881529385,0.012033756106545317,0.01245554165487161,0.012219658794000766,0.02249685501481828,0.01514455102156283
2023-04-03,0.005473537217209086,0.004504440027293829,0.006940014431519134,0.004107690759986675,-0.0018588488543411666,-0.007520458764526595
2023-04-04,-0.0027585180853188034,0.0036820487848705464,-0.0050640905631622185,0.00414789046257454,0.008769344303898264,0.012908754139927113
2023-04-05,0.0038483831842119677,0.010807944325615588,0.003700067303833979,0.011307123147678951,0.004589962586101925,0.003540448758644843
2023-04-06,-0.0016324530409317143,0.0007171769421852244,-0.00016101982917674716,0.0008224793118593631,-0.008989619099706548,-0.005313326134993766
2023-04-10,0.0068584890585663754,-0.00032660218561417903,0.003514247817485643,-0.0005202462054955718,0.023579695263970035,0.03667081586186181
2023-04-11,0.0027781488234734177,0.0007717502581671965,0.002569206481788522,0.0005107846638729185,0.0038228605318978977,0.009232454240574482
2023-04-12,-0.002642474714683515,-0.0018376970659811742,-0.0022219339949199977,-0.0018409195691244066,-0.0047451783135010975,-0.005073905771187574
2023-04-13,0.009702366753600433,0.008648456467499075,0.00697289572006567,0.008806877587396744,0.02334972192127425,0.011999624007220069
2023-04-14,-0.0022719367063586088,-0.007745522025808071,-0.005796901834398558,-0.007874963273412866,0.015352888933841126,0.009910009795872872
2023-04-17,0.00018522706613807044,0.003984019189957983,0.0050131419049538805,0.0037357675989887515,-0.023954347127940975,-0.024107521194951947
2023-04-18,0.0036803527513123322,-0.0015643796436900924,0.0003185701739072887,-0.001526923422586863,0.02048926563833755,0.026512919001897322
2023-04-19,-0.009925908423353686,0.0025139798207424904,0.0021501861398795594,0.0024584964213389326,-0.0703063812395199,-0.04662706799841632
2023-04-20,-0.008568364002944074,-0.006984987133575478,-0.006963271769652837,-0.006764458678134476,-0.016593825169400268,-0.014539623409392055
2023-04-21,-0.006889445400750229,0.004607211202738672,-0.0010172047667623987,0.00477392955818136,-0.036250648570689395,-0.029732957911146177
2023-04-24,0.0004305062900748462,0.0018910752314686922,0.0017570893495593106,0.0019810772796127456,-0.006202409007347477,-0.004492521245308522
2023-04-25,-0.009650637567961995,-0.006481799763142187,-0.014954209205319131,-0.005932226640870297,0.016867220618823685,0.019672382805726148
2023-04-26,-0.012523996324433191,-0.017666973630657553,-0.012476823412631977,-0.018075928957689287,-0.012759860883439278,0.000493592319367099
2023-04-27,0.014707035570013054,0.011328892085726308,0.01466191302179606,0.010884966680074572,0.01493264831109805,0.029429830126740844
2023-04-28,0.00852458587815826,0.0024243205905907454,0.009482238561268225,0.0017387676432359717,0.003736322462608444,-0.0009721058037564732
2023-05-01,-0.00570146063816566,-0.0016160816661384963,-0.003422566579296094,-0.0012287284797924908,-0.017095930932513506,-0.025997811897010423
2023-05-02,-0.011728617620718739,-0.010566888238132465,-0.016682054474223176,-0.01050793455533384,0.01303856664680343,0.018726014895940873
2023-05-03,-0.009008965374414552,-0.007537119161253908,-0.012217496177713009,-0.007632940598695703,0.007033688642077719,0.009561712366798354
2023-05-04,-0.006213969164150284,-0.00019660510411279684,-0.005351289952589209,-0.0001817837099897443,-0.010527365221955643,-0.004530665147339321
2023-05-05,0.018044649030289923,0.011131300840002963,0.01751524961317628,0.011186809638720006,0.0206916461158581,0.027747875900901817
2023-05-08,-0.006554959489218448,-0.0015848679218631275,-0.0006943661313251724,-0.001574922133402592,-0.03585792627868483,-0.022130627122336557
2023-05-09,-0.0008714536635478391,-0.0043770131783521776,-0.004258718762879401,-0.004430625083163872,0.016064871833109975,0.0012174349156690025
2023-05-10,-0.0017549888693666972,0.00046471137919429036,-0.0017783329876314966,0.000547900469770916,-0.0016382682780426983,-0.0002039704301581128
2023-05-11,-0.010958382402106736,-0.006094676733855068,-0.008972948417903203,-0.006211462548052367,-0.02088555232312441,-0.02321015615204154
2023-05-12,0.00040646252329820843,0.0008800984531332478,-0.0008388740546909411,0.0008779688331262682,0.006633145413243956,0.00047461696310248575
2023-05-15,0.0051931715604700895,-0.0023545014278618572,0.004566875681341903,-0.002248425639481844,0.008324650956111014,0.010235482189362093
2023-05-16,-0.011904080387034558,-0.01673969126056524,-0.015969316778035862,-0.016708814628273134,0.008422101567971952,-0.002411976154001024
2023-05-17,0.012751658329153513,0.0027356883998370337,0.012319075380388223,0.0027538239095162877,0.014914573072979954,0.010343628559946607
2023-05-18,0.00296687280357179,0.0028756280742232776,0.005885373981134901,0.003039986849867347,-0.01162563308424376,-0.017432890616701297
2023-05-19,-0.0015144502784157738,-0.0010569284409159988,-0.0024750102388178584,-0.001064846838490075,0.003288349523594647,0.0033733082503703596
2023-05-22,0.001982677732827709,-0.0019073906128699682,0.0006733174629292172,-0.0018481984234159316,0.00852947908232017,0.012281061648297696
2023-05-23,-0.004541268641508334,-0.007882683502690994,-0.007158860298573354,-0.00801703328264949,0.008546689643816751,0.012422645493380544
2023-05-24,-0.012587796060454326,-0.00835115493132518,-0.0092430297574062,-0.008402141538102358,-0.029311627575694967,-0.029534984836893
2023-05-25,0.0001796215698891928,-0.011866123906996349,9.278741905413931e-05,-0.011675306448774047,0.0006137923240644661,0.0036873168975976164
2023-05-26,0.009530105655791191,0.0020338708000088453,0.008663674683658414,0.002317269681097767,0.013862260516455062,0.0036520853303122903
2023-05-30,7.578433379529454e-05,-0.0046780916685258845,-0.0018190711166541518,-0.004606749801341017,0.009550061586042526,0.0001300486934546352
2023-05-31,-0.00571396640174779,0.0038183594591882177,-0.004663092855496196,0.003951289033923904,-0.010968334133005764,-0.016443734506202807
2023-06-01,0.0031227568803515186,0.00046943663891219523,0.005148317863618266,0.0005495968807850883,-0.0070050480359822205,-0.011992460737382171
2023-06-02,0.02132852041270766,0.013464533893824366,0.019500197664424103,0.012818008441093211,0.03047013415412552,0.031409701815056576
2023-06-05,-0.014175361105293513,-0.002100107366146087,-0.0058969493851712155,-0.001914307746308378,-0.055567419705904994,-0.04812895615256323
2023-06-06,0.009414201121807915,-0.003677476914054364,0.004403184679716094,-0.003958760568938613,0.03446928333226702,0.04741865778665912
2023-06-07,0.0012151655515494288,0.006500617822423687,0.00825333091667653,0.006123262567948559,-0.033975661274086084,-0.030453189962051763
2023-06-08,0.004640053398329462,0.00603125664721356,0.004105881849056211,0.006326601677423738,0.007310911144695709,0.0067795546881604316
2023-06-09,-0.004253699654141785,-0.003662828417372901,-0.002802731516898366,-0.0034604780446335767,-0.01150854034035888,-0.01293732519338723
2023-06-12,0.00443853694167972,0.00243090682967053,0.005228664642244208,0.0024920604252303483,0.0004878984388572815,0.0008637263537193273
2023-06-13,0.006482162867490408,0.004851770030699496,0.00731871902904849,0.004796107300706321,0.0022993820597000175,0.0026364049170209216
2023-06-14,-0.007089354769267446,0.0008278961967365329,0.0001272434929677031,0.0008793215921037561,-0.04317234608044321,-0.027689047267941948
2023-06-15,0.00930111078204043,0.012121905352730784,0.010003512200136698,0.012266095336649444,0.0057891036915591046,0.014895295167875139
2023-06-16,0.0023198408494336563,0.0027390394972566195,0.0005502064556709694,0.002847056648570322,0.011168012818247086,0.02334094473786092
2023-06-20,-0.005993356231431424,-0.009624388576496907,-0.012622406708579167,-0.009458209639141905,0.027151896154307277,0.04716620190682609
2023-06-21,0.008886569154665694,-0.0007472219405854712,-0.003164890673324905,-0.0007584857553610234,0.06914386829461867,0.05413441635147806
2023-06-22,-0.005267702939070901,5.523454340243305e-05,-0.00559242287012034,0.00032776212282562093,-0.0036441032838237077,-0.004230577234990309
2023-06-23,0.006400617430051086,-0.006777509806696508,-0.00725958143982272,-0.006721884793319419,0.07470161177942011,0.02460855957759987
2023-06-26,0.006565141694990467,0.006434934619667789,0.006682503230795584,0.006339598647148131,0.005978334015964882,-0.004378409948587738
2023-06-27,0.009790980390278444,0.0023548246977834588,0.007222896182025429,0.0023210978987501813,0.02263140143154352,0.012911119011540914
2023-06-28,-0.008080808140492968,-0.004121180524452963,-0.0017040372863230942,-0.004286378252881593,-0.03996466241134235,-0.01781161375733737
2023-06-29,0.010228184796819901,0.003387947610171609,0.006333876012833468,0.003229598292467362,0.029699728716752083,0.011528194191592896
2023-06-30,0.022603202991231905,0.009104077352371702,0.008314033679412117,0.009204554279362039,0.09404904955033085,0.004876386820037774
2023-07-03,0.003877257598172459,0.0053049259421797425,0.005677130992006777,0.005258438410966658,-0.005122109370999129,0.01754888859202894
2023-07-05,-0.006060561334685032,-0.001283454935079668,-0.004240653464778886,-0.0013381954948193863,-0.015160100684215772,-0.007094656310081054
2023-07-06,-0.014258838320504313,-0.010078528841310767,-0.012084138933912192,-0.010088202467446608,-0.025132335253464932,-0.01616872733376175
2023-07-07,0.0035620926596644223,-0.007522803916534341,0.0006819149565187501,-0.007418953026926885,0.01796298117539279,0.015532054015831733
2023-07-10,0.006097554230657371,0.004134924281194781,0.0047796696983343516,0.004196932931084779,0.012686976892272453,0.006803570615538708
2023-07-11,0.011893023138107535,0.012899132651529569,0.014211688018259465,0.01294261188348075,0.00029969873734785323,0.005107966471890821
2023-07-12,0.0061435571441208195,0.005024300430700221,0.00823735096035434,0.005179677635225022,-0.004325411937046786,-0.0051045823886616245
2023-07-13,0.037260963080475606,0.00293566724706988,0.0056132899986313725,0.0030350225927262596,0.1954993284896968,0.03790265910519638
2023-07-14,-0.015765993628187005,-0.001036956092798619,-0.006609687433745769,-0.0010867436822753836,-0.06154752460039317,-0.033784576312798124
2023-07-17,-0.0036493398954162443,-0.008249975702350872,-0.003559608817588056,-0.008134054560613772,-0.004097995284557188,-0.0025319348275489486
2023-07-18,0.005054130851559697,0.0018152970687027093,0.0059362027528230285,0.001773471917313922,0.0006437713452430377,-0.008344673558872117
2023-07-19,0.009944158028720692,0.0068725943045346285,0.00603795227252624,0.006684670493742814,0.029475186809692955,0.0026495953379015724
2023-07-20,0.0014145962126503103,0.0053471463693754,0.0017480758015509055,0.004973451957817944,-0.00025280173185267,-0.002507129718021846
2023-07-21,0.0034909232161122452,0.007935466903921592,0.0044898923598515935,0.008013765043827717,-0.0015039225025845096,0.0029920552030376305
2023-07-24,-0.0019643631749951674,0.0010171324520825637,0.0054649418308621855,0.00110841928721111,-0.03911088820428194,-0.02887209552621612
2023-07-25,0.002921939450274057,4.405627935832513e-05,0.0034160131953540496,8.629913083888842e-05,0.0004515707248740954,0.0022867746020011678
2023-07-26,0.004385740905184215,0.0019026773570059192,0.0021904630775948695,0.0018587333271996706,0.01536213004313094,0.004572449685382632
2023-07-27,-0.003487624126020716,-0.006988492352899595,-0.004634011643839129,-0.006996078392281943,0.0022443134630713455,-0.0036481903784741526
2023-07-28,0.004778237695945107,0.0018176173389563522,0.004241321399844554,0.0019814260031081102,0.007462819176447866,0.00857559744829664
2023-07-31,0.0007234954733570981,-0.001094117493127493,0.004314741590100032,-0.0010152559782994224,-0.017232735110357566,-0.0056471298486785865
2023-08-01,-0.001676767319656945,-0.006608522758150125,-0.0036317010240047836,-0.006517597908338032,0.008097901202082248,0.0139947483552881
2023-08-02,-0.01760722554543934,-0.009416177082412236,-0.013699281238668086,-0.009619797202604263,-0.03714694707929564,-0.019895109959529637
2023-08-03,-0.00700557656514281,-0.00859937168573439,-0.004931584621457255,-0.008652919877846173,-0.01737553628357058,0.002307380845617755
2023-08-04,-0.003047998051579567,-0.003258096152115153,-0.002197023217300111,-0.0033442917116683793,-0.007302872222976842,-0.003996945580022423
2023-08-07,0.007853063301314753,0.00879378026355819,0.008020413923411242,0.008649729196700463,0.00701631019083232,0.0026945646255179664
2023-08-08,-0.0004139619684981685,-0.0015692801206715233,-0.0034409407439325817,-0.0016772627933918252,0.014720931908673896,0.014920320317902603
2023-08-09,-0.0020039056710249,0.0020794699333829643,-0.001925595822674385,0.001882579461734978,-0.002395454912777484,-0.0047291382357694
2023-08-10,-0.0009152087186206452,0.0006116585599487469,0.0009644399956669525,0.000745540828151975,-0.010313452290058634,-0.0014112431985098344
2023-08-11,0.0009789535037611967,0.004084056790293075,0.0016758150228857098,0.003874152614144245,-0.002505354091861368,-0.0012387051096661755
2023-08-14,0.0017471645415393202,-0.002437815167045483,0.0017062775996715214,-0.002218661437290321,0.0019515992508783106,0.00407559680536719
2023-08-15,-0.015768398061357256,-0.009369576096289042,-0.01322545628250715,-0.00947711803693157,-0.028483106955607816,-0.009877430323065085
2023-08-16,-0.013305220169425749,-0.004987417328396577,-0.008186117279367165,-0.005156961563532677,-0.03890073461971866,-0.016917408818007226
2023-08-17,-0.018618058375637507,-0.005906912255284733,-0.0046557882757702375,-0.006017411660488855,-0.08842940887497387,-0.05955264470757598
2023-08-18,0.002471885241369139,0.0002302490674374199,0.001733029370723882,0.00023664195389636798,0.006166164594595425,-0.01566852330554065
2023-08-21,-0.0020742084303499277,-0.0024596275234731284,-0.0005131283529655397,-0.0024095251353752184,-0.009879608817271868,-0.0053206398402585965
2023-08-22,-0.006481701670536284,-0.0015724802245155169,-0.004904403466574166,-0.0015243273374435842,-0.014368192690346893,-0.003767013060192851
2023-08-23,0.011351836612056932,0.008052217659099761,0.007321780440630267,0.008072805253498412,0.03150211746919023,0.020067177726798405
2023-08-24,-0.012212596412256194,-0.009033155295558854,-0.012228581664713425,-0.009282998442125953,-0.012132670149970026,-0.011164943048944088
2023-08-25,0.003910768741890751,0.0036151006290311015,0.004912513294952161,0.003780985212241755,-0.0010979540234162925,-0.0012783116009952595
2023-08-28,0.005986453806978166,0.004935657699538339,0.008364884527056863,0.005043550191875803,-0.005905699793415332,-0.0034352342271369513
2023-08-29,0.019163789948962447,0.010173655190303131,0.011982477817999243,0.010274276381456098,0.055070350603778455,0.04843324925572591
2023-08-30,-0.002387208164079165,0.000920133820071625,0.0015849659208836808,0.0010001822382291411,-0.022248078588893397,-0.01690601200988511
2023-08-31,-0.008881755663568983,-0.005876283550465825,-0.0030555686910886835,-0.00572291594315524,-0.03801269052597048,-0.03289425958532371
2023-09-01,0.0012194401811214356,-0.0011171353630129602,0.004049068438607959,-0.000999962438050953,-0.012928701106311181,-0.00643071481016395
2023-09-05,-0.007538113444384512,-0.011921295746415385,-0.00872481301933522,-0.00872481301933522,-0.001604615569630974,-0.001058710344446818
2023-09-06,-0.003237180952029944,-0.0035245597834025195,-0.00417614715166231,-0.00417614715166231,0.0014576500461318863,0.0024936220470085837
2023-09-07,0.0011196778357605056,0.006201115666849053,-0.00017340816510796284,-0.00017340816510796284,0.007585107840102846,0.01592528609087784
2023-09-08,0.0013551750133678688,0.005637465101321092,0.002637923536046848,0.002637923536046848,-0.00505856760002702,-0.010268894189575599
2023-09-11,-0.0031409107050021793,0.00568992289970507,0.002865687446399155,0.002865687446399155,-0.033173901462008853,-0.02315225565496802
2023-09-12,0.00529624943767442,-0.002724664938251773,0.002308243851204291,0.002308243851204291,0.020236277370025098,0.029465011478511598
2023-09-13,0.0010123337048559904,0.001597472218914173,-0.0009672270966173914,-0.0009672270966173914,0.010910137712222902,0.013430878246352954
2023-09-14,0.012813333441212051,0.01210179464859577,0.012360870706178877,0.012360870706178877,0.015075647116377934,0.015293332157222578
2023-09-15,-0.005808530218916478,-0.007020416127426629,-0.010489077213557508,-0.010489077213557508,0.017594204754288655,0.0028781304280916767
2023-09-18,0.0030732217754222795,-0.0011077721098006097,-0.00024995003851792553,-0.00024995003851792553,0.01968908084512331,0.008237408447720845
2023-09-19,-0.00151198052084307,-0.0015753949812913092,-0.004213502014856906,-0.004213502014856906,0.011995626949226115,0.015169158053959922
2023-09-20,-0.006164775560719366,0.0007277474124440689,-0.005264643861468341,-0.005264643861468341,-0.010665434056974477,-0.0025528851072300967
2023-09-21,-0.01879012387273413,-0.015222588226173193,-0.0185880687890133,-0.0185880687890133,-0.01980039929133834,-0.020119238510239997
2023-09-22,-0.0025746824554939386,-0.002204036932108292,-0.0033341264056424035,-0.0033341264056424035,0.0012225372952483827,0.0010192498788906769
2023-09-25,0.003190848654452439,-0.001215754203508942,0.002086940375641444,0.002086940375641444,0.00871039004850741,0.003440665947490653
2023-09-26,-0.010548755017963488,-0.010918650953039863,-0.01203867858893119,-0.01203867858893119,-0.003099137163124954,-0.0024492339783622843
2023-09-27,0.0003782404796926359,-0.008837828716645062,-0.0014106684457594154,-0.0014106684457594154,0.009322785106952891,0.005866345424127158
2023-09-28,0.0075548927291206,0.001423491947921603,0.004051206390830821,0.004051206390830821,0.02507332442056951,0.023574347056182138
2023-09-29,1.8517727138480516e-05,-0.0016931000207861214,-0.001064597661618716,-0.001064597661618716,0.005434094670924462,0.0016681585727545722
2023-10-02,-0.015670879792627778,-0.016081351001385382,-0.01427779454884416,-0.01427779454884416,-0.02263630601154587,-0.018365253244540143
2023-10-03,-0.0071551507392975675,-0.007387791118371174,-0.008623840049693498,-0.008623840049693498,0.00018829581268208113,0.006399943210032522
2023-10-04,0.00016981327522040047,0.004796817062592505,0.0014587619619191327,0.0014587619619191327,-0.006274930158273262,0.0026830467905518155
2023-10-05,-0.003383397491625158,-0.0027900768187312346,-0.0018481504494788205,-0.0018481504494788205,-0.011059632702356846,-0.013482259527609397
2023-10-06,0.010446034496043383,0.00897087000284049,0.010572819190709792,0.010572819190709792,0.009812111022711314,0.012052093284605046
2023-10-09,0.002148672978453954,0.007881152817409802,0.008763926303623774,0.008763926303623774,-0.03092759364739514,-0.017233798253680165
2023-10-10,0.005664866368411877,0.009616216126385177,0.008282561086268072,0.008282561086268072,-0.0074236072208691,-0.005140928354079065
2023-10-11,0.0013104718559174375,0.006250988098645757,0.003365157629009226,0.003365157629009226,-0.008962957009541505,-0.012622965646965337
2023-10-12,-0.008315333978963656,-0.008267168758476665,-0.008311144835865694,-0.008311144835865694,-0.008336279694453464,-0.00823354591110733
2023-10-13,0.0021009296326924038,0.004284940073986365,0.0011147766253742544,0.0011147766253742544,0.007031694669283151,0.005296075285320963
2023-10-16,0.013352363471423599,0.009459776201849637,0.010057492329704919,0.010057492329704919,0.029826719180017003,0.04111639376365087
2023-10-17,-0.0008165491795922446,0.002057606547753591,0.0027932697004872196,0.0027932697004872196,-0.018865643579989565,-0.00609799384439343
2023-10-18,-0.01306918273518783,-0.011819399129541256,-0.014298523672335568,-0.014298523672335568,-0.006922478049449166,-0.0002611769564632223
2023-10-19,-0.004911795990365635,-0.01019937741727763,-0.009313396223776083,-0.009313396223776083,0.017096205176686596,0.011012233343191036
2023-10-20,-0.0038914319414627696,-0.004701162460687313,-0.008972743882415861,-0.008972743882415861,0.02151512776330269,0.02618504873059985
2023-10-23,0.004044908075954013,-0.005693940613016392,-0.0065969844195609105,-0.0065969844195609105,0.05725437055352863,0.07737461297731024
2023-10-24,0.009045168664367692,0.01228678686225701,0.010865236461424663,0.010865236461424663,-5.517032091718671e-05,0.017090348011185613
2023-10-25,-0.00945307572218018,-0.008574953120897722,-0.012071946699170872,-0.012071946699170872,0.003641279162773314,0.014305775396629626
2023-10-26,-0.0018253131376461283,-0.0016452204206126966,-0.0020912306436232254,-0.0020912306436232254,-0.0004957256077606446,-0.006746412615702501
2023-10-27,-0.010215886757690749,-0.012101982147235431,-0.010091752733279386,-0.010091752733279386,-0.01083655687974755,-0.0041671786144567464
2023-10-30,0.010352945548555044,0.00793822787071466,0.010000411649502997,0.010000411649502997,0.012115615043815276,0.0022988667866244736
2023-10-31,0.006494664734265533,0.0049138237588249424,0.0058765673887027255,0.0058765673887027255,0.009585151462079566,0.00746163825631678
2023-11-01,0.007473146689076639,0.005445239738044126,0.004883111660390648,0.004883111660390648,0.020423321832506593,0.023839384701423095
2023-11-02,0.019716930895427785,0.02071395716215562,0.025794960167503,0.025794960167503,-0.010673215464948316,-0.014386770933031338
2023-11-03,0.011609533501200538,0.009727511510528478,0.01279402160740212,0.01279402160740212,0.005687092970192599,-0.006334176300189526
2023-11-06,0.0012650560466206788,-0.005085752097567654,-0.004456576056500963,-0.004456576056500963,0.029873216562228903,-0.0010852039543558158
2023-11-07,-0.005656820637751129,-0.0019514993728069908,-0.0037390629774691326,-0.0037390629774691326,-0.015245608939161118,0.0037826347675142522
2023-11-08,0.0005373236373398129,-0.00324107232367092,-0.0011798844009913996,-0.0011798844009913996,0.00912336382899588,0.008270756709069974
2023-11-09,-0.004262813716021547,-0.012014097728336441,-0.008903880726641448,-0.008903880726641448,0.01894252133707796,0.035083495109935595
2023-11-10,0.011558798455876486,0.006530456665205958,0.010646732594233557,0.010646732594233557,0.016119127764091114,0.026378060174417527
2023-11-13,-0.00346295064002965,-0.001894643900454447,-0.0011335907036108953,-0.0011335907036108953,-0.015109750322123416,-0.011546777999037208
2023-11-14,0.015143199718425284,0.021831902373862157,0.02459404341561296,0.02459404341561296,-0.03211101876751308,-0.032521039880452934
2023-11-15,0.011433957330833112,0.005133805941152211,0.005349194798091735,0.005349194798091735,0.04185776999454001,0.05085068044706356
2023-11-16,-0.0049298375794798255,-0.0009705371487495931,0.000763167978912289,0.000763167978912289,-0.0333948653714404,-0.0386922422658075
2023-11-17,0.0024150821575656565,-9.087172997797994e-05,0.003168319812704509,0.003168319812704509,-0.0013511061181286092,0.010747114122509893
2023-11-20,0.001610736214803916,0.00400833321260195,0.004432305553655234,0.004432305553655234,-0.012497110479452678,-0.0036067869260668754
2023-11-21,-0.010749734228255233,0.0007746911646928257,-0.0023448833096139056,-0.0023448833096139056,-0.05277398882146188,-0.04503742690257633
2023-11-22,0.009313950446122763,0.002141617483573749,0.0017220553186484756,0.0017220553186484756,0.04727342608349422,0.04947661005605504
2023-11-24,0.0038162340401079915,0.0027733461244241527,0.002442867504645432,0.002442867504645432,0.010683066717420787,0.014784001210460291
2023-11-27,-0.003595268554405201,0.0013373079860239988,0.0005314905739881357,0.0005314905739881357,-0.024229064196371886,-0.01919043411546922
2023-11-28,0.0035147730414762258,0.004404458612020037,0.0020426557000202085,0.0020426557000202085,0.010875359748756308,0.013341612016250377
2023-11-29,0.00363779767132319,0.0030763512207246267,0.004678034968830294,0.004678034968830294,-0.0015633888162123303,0.0004432956845818268
2023-11-30,0.004697903801838478,0.007472629672087207,0.006384512229031318,0.006384512229031318,-0.003735138334125721,-0.0010444966598235985
2023-12-01,0.010431243938583393,0.009905828508978184,0.009225927380084266,0.009225927380084266,0.016457826731079015,0.01750388726538341
2023-12-04,0.0025456703170938836,0.0013031081945920778,-0.0018134092183667127,-0.0018134092183667127,0.02434106799439686,0.035764534842161765
2023-12-05,-0.0013196565186203012,-0.0025815105273197378,-0.0052614857299654785,-0.0052614857299654785,0.018389489538105593,0.03360361856535352
2023-12-06,-0.00037605267178299825,0.002725863692349278,-0.0007160063436409092,-0.0007160063436409092,0.0013237156875065548,-0.005422657081680892
2023-12-07,0.008122624623117193,0.00012428036653382943,0.0049002939512802985,0.0049002939512802985,0.024234277982301666,-0.0006254511948089037
2023-12-08,0.010514856207447796,-0.00013777603388136626,0.0032286936961363594,0.0032286936961363594,0.046945668764004966,0.018593496199738522
2023-12-11,-0.005327950092337127,0.00517490821498051,0.006783475745804726,0.006783475745804726,-0.06588507928304639,-0.052373683679421676
2023-12-12,0.0017231795737992588,0.0010373275739666056,0.0007978025859253558,0.0007978025859253558,0.006350064513168773,0.00144224683803845
2023-12-13,0.022446754372463178,0.023408236750586436,0.02090241145857909,0.02090241145857909,0.03016846894188363,0.026690661265914004
2023-12-14,0.01305790702241953,0.005587436900891469,0.014493407254842453,0.014493407254842453,0.0058804058603049054,0.009112123545326895
2023-12-15,-0.009188801625396457,-0.006864649491738797,-0.003011783157942524,-0.003011783157942524,-0.040073893962666106,-0.03159465265242541
2023-12-18,-0.0007028288814304653,-0.0008971174293346847,-0.001377038017755587,-0.001377038017755587,0.0026682168001951456,0.01727077526150356
2023-12-19,0.004482053154236631,0.005822425073246504,0.008156436334441007,0.008156436334441007,-0.013889862746785242,-0.008266585821553029
2023-12-20,-0.009095040046854581,-0.014041624035960402,-0.014752978135857561,-0.014752978135857561,0.019194650398160328,0.02704785387381113
2023-12-21,0.011473601741572397,0.0067369733532023,0.008160532810200164,0.008160532810200164,0.028038946398433563,0.010054910639632264
2023-12-22,0.004576504945732433,0.004224270854479387,0.00195996413291749,0.00195996413291749,0.017659209009807143,0.007878105121787986
2023-12-26,0.0016754512805441293,0.0033819217901907826,0.006506457589898613,0.006506457589898613,-0.022479580266228295,-0.024657948519350256
2023-12-27,0.00997052419469339,0.0027200067482954673,0.0014553578874705298,0.0014553578874705298,0.052546355730807716,0.027599976127159496
2023-12-28,-0.00038119645650203164,0.0031324439867489217,0.0012242203691481567,0.0012242203691481567,-0.008408280584752969,-0.012923355974166082
2023-12-29,-0.005624265916081815,-0.002087232172905658,-0.003035118739159236,-0.003035118739159236,-0.018570001800694725,-0.010071243821653952
