date,ABBV,ABT,ADA-USD,ADBE,AEP,AMD,AMGN,AMT,BA,BCH-USD,BTC-USD,CAT,CCI,CMCSA,COP,CVX,D,DD,DIS,DOW,DUK,EA,EOS-USD,ETC-USD,ETH-USD,GE,GILD,GS,INTC,KO,LTC-USD,MMM,MRK,MS,NEE,NEM,NKE,NUE,NVDA,O,OXY,PLD,PSA,QCOM,SBUX,SHW,SLB,SO,T,TMUS,TRX-USD,TTWO,UPS,USB,V,WFC,WMT,XLM-USD,XOM,XRP-USD,fund
2020-08-03,0.016666666666666666,0.016666666666666666,0.016666666666666666,0.016666666666666666,0.016666666666666666,0.016666666666666666,0.016666666666666666,0.016666666666666666,0.016666666666666666,0.016666666666666666,0.016666666666666666,0.016666666666666666,0.016666666666666666,0.016666666666666666,0.016666666666666666,0.016666666666666666,0.016666666666666666,0.016666666666666666,0.016666666666666666,0.016666666666666666,0.016666666666666666,0.016666666666666666,0.016666666666666666,0.016666666666666666,0.016666666666666666,0.016666666666666666,0.016666666666666666,0.016666666666666666,0.016666666666666666,0.016666666666666666,0.016666666666666666,0.016666666666666666,0.016666666666666666,0.016666666666666666,0.016666666666666666,0.016666666666666666,0.016666666666666666,0.016666666666666666,0.016666666666666666,0.016666666666666666,0.016666666666666666,0.016666666666666666,0.016666666666666666,0.016666666666666666,0.016666666666666666,0.016666666666666666,0.016666666666666666,0.016666666666666666,0.016666666666666666,0.016666666666666666,0.016666666666666666,0.016666666666666666,0.016666666666666666,0.016666666666666666,0.016666666666666666,0.016666666666666666,0.016666666666666666,0.016666666666666666,0.016666666666666666,0.016666666666666666,Combined Equal Weight
2020-09-01,0.016666666666666666,0.016666666666666666,0.016666666666666666,0.016666666666666666,0.016666666666666666,0.016666666666666666,0.016666666666666666,0.016666666666666666,0.016666666666666666,0.016666666666666666,0.016666666666666666,0.016666666666666666,0.016666666666666666,0.016666666666666666,0.016666666666666666,0.016666666666666666,0.016666666666666666,0.016666666666666666,0.016666666666666666,0.016666666666666666,0.016666666666666666,0.016666666666666666,0.016666666666666666,0.016666666666666666,0.016666666666666666,0.016666666666666666,0.016666666666666666,0.016666666666666666,0.016666666666666666,0.016666666666666666,0.016666666666666666,0.016666666666666666,0.016666666666666666,0.016666666666666666,0.016666666666666666,0.016666666666666666,0.016666666666666666,0.016666666666666666,0.016666666666666666,0.016666666666666666,0.016666666666666666,0.016666666666666666,0.016666666666666666,0.016666666666666666,0.016666666666666666,0.016666666666666666,0.016666666666666666,0.016666666666666666,0.016666666666666666,0.016666666666666666,0.016666666666666666,0.016666666666666666,0.016666666666666666,0.016666666666666666,0.016666666666666666,0.016666666666666666,0.016666666666666666,0.016666666666666666,0.016666666666666666,0.016666666666666666,Combined Equal Weight
2020-10-01,0.016666666666666666,0.016666666666666666,0.016666666666666666,0.016666666666666666,0.016666666666666666,0.016666666666666666,0.016666666666666666,0.016666666666666666,0.016666666666666666,0.016666666666666666,0.016666666666666666,0.016666666666666666,0.016666666666666666,0.016666666666666666,0.016666666666666666,0.016666666666666666,0.016666666666666666,0.016666666666666666,0.016666666666666666,0.016666666666666666,0.016666666666666666,0.016666666666666666,0.016666666666666666,0.016666666666666666,0.016666666666666666,0.016666666666666666,0.016666666666666666,0.016666666666666666,0.016666666666666666,0.016666666666666666,0.016666666666666666,0.016666666666666666,0.016666666666666666,0.016666666666666666,0.016666666666666666,0.016666666666666666,0.016666666666666666,0.016666666666666666,0.016666666666666666,0.016666666666666666,0.016666666666666666,0.016666666666666666,0.016666666666666666,0.016666666666666666,0.016666666666666666,0.016666666666666666,0.016666666666666666,0.016666666666666666,0.016666666666666666,0.016666666666666666,0.016666666666666666,0.016666666666666666,0.016666666666666666,0.016666666666666666,0.016666666666666666,0.016666666666666666,0.016666666666666666,0.016666666666666666,0.016666666666666666,0.016666666666666666,Combined Equal Weight
2020-11-02,0.016666666666666666,0.016666666666666666,0.016666666666666666,0.016666666666666666,0.016666666666666666,0.016666666666666666,0.016666666666666666,0.016666666666666666,0.016666666666666666,0.016666666666666666,0.016666666666666666,0.016666666666666666,0.016666666666666666,0.016666666666666666,0.016666666666666666,0.016666666666666666,0.016666666666666666,0.016666666666666666,0.016666666666666666,0.016666666666666666,0.016666666666666666,0.016666666666666666,0.016666666666666666,0.016666666666666666,0.016666666666666666,0.016666666666666666,0.016666666666666666,0.016666666666666666,0.016666666666666666,0.016666666666666666,0.016666666666666666,0.016666666666666666,0.016666666666666666,0.016666666666666666,0.016666666666666666,0.016666666666666666,0.016666666666666666,0.016666666666666666,0.016666666666666666,0.016666666666666666,0.016666666666666666,0.016666666666666666,0.016666666666666666,0.016666666666666666,0.016666666666666666,0.016666666666666666,0.016666666666666666,0.016666666666666666,0.016666666666666666,0.016666666666666666,0.016666666666666666,0.016666666666666666,0.016666666666666666,0.016666666666666666,0.016666666666666666,0.016666666666666666,0.016666666666666666,0.016666666666666666,0.016666666666666666,0.016666666666666666,Combined Equal Weight
2020-12-01,0.016666666666666666,0.016666666666666666,0.016666666666666666,0.016666666666666666,0.016666666666666666,0.016666666666666666,0.016666666666666666,0.016666666666666666,0.016666666666666666,0.016666666666666666,0.016666666666666666,0.016666666666666666,0.016666666666666666,0.016666666666666666,0.016666666666666666,0.016666666666666666,0.016666666666666666,0.016666666666666666,0.016666666666666666,0.016666666666666666,0.016666666666666666,0.016666666666666666,0.016666666666666666,0.016666666666666666,0.016666666666666666,0.016666666666666666,0.016666666666666666,0.016666666666666666,0.016666666666666666,0.016666666666666666,0.016666666666666666,0.016666666666666666,0.016666666666666666,0.016666666666666666,0.016666666666666666,0.016666666666666666,0.016666666666666666,0.016666666666666666,0.016666666666666666,0.016666666666666666,0.016666666666666666,0.016666666666666666,0.016666666666666666,0.016666666666666666,0.016666666666666666,0.016666666666666666,0.016666666666666666,0.016666666666666666,0.016666666666666666,0.016666666666666666,0.016666666666666666,0.016666666666666666,0.016666666666666666,0.016666666666666666,0.016666666666666666,0.016666666666666666,0.016666666666666666,0.016666666666666666,0.016666666666666666,0.016666666666666666,Combined Equal Weight
2021-01-04,0.016666666666666666,0.016666666666666666,0.016666666666666666,0.016666666666666666,0.016666666666666666,0.016666666666666666,0.016666666666666666,0.016666666666666666,0.016666666666666666,0.016666666666666666,0.016666666666666666,0.016666666666666666,0.016666666666666666,0.016666666666666666,0.016666666666666666,0.016666666666666666,0.016666666666666666,0.016666666666666666,0.016666666666666666,0.016666666666666666,0.016666666666666666,0.016666666666666666,0.016666666666666666,0.016666666666666666,0.016666666666666666,0.016666666666666666,0.016666666666666666,0.016666666666666666,0.016666666666666666,0.016666666666666666,0.016666666666666666,0.016666666666666666,0.016666666666666666,0.016666666666666666,0.016666666666666666,0.016666666666666666,0.016666666666666666,0.016666666666666666,0.016666666666666666,0.016666666666666666,0.016666666666666666,0.016666666666666666,0.016666666666666666,0.016666666666666666,0.016666666666666666,0.016666666666666666,0.016666666666666666,0.016666666666666666,0.016666666666666666,0.016666666666666666,0.016666666666666666,0.016666666666666666,0.016666666666666666,0.016666666666666666,0.016666666666666666,0.016666666666666666,0.016666666666666666,0.016666666666666666,0.016666666666666666,0.016666666666666666,Combined Equal Weight
2021-02-01,0.016666666666666666,0.016666666666666666,0.016666666666666666,0.016666666666666666,0.016666666666666666,0.016666666666666666,0.016666666666666666,0.016666666666666666,0.016666666666666666,0.016666666666666666,0.016666666666666666,0.016666666666666666,0.016666666666666666,0.016666666666666666,0.016666666666666666,0.016666666666666666,0.016666666666666666,0.016666666666666666,0.016666666666666666,0.016666666666666666,0.016666666666666666,0.016666666666666666,0.016666666666666666,0.016666666666666666,0.016666666666666666,0.016666666666666666,0.016666666666666666,0.016666666666666666,0.016666666666666666,0.016666666666666666,0.016666666666666666,0.016666666666666666,0.016666666666666666,0.016666666666666666,0.016666666666666666,0.016666666666666666,0.016666666666666666,0.016666666666666666,0.016666666666666666,0.016666666666666666,0.016666666666666666,0.016666666666666666,0.016666666666666666,0.016666666666666666,0.016666666666666666,0.016666666666666666,0.016666666666666666,0.016666666666666666,0.016666666666666666,0.016666666666666666,0.016666666666666666,0.016666666666666666,0.016666666666666666,0.016666666666666666,0.016666666666666666,0.016666666666666666,0.016666666666666666,0.016666666666666666,0.016666666666666666,0.016666666666666666,Combined Equal Weight
2021-03-01,0.016666666666666666,0.016666666666666666,0.016666666666666666,0.016666666666666666,0.016666666666666666,0.016666666666666666,0.016666666666666666,0.016666666666666666,0.016666666666666666,0.016666666666666666,0.016666666666666666,0.016666666666666666,0.016666666666666666,0.016666666666666666,0.016666666666666666,0.016666666666666666,0.016666666666666666,0.016666666666666666,0.016666666666666666,0.016666666666666666,0.016666666666666666,0.016666666666666666,0.016666666666666666,0.016666666666666666,0.016666666666666666,0.016666666666666666,0.016666666666666666,0.016666666666666666,0.016666666666666666,0.016666666666666666,0.016666666666666666,0.016666666666666666,0.016666666666666666,0.016666666666666666,0.016666666666666666,0.016666666666666666,0.016666666666666666,0.016666666666666666,0.016666666666666666,0.016666666666666666,0.016666666666666666,0.016666666666666666,0.016666666666666666,0.016666666666666666,0.016666666666666666,0.016666666666666666,0.016666666666666666,0.016666666666666666,0.016666666666666666,0.016666666666666666,0.016666666666666666,0.016666666666666666,0.016666666666666666,0.016666666666666666,0.016666666666666666,0.016666666666666666,0.016666666666666666,0.016666666666666666,0.016666666666666666,0.016666666666666666,Combined Equal Weight
2021-04-01,0.016666666666666666,0.016666666666666666,0.016666666666666666,0.016666666666666666,0.016666666666666666,0.016666666666666666,0.016666666666666666,0.016666666666666666,0.016666666666666666,0.016666666666666666,0.016666666666666666,0.016666666666666666,0.016666666666666666,0.016666666666666666,0.016666666666666666,0.016666666666666666,0.016666666666666666,0.016666666666666666,0.016666666666666666,0.016666666666666666,0.016666666666666666,0.016666666666666666,0.016666666666666666,0.016666666666666666,0.016666666666666666,0.016666666666666666,0.016666666666666666,0.016666666666666666,0.016666666666666666,0.016666666666666666,0.016666666666666666,0.016666666666666666,0.016666666666666666,0.016666666666666666,0.016666666666666666,0.016666666666666666,0.016666666666666666,0.016666666666666666,0.016666666666666666,0.016666666666666666,0.016666666666666666,0.016666666666666666,0.016666666666666666,0.016666666666666666,0.016666666666666666,0.016666666666666666,0.016666666666666666,0.016666666666666666,0.016666666666666666,0.016666666666666666,0.016666666666666666,0.016666666666666666,0.016666666666666666,0.016666666666666666,0.016666666666666666,0.016666666666666666,0.016666666666666666,0.016666666666666666,0.016666666666666666,0.016666666666666666,Combined Equal Weight
2021-05-03,0.016666666666666666,0.016666666666666666,0.016666666666666666,0.016666666666666666,0.016666666666666666,0.016666666666666666,0.016666666666666666,0.016666666666666666,0.016666666666666666,0.016666666666666666,0.016666666666666666,0.016666666666666666,0.016666666666666666,0.016666666666666666,0.016666666666666666,0.016666666666666666,0.016666666666666666,0.016666666666666666,0.016666666666666666,0.016666666666666666,0.016666666666666666,0.016666666666666666,0.016666666666666666,0.016666666666666666,0.016666666666666666,0.016666666666666666,0.016666666666666666,0.016666666666666666,0.016666666666666666,0.016666666666666666,0.016666666666666666,0.016666666666666666,0.016666666666666666,0.016666666666666666,0.016666666666666666,0.016666666666666666,0.016666666666666666,0.016666666666666666,0.016666666666666666,0.016666666666666666,0.016666666666666666,0.016666666666666666,0.016666666666666666,0.016666666666666666,0.016666666666666666,0.016666666666666666,0.016666666666666666,0.016666666666666666,0.016666666666666666,0.016666666666666666,0.016666666666666666,0.016666666666666666,0.016666666666666666,0.016666666666666666,0.016666666666666666,0.016666666666666666,0.016666666666666666,0.016666666666666666,0.016666666666666666,0.016666666666666666,Combined Equal Weight
2021-06-01,0.016666666666666666,0.016666666666666666,0.016666666666666666,0.016666666666666666,0.016666666666666666,0.016666666666666666,0.016666666666666666,0.016666666666666666,0.016666666666666666,0.016666666666666666,0.016666666666666666,0.016666666666666666,0.016666666666666666,0.016666666666666666,0.016666666666666666,0.016666666666666666,0.016666666666666666,0.016666666666666666,0.016666666666666666,0.016666666666666666,0.016666666666666666,0.016666666666666666,0.016666666666666666,0.016666666666666666,0.016666666666666666,0.016666666666666666,0.016666666666666666,0.016666666666666666,0.016666666666666666,0.016666666666666666,0.016666666666666666,0.016666666666666666,0.016666666666666666,0.016666666666666666,0.016666666666666666,0.016666666666666666,0.016666666666666666,0.016666666666666666,0.016666666666666666,0.016666666666666666,0.016666666666666666,0.016666666666666666,0.016666666666666666,0.016666666666666666,0.016666666666666666,0.016666666666666666,0.016666666666666666,0.016666666666666666,0.016666666666666666,0.016666666666666666,0.016666666666666666,0.016666666666666666,0.016666666666666666,0.016666666666666666,0.016666666666666666,0.016666666666666666,0.016666666666666666,0.016666666666666666,0.016666666666666666,0.016666666666666666,Combined Equal Weight
2021-07-01,0.016666666666666666,0.016666666666666666,0.016666666666666666,0.016666666666666666,0.016666666666666666,0.016666666666666666,0.016666666666666666,0.016666666666666666,0.016666666666666666,0.016666666666666666,0.016666666666666666,0.016666666666666666,0.016666666666666666,0.016666666666666666,0.016666666666666666,0.016666666666666666,0.016666666666666666,0.016666666666666666,0.016666666666666666,0.016666666666666666,0.016666666666666666,0.016666666666666666,0.016666666666666666,0.016666666666666666,0.016666666666666666,0.016666666666666666,0.016666666666666666,0.016666666666666666,0.016666666666666666,0.016666666666666666,0.016666666666666666,0.016666666666666666,0.016666666666666666,0.016666666666666666,0.016666666666666666,0.016666666666666666,0.016666666666666666,0.016666666666666666,0.016666666666666666,0.016666666666666666,0.016666666666666666,0.016666666666666666,0.016666666666666666,0.016666666666666666,0.016666666666666666,0.016666666666666666,0.016666666666666666,0.016666666666666666,0.016666666666666666,0.016666666666666666,0.016666666666666666,0.016666666666666666,0.016666666666666666,0.016666666666666666,0.016666666666666666,0.016666666666666666,0.016666666666666666,0.016666666666666666,0.016666666666666666,0.016666666666666666,Combined Equal Weight
2021-08-02,0.016666666666666666,0.016666666666666666,0.016666666666666666,0.016666666666666666,0.016666666666666666,0.016666666666666666,0.016666666666666666,0.016666666666666666,0.016666666666666666,0.016666666666666666,0.016666666666666666,0.016666666666666666,0.016666666666666666,0.016666666666666666,0.016666666666666666,0.016666666666666666,0.016666666666666666,0.016666666666666666,0.016666666666666666,0.016666666666666666,0.016666666666666666,0.016666666666666666,0.016666666666666666,0.016666666666666666,0.016666666666666666,0.016666666666666666,0.016666666666666666,0.016666666666666666,0.016666666666666666,0.016666666666666666,0.016666666666666666,0.016666666666666666,0.016666666666666666,0.016666666666666666,0.016666666666666666,0.016666666666666666,0.016666666666666666,0.016666666666666666,0.016666666666666666,0.016666666666666666,0.016666666666666666,0.016666666666666666,0.016666666666666666,0.016666666666666666,0.016666666666666666,0.016666666666666666,0.016666666666666666,0.016666666666666666,0.016666666666666666,0.016666666666666666,0.016666666666666666,0.016666666666666666,0.016666666666666666,0.016666666666666666,0.016666666666666666,0.016666666666666666,0.016666666666666666,0.016666666666666666,0.016666666666666666,0.016666666666666666,Combined Equal Weight
2021-09-01,0.016666666666666666,0.016666666666666666,0.016666666666666666,0.016666666666666666,0.016666666666666666,0.016666666666666666,0.016666666666666666,0.016666666666666666,0.016666666666666666,0.016666666666666666,0.016666666666666666,0.016666666666666666,0.016666666666666666,0.016666666666666666,0.016666666666666666,0.016666666666666666,0.016666666666666666,0.016666666666666666,0.016666666666666666,0.016666666666666666,0.016666666666666666,0.016666666666666666,0.016666666666666666,0.016666666666666666,0.016666666666666666,0.016666666666666666,0.016666666666666666,0.016666666666666666,0.016666666666666666,0.016666666666666666,0.016666666666666666,0.016666666666666666,0.016666666666666666,0.016666666666666666,0.016666666666666666,0.016666666666666666,0.016666666666666666,0.016666666666666666,0.016666666666666666,0.016666666666666666,0.016666666666666666,0.016666666666666666,0.016666666666666666,0.016666666666666666,0.016666666666666666,0.016666666666666666,0.016666666666666666,0.016666666666666666,0.016666666666666666,0.016666666666666666,0.016666666666666666,0.016666666666666666,0.016666666666666666,0.016666666666666666,0.016666666666666666,0.016666666666666666,0.016666666666666666,0.016666666666666666,0.016666666666666666,0.016666666666666666,Combined Equal Weight
2021-10-01,0.016666666666666666,0.016666666666666666,0.016666666666666666,0.016666666666666666,0.016666666666666666,0.016666666666666666,0.016666666666666666,0.016666666666666666,0.016666666666666666,0.016666666666666666,0.016666666666666666,0.016666666666666666,0.016666666666666666,0.016666666666666666,0.016666666666666666,0.016666666666666666,0.016666666666666666,0.016666666666666666,0.016666666666666666,0.016666666666666666,0.016666666666666666,0.016666666666666666,0.016666666666666666,0.016666666666666666,0.016666666666666666,0.016666666666666666,0.016666666666666666,0.016666666666666666,0.016666666666666666,0.016666666666666666,0.016666666666666666,0.016666666666666666,0.016666666666666666,0.016666666666666666,0.016666666666666666,0.016666666666666666,0.016666666666666666,0.016666666666666666,0.016666666666666666,0.016666666666666666,0.016666666666666666,0.016666666666666666,0.016666666666666666,0.016666666666666666,0.016666666666666666,0.016666666666666666,0.016666666666666666,0.016666666666666666,0.016666666666666666,0.016666666666666666,0.016666666666666666,0.016666666666666666,0.016666666666666666,0.016666666666666666,0.016666666666666666,0.016666666666666666,0.016666666666666666,0.016666666666666666,0.016666666666666666,0.016666666666666666,Combined Equal Weight
2021-11-01,0.016666666666666666,0.016666666666666666,0.016666666666666666,0.016666666666666666,0.016666666666666666,0.016666666666666666,0.016666666666666666,0.016666666666666666,0.016666666666666666,0.016666666666666666,0.016666666666666666,0.016666666666666666,0.016666666666666666,0.016666666666666666,0.016666666666666666,0.016666666666666666,0.016666666666666666,0.016666666666666666,0.016666666666666666,0.016666666666666666,0.016666666666666666,0.016666666666666666,0.016666666666666666,0.016666666666666666,0.016666666666666666,0.016666666666666666,0.016666666666666666,0.016666666666666666,0.016666666666666666,0.016666666666666666,0.016666666666666666,0.016666666666666666,0.016666666666666666,0.016666666666666666,0.016666666666666666,0.016666666666666666,0.016666666666666666,0.016666666666666666,0.016666666666666666,0.016666666666666666,0.016666666666666666,0.016666666666666666,0.016666666666666666,0.016666666666666666,0.016666666666666666,0.016666666666666666,0.016666666666666666,0.016666666666666666,0.016666666666666666,0.016666666666666666,0.016666666666666666,0.016666666666666666,0.016666666666666666,0.016666666666666666,0.016666666666666666,0.016666666666666666,0.016666666666666666,0.016666666666666666,0.016666666666666666,0.016666666666666666,Combined Equal Weight
2021-12-01,0.016666666666666666,0.016666666666666666,0.016666666666666666,0.016666666666666666,0.016666666666666666,0.016666666666666666,0.016666666666666666,0.016666666666666666,0.016666666666666666,0.016666666666666666,0.016666666666666666,0.016666666666666666,0.016666666666666666,0.016666666666666666,0.016666666666666666,0.016666666666666666,0.016666666666666666,0.016666666666666666,0.016666666666666666,0.016666666666666666,0.016666666666666666,0.016666666666666666,0.016666666666666666,0.016666666666666666,0.016666666666666666,0.016666666666666666,0.016666666666666666,0.016666666666666666,0.016666666666666666,0.016666666666666666,0.016666666666666666,0.016666666666666666,0.016666666666666666,0.016666666666666666,0.016666666666666666,0.016666666666666666,0.016666666666666666,0.016666666666666666,0.016666666666666666,0.016666666666666666,0.016666666666666666,0.016666666666666666,0.016666666666666666,0.016666666666666666,0.016666666666666666,0.016666666666666666,0.016666666666666666,0.016666666666666666,0.016666666666666666,0.016666666666666666,0.016666666666666666,0.016666666666666666,0.016666666666666666,0.016666666666666666,0.016666666666666666,0.016666666666666666,0.016666666666666666,0.016666666666666666,0.016666666666666666,0.016666666666666666,Combined Equal Weight
2022-01-03,0.016666666666666666,0.016666666666666666,0.016666666666666666,0.016666666666666666,0.016666666666666666,0.016666666666666666,0.016666666666666666,0.016666666666666666,0.016666666666666666,0.016666666666666666,0.016666666666666666,0.016666666666666666,0.016666666666666666,0.016666666666666666,0.016666666666666666,0.016666666666666666,0.016666666666666666,0.016666666666666666,0.016666666666666666,0.016666666666666666,0.016666666666666666,0.016666666666666666,0.016666666666666666,0.016666666666666666,0.016666666666666666,0.016666666666666666,0.016666666666666666,0.016666666666666666,0.016666666666666666,0.016666666666666666,0.016666666666666666,0.016666666666666666,0.016666666666666666,0.016666666666666666,0.016666666666666666,0.016666666666666666,0.016666666666666666,0.016666666666666666,0.016666666666666666,0.016666666666666666,0.016666666666666666,0.016666666666666666,0.016666666666666666,0.016666666666666666,0.016666666666666666,0.016666666666666666,0.016666666666666666,0.016666666666666666,0.016666666666666666,0.016666666666666666,0.016666666666666666,0.016666666666666666,0.016666666666666666,0.016666666666666666,0.016666666666666666,0.016666666666666666,0.016666666666666666,0.016666666666666666,0.016666666666666666,0.016666666666666666,Combined Equal Weight
2022-02-01,0.016666666666666666,0.016666666666666666,0.016666666666666666,0.016666666666666666,0.016666666666666666,0.016666666666666666,0.016666666666666666,0.016666666666666666,0.016666666666666666,0.016666666666666666,0.016666666666666666,0.016666666666666666,0.016666666666666666,0.016666666666666666,0.016666666666666666,0.016666666666666666,0.016666666666666666,0.016666666666666666,0.016666666666666666,0.016666666666666666,0.016666666666666666,0.016666666666666666,0.016666666666666666,0.016666666666666666,0.016666666666666666,0.016666666666666666,0.016666666666666666,0.016666666666666666,0.016666666666666666,0.016666666666666666,0.016666666666666666,0.016666666666666666,0.016666666666666666,0.016666666666666666,0.016666666666666666,0.016666666666666666,0.016666666666666666,0.016666666666666666,0.016666666666666666,0.016666666666666666,0.016666666666666666,0.016666666666666666,0.016666666666666666,0.016666666666666666,0.016666666666666666,0.016666666666666666,0.016666666666666666,0.016666666666666666,0.016666666666666666,0.016666666666666666,0.016666666666666666,0.016666666666666666,0.016666666666666666,0.016666666666666666,0.016666666666666666,0.016666666666666666,0.016666666666666666,0.016666666666666666,0.016666666666666666,0.016666666666666666,Combined Equal Weight
2022-03-01,0.016666666666666666,0.016666666666666666,0.016666666666666666,0.016666666666666666,0.016666666666666666,0.016666666666666666,0.016666666666666666,0.016666666666666666,0.016666666666666666,0.016666666666666666,0.016666666666666666,0.016666666666666666,0.016666666666666666,0.016666666666666666,0.016666666666666666,0.016666666666666666,0.016666666666666666,0.016666666666666666,0.016666666666666666,0.016666666666666666,0.016666666666666666,0.016666666666666666,0.016666666666666666,0.016666666666666666,0.016666666666666666,0.016666666666666666,0.016666666666666666,0.016666666666666666,0.016666666666666666,0.016666666666666666,0.016666666666666666,0.016666666666666666,0.016666666666666666,0.016666666666666666,0.016666666666666666,0.016666666666666666,0.016666666666666666,0.016666666666666666,0.016666666666666666,0.016666666666666666,0.016666666666666666,0.016666666666666666,0.016666666666666666,0.016666666666666666,0.016666666666666666,0.016666666666666666,0.016666666666666666,0.016666666666666666,0.016666666666666666,0.016666666666666666,0.016666666666666666,0.016666666666666666,0.016666666666666666,0.016666666666666666,0.016666666666666666,0.016666666666666666,0.016666666666666666,0.016666666666666666,0.016666666666666666,0.016666666666666666,Combined Equal Weight
2022-04-01,0.016666666666666666,0.016666666666666666,0.016666666666666666,0.016666666666666666,0.016666666666666666,0.016666666666666666,0.016666666666666666,0.016666666666666666,0.016666666666666666,0.016666666666666666,0.016666666666666666,0.016666666666666666,0.016666666666666666,0.016666666666666666,0.016666666666666666,0.016666666666666666,0.016666666666666666,0.016666666666666666,0.016666666666666666,0.016666666666666666,0.016666666666666666,0.016666666666666666,0.016666666666666666,0.016666666666666666,0.016666666666666666,0.016666666666666666,0.016666666666666666,0.016666666666666666,0.016666666666666666,0.016666666666666666,0.016666666666666666,0.016666666666666666,0.016666666666666666,0.016666666666666666,0.016666666666666666,0.016666666666666666,0.016666666666666666,0.016666666666666666,0.016666666666666666,0.016666666666666666,0.016666666666666666,0.016666666666666666,0.016666666666666666,0.016666666666666666,0.016666666666666666,0.016666666666666666,0.016666666666666666,0.016666666666666666,0.016666666666666666,0.016666666666666666,0.016666666666666666,0.016666666666666666,0.016666666666666666,0.016666666666666666,0.016666666666666666,0.016666666666666666,0.016666666666666666,0.016666666666666666,0.016666666666666666,0.016666666666666666,Combined Equal Weight
2022-05-02,0.016666666666666666,0.016666666666666666,0.016666666666666666,0.016666666666666666,0.016666666666666666,0.016666666666666666,0.016666666666666666,0.016666666666666666,0.016666666666666666,0.016666666666666666,0.016666666666666666,0.016666666666666666,0.016666666666666666,0.016666666666666666,0.016666666666666666,0.016666666666666666,0.016666666666666666,0.016666666666666666,0.016666666666666666,0.016666666666666666,0.016666666666666666,0.016666666666666666,0.016666666666666666,0.016666666666666666,0.016666666666666666,0.016666666666666666,0.016666666666666666,0.016666666666666666,0.016666666666666666,0.016666666666666666,0.016666666666666666,0.016666666666666666,0.016666666666666666,0.016666666666666666,0.016666666666666666,0.016666666666666666,0.016666666666666666,0.016666666666666666,0.016666666666666666,0.016666666666666666,0.016666666666666666,0.016666666666666666,0.016666666666666666,0.016666666666666666,0.016666666666666666,0.016666666666666666,0.016666666666666666,0.016666666666666666,0.016666666666666666,0.016666666666666666,0.016666666666666666,0.016666666666666666,0.016666666666666666,0.016666666666666666,0.016666666666666666,0.016666666666666666,0.016666666666666666,0.016666666666666666,0.016666666666666666,0.016666666666666666,Combined Equal Weight
2022-06-01,0.016666666666666666,0.016666666666666666,0.016666666666666666,0.016666666666666666,0.016666666666666666,0.016666666666666666,0.016666666666666666,0.016666666666666666,0.016666666666666666,0.016666666666666666,0.016666666666666666,0.016666666666666666,0.016666666666666666,0.016666666666666666,0.016666666666666666,0.016666666666666666,0.016666666666666666,0.016666666666666666,0.016666666666666666,0.016666666666666666,0.016666666666666666,0.016666666666666666,0.016666666666666666,0.016666666666666666,0.016666666666666666,0.016666666666666666,0.016666666666666666,0.016666666666666666,0.016666666666666666,0.016666666666666666,0.016666666666666666,0.016666666666666666,0.016666666666666666,0.016666666666666666,0.016666666666666666,0.016666666666666666,0.016666666666666666,0.016666666666666666,0.016666666666666666,0.016666666666666666,0.016666666666666666,0.016666666666666666,0.016666666666666666,0.016666666666666666,0.016666666666666666,0.016666666666666666,0.016666666666666666,0.016666666666666666,0.016666666666666666,0.016666666666666666,0.016666666666666666,0.016666666666666666,0.016666666666666666,0.016666666666666666,0.016666666666666666,0.016666666666666666,0.016666666666666666,0.016666666666666666,0.016666666666666666,0.016666666666666666,Combined Equal Weight
2022-07-01,0.016666666666666666,0.016666666666666666,0.016666666666666666,0.016666666666666666,0.016666666666666666,0.016666666666666666,0.016666666666666666,0.016666666666666666,0.016666666666666666,0.016666666666666666,0.016666666666666666,0.016666666666666666,0.016666666666666666,0.016666666666666666,0.016666666666666666,0.016666666666666666,0.016666666666666666,0.016666666666666666,0.016666666666666666,0.016666666666666666,0.016666666666666666,0.016666666666666666,0.016666666666666666,0.016666666666666666,0.016666666666666666,0.016666666666666666,0.016666666666666666,0.016666666666666666,0.016666666666666666,0.016666666666666666,0.016666666666666666,0.016666666666666666,0.016666666666666666,0.016666666666666666,0.016666666666666666,0.016666666666666666,0.016666666666666666,0.016666666666666666,0.016666666666666666,0.016666666666666666,0.016666666666666666,0.016666666666666666,0.016666666666666666,0.016666666666666666,0.016666666666666666,0.016666666666666666,0.016666666666666666,0.016666666666666666,0.016666666666666666,0.016666666666666666,0.016666666666666666,0.016666666666666666,0.016666666666666666,0.016666666666666666,0.016666666666666666,0.016666666666666666,0.016666666666666666,0.016666666666666666,0.016666666666666666,0.016666666666666666,Combined Equal Weight
2022-08-01,0.016666666666666666,0.016666666666666666,0.016666666666666666,0.016666666666666666,0.016666666666666666,0.016666666666666666,0.016666666666666666,0.016666666666666666,0.016666666666666666,0.016666666666666666,0.016666666666666666,0.016666666666666666,0.016666666666666666,0.016666666666666666,0.016666666666666666,0.016666666666666666,0.016666666666666666,0.016666666666666666,0.016666666666666666,0.016666666666666666,0.016666666666666666,0.016666666666666666,0.016666666666666666,0.016666666666666666,0.016666666666666666,0.016666666666666666,0.016666666666666666,0.016666666666666666,0.016666666666666666,0.016666666666666666,0.016666666666666666,0.016666666666666666,0.016666666666666666,0.016666666666666666,0.016666666666666666,0.016666666666666666,0.016666666666666666,0.016666666666666666,0.016666666666666666,0.016666666666666666,0.016666666666666666,0.016666666666666666,0.016666666666666666,0.016666666666666666,0.016666666666666666,0.016666666666666666,0.016666666666666666,0.016666666666666666,0.016666666666666666,0.016666666666666666,0.016666666666666666,0.016666666666666666,0.016666666666666666,0.016666666666666666,0.016666666666666666,0.016666666666666666,0.016666666666666666,0.016666666666666666,0.016666666666666666,0.016666666666666666,Combined Equal Weight
2022-09-01,0.016666666666666666,0.016666666666666666,0.016666666666666666,0.016666666666666666,0.016666666666666666,0.016666666666666666,0.016666666666666666,0.016666666666666666,0.016666666666666666,0.016666666666666666,0.016666666666666666,0.016666666666666666,0.016666666666666666,0.016666666666666666,0.016666666666666666,0.016666666666666666,0.016666666666666666,0.016666666666666666,0.016666666666666666,0.016666666666666666,0.016666666666666666,0.016666666666666666,0.016666666666666666,0.016666666666666666,0.016666666666666666,0.016666666666666666,0.016666666666666666,0.016666666666666666,0.016666666666666666,0.016666666666666666,0.016666666666666666,0.016666666666666666,0.016666666666666666,0.016666666666666666,0.016666666666666666,0.016666666666666666,0.016666666666666666,0.016666666666666666,0.016666666666666666,0.016666666666666666,0.016666666666666666,0.016666666666666666,0.016666666666666666,0.016666666666666666,0.016666666666666666,0.016666666666666666,0.016666666666666666,0.016666666666666666,0.016666666666666666,0.016666666666666666,0.016666666666666666,0.016666666666666666,0.016666666666666666,0.016666666666666666,0.016666666666666666,0.016666666666666666,0.016666666666666666,0.016666666666666666,0.016666666666666666,0.016666666666666666,Combined Equal Weight
2022-10-03,0.016666666666666666,0.016666666666666666,0.016666666666666666,0.016666666666666666,0.016666666666666666,0.016666666666666666,0.016666666666666666,0.016666666666666666,0.016666666666666666,0.016666666666666666,0.016666666666666666,0.016666666666666666,0.016666666666666666,0.016666666666666666,0.016666666666666666,0.016666666666666666,0.016666666666666666,0.016666666666666666,0.016666666666666666,0.016666666666666666,0.016666666666666666,0.016666666666666666,0.016666666666666666,0.016666666666666666,0.016666666666666666,0.016666666666666666,0.016666666666666666,0.016666666666666666,0.016666666666666666,0.016666666666666666,0.016666666666666666,0.016666666666666666,0.016666666666666666,0.016666666666666666,0.016666666666666666,0.016666666666666666,0.016666666666666666,0.016666666666666666,0.016666666666666666,0.016666666666666666,0.016666666666666666,0.016666666666666666,0.016666666666666666,0.016666666666666666,0.016666666666666666,0.016666666666666666,0.016666666666666666,0.016666666666666666,0.016666666666666666,0.016666666666666666,0.016666666666666666,0.016666666666666666,0.016666666666666666,0.016666666666666666,0.016666666666666666,0.016666666666666666,0.016666666666666666,0.016666666666666666,0.016666666666666666,0.016666666666666666,Combined Equal Weight
2022-11-01,0.016666666666666666,0.016666666666666666,0.016666666666666666,0.016666666666666666,0.016666666666666666,0.016666666666666666,0.016666666666666666,0.016666666666666666,0.016666666666666666,0.016666666666666666,0.016666666666666666,0.016666666666666666,0.016666666666666666,0.016666666666666666,0.016666666666666666,0.016666666666666666,0.016666666666666666,0.016666666666666666,0.016666666666666666,0.016666666666666666,0.016666666666666666,0.016666666666666666,0.016666666666666666,0.016666666666666666,0.016666666666666666,0.016666666666666666,0.016666666666666666,0.016666666666666666,0.016666666666666666,0.016666666666666666,0.016666666666666666,0.016666666666666666,0.016666666666666666,0.016666666666666666,0.016666666666666666,0.016666666666666666,0.016666666666666666,0.016666666666666666,0.016666666666666666,0.016666666666666666,0.016666666666666666,0.016666666666666666,0.016666666666666666,0.016666666666666666,0.016666666666666666,0.016666666666666666,0.016666666666666666,0.016666666666666666,0.016666666666666666,0.016666666666666666,0.016666666666666666,0.016666666666666666,0.016666666666666666,0.016666666666666666,0.016666666666666666,0.016666666666666666,0.016666666666666666,0.016666666666666666,0.016666666666666666,0.016666666666666666,Combined Equal Weight
2022-12-01,0.016666666666666666,0.016666666666666666,0.016666666666666666,0.016666666666666666,0.016666666666666666,0.016666666666666666,0.016666666666666666,0.016666666666666666,0.016666666666666666,0.016666666666666666,0.016666666666666666,0.016666666666666666,0.016666666666666666,0.016666666666666666,0.016666666666666666,0.016666666666666666,0.016666666666666666,0.016666666666666666,0.016666666666666666,0.016666666666666666,0.016666666666666666,0.016666666666666666,0.016666666666666666,0.016666666666666666,0.016666666666666666,0.016666666666666666,0.016666666666666666,0.016666666666666666,0.016666666666666666,0.016666666666666666,0.016666666666666666,0.016666666666666666,0.016666666666666666,0.016666666666666666,0.016666666666666666,0.016666666666666666,0.016666666666666666,0.016666666666666666,0.016666666666666666,0.016666666666666666,0.016666666666666666,0.016666666666666666,0.016666666666666666,0.016666666666666666,0.016666666666666666,0.016666666666666666,0.016666666666666666,0.016666666666666666,0.016666666666666666,0.016666666666666666,0.016666666666666666,0.016666666666666666,0.016666666666666666,0.016666666666666666,0.016666666666666666,0.016666666666666666,0.016666666666666666,0.016666666666666666,0.016666666666666666,0.016666666666666666,Combined Equal Weight
2023-01-03,0.016666666666666666,0.016666666666666666,0.016666666666666666,0.016666666666666666,0.016666666666666666,0.016666666666666666,0.016666666666666666,0.016666666666666666,0.016666666666666666,0.016666666666666666,0.016666666666666666,0.016666666666666666,0.016666666666666666,0.016666666666666666,0.016666666666666666,0.016666666666666666,0.016666666666666666,0.016666666666666666,0.016666666666666666,0.016666666666666666,0.016666666666666666,0.016666666666666666,0.016666666666666666,0.016666666666666666,0.016666666666666666,0.016666666666666666,0.016666666666666666,0.016666666666666666,0.016666666666666666,0.016666666666666666,0.016666666666666666,0.016666666666666666,0.016666666666666666,0.016666666666666666,0.016666666666666666,0.016666666666666666,0.016666666666666666,0.016666666666666666,0.016666666666666666,0.016666666666666666,0.016666666666666666,0.016666666666666666,0.016666666666666666,0.016666666666666666,0.016666666666666666,0.016666666666666666,0.016666666666666666,0.016666666666666666,0.016666666666666666,0.016666666666666666,0.016666666666666666,0.016666666666666666,0.016666666666666666,0.016666666666666666,0.016666666666666666,0.016666666666666666,0.016666666666666666,0.016666666666666666,0.016666666666666666,0.016666666666666666,Combined Equal Weight
2023-02-01,0.016666666666666666,0.016666666666666666,0.016666666666666666,0.016666666666666666,0.016666666666666666,0.016666666666666666,0.016666666666666666,0.016666666666666666,0.016666666666666666,0.016666666666666666,0.016666666666666666,0.016666666666666666,0.016666666666666666,0.016666666666666666,0.016666666666666666,0.016666666666666666,0.016666666666666666,0.016666666666666666,0.016666666666666666,0.016666666666666666,0.016666666666666666,0.016666666666666666,0.016666666666666666,0.016666666666666666,0.016666666666666666,0.016666666666666666,0.016666666666666666,0.016666666666666666,0.016666666666666666,0.016666666666666666,0.016666666666666666,0.016666666666666666,0.016666666666666666,0.016666666666666666,0.016666666666666666,0.016666666666666666,0.016666666666666666,0.016666666666666666,0.016666666666666666,0.016666666666666666,0.016666666666666666,0.016666666666666666,0.016666666666666666,0.016666666666666666,0.016666666666666666,0.016666666666666666,0.016666666666666666,0.016666666666666666,0.016666666666666666,0.016666666666666666,0.016666666666666666,0.016666666666666666,0.016666666666666666,0.016666666666666666,0.016666666666666666,0.016666666666666666,0.016666666666666666,0.016666666666666666,0.016666666666666666,0.016666666666666666,Combined Equal Weight
2023-03-01,0.016666666666666666,0.016666666666666666,0.016666666666666666,0.016666666666666666,0.016666666666666666,0.016666666666666666,0.016666666666666666,0.016666666666666666,0.016666666666666666,0.016666666666666666,0.016666666666666666,0.016666666666666666,0.016666666666666666,0.016666666666666666,0.016666666666666666,0.016666666666666666,0.016666666666666666,0.016666666666666666,0.016666666666666666,0.016666666666666666,0.016666666666666666,0.016666666666666666,0.016666666666666666,0.016666666666666666,0.016666666666666666,0.016666666666666666,0.016666666666666666,0.016666666666666666,0.016666666666666666,0.016666666666666666,0.016666666666666666,0.016666666666666666,0.016666666666666666,0.016666666666666666,0.016666666666666666,0.016666666666666666,0.016666666666666666,0.016666666666666666,0.016666666666666666,0.016666666666666666,0.016666666666666666,0.016666666666666666,0.016666666666666666,0.016666666666666666,0.016666666666666666,0.016666666666666666,0.016666666666666666,0.016666666666666666,0.016666666666666666,0.016666666666666666,0.016666666666666666,0.016666666666666666,0.016666666666666666,0.016666666666666666,0.016666666666666666,0.016666666666666666,0.016666666666666666,0.016666666666666666,0.016666666666666666,0.016666666666666666,Combined Equal Weight
2023-04-03,0.016666666666666666,0.016666666666666666,0.016666666666666666,0.016666666666666666,0.016666666666666666,0.016666666666666666,0.016666666666666666,0.016666666666666666,0.016666666666666666,0.016666666666666666,0.016666666666666666,0.016666666666666666,0.016666666666666666,0.016666666666666666,0.016666666666666666,0.016666666666666666,0.016666666666666666,0.016666666666666666,0.016666666666666666,0.016666666666666666,0.016666666666666666,0.016666666666666666,0.016666666666666666,0.016666666666666666,0.016666666666666666,0.016666666666666666,0.016666666666666666,0.016666666666666666,0.016666666666666666,0.016666666666666666,0.016666666666666666,0.016666666666666666,0.016666666666666666,0.016666666666666666,0.016666666666666666,0.016666666666666666,0.016666666666666666,0.016666666666666666,0.016666666666666666,0.016666666666666666,0.016666666666666666,0.016666666666666666,0.016666666666666666,0.016666666666666666,0.016666666666666666,0.016666666666666666,0.016666666666666666,0.016666666666666666,0.016666666666666666,0.016666666666666666,0.016666666666666666,0.016666666666666666,0.016666666666666666,0.016666666666666666,0.016666666666666666,0.016666666666666666,0.016666666666666666,0.016666666666666666,0.016666666666666666,0.016666666666666666,Combined Equal Weight
2023-05-01,0.016666666666666666,0.016666666666666666,0.016666666666666666,0.016666666666666666,0.016666666666666666,0.016666666666666666,0.016666666666666666,0.016666666666666666,0.016666666666666666,0.016666666666666666,0.016666666666666666,0.016666666666666666,0.016666666666666666,0.016666666666666666,0.016666666666666666,0.016666666666666666,0.016666666666666666,0.016666666666666666,0.016666666666666666,0.016666666666666666,0.016666666666666666,0.016666666666666666,0.016666666666666666,0.016666666666666666,0.016666666666666666,0.016666666666666666,0.016666666666666666,0.016666666666666666,0.016666666666666666,0.016666666666666666,0.016666666666666666,0.016666666666666666,0.016666666666666666,0.016666666666666666,0.016666666666666666,0.016666666666666666,0.016666666666666666,0.016666666666666666,0.016666666666666666,0.016666666666666666,0.016666666666666666,0.016666666666666666,0.016666666666666666,0.016666666666666666,0.016666666666666666,0.016666666666666666,0.016666666666666666,0.016666666666666666,0.016666666666666666,0.016666666666666666,0.016666666666666666,0.016666666666666666,0.016666666666666666,0.016666666666666666,0.016666666666666666,0.016666666666666666,0.016666666666666666,0.016666666666666666,0.016666666666666666,0.016666666666666666,Combined Equal Weight
2023-06-01,0.016666666666666666,0.016666666666666666,0.016666666666666666,0.016666666666666666,0.016666666666666666,0.016666666666666666,0.016666666666666666,0.016666666666666666,0.016666666666666666,0.016666666666666666,0.016666666666666666,0.016666666666666666,0.016666666666666666,0.016666666666666666,0.016666666666666666,0.016666666666666666,0.016666666666666666,0.016666666666666666,0.016666666666666666,0.016666666666666666,0.016666666666666666,0.016666666666666666,0.016666666666666666,0.016666666666666666,0.016666666666666666,0.016666666666666666,0.016666666666666666,0.016666666666666666,0.016666666666666666,0.016666666666666666,0.016666666666666666,0.016666666666666666,0.016666666666666666,0.016666666666666666,0.016666666666666666,0.016666666666666666,0.016666666666666666,0.016666666666666666,0.016666666666666666,0.016666666666666666,0.016666666666666666,0.016666666666666666,0.016666666666666666,0.016666666666666666,0.016666666666666666,0.016666666666666666,0.016666666666666666,0.016666666666666666,0.016666666666666666,0.016666666666666666,0.016666666666666666,0.016666666666666666,0.016666666666666666,0.016666666666666666,0.016666666666666666,0.016666666666666666,0.016666666666666666,0.016666666666666666,0.016666666666666666,0.016666666666666666,Combined Equal Weight
2023-07-03,0.016666666666666666,0.016666666666666666,0.016666666666666666,0.016666666666666666,0.016666666666666666,0.016666666666666666,0.016666666666666666,0.016666666666666666,0.016666666666666666,0.016666666666666666,0.016666666666666666,0.016666666666666666,0.016666666666666666,0.016666666666666666,0.016666666666666666,0.016666666666666666,0.016666666666666666,0.016666666666666666,0.016666666666666666,0.016666666666666666,0.016666666666666666,0.016666666666666666,0.016666666666666666,0.016666666666666666,0.016666666666666666,0.016666666666666666,0.016666666666666666,0.016666666666666666,0.016666666666666666,0.016666666666666666,0.016666666666666666,0.016666666666666666,0.016666666666666666,0.016666666666666666,0.016666666666666666,0.016666666666666666,0.016666666666666666,0.016666666666666666,0.016666666666666666,0.016666666666666666,0.016666666666666666,0.016666666666666666,0.016666666666666666,0.016666666666666666,0.016666666666666666,0.016666666666666666,0.016666666666666666,0.016666666666666666,0.016666666666666666,0.016666666666666666,0.016666666666666666,0.016666666666666666,0.016666666666666666,0.016666666666666666,0.016666666666666666,0.016666666666666666,0.016666666666666666,0.016666666666666666,0.016666666666666666,0.016666666666666666,Combined Equal Weight
2023-08-01,0.016666666666666666,0.016666666666666666,0.016666666666666666,0.016666666666666666,0.016666666666666666,0.016666666666666666,0.016666666666666666,0.016666666666666666,0.016666666666666666,0.016666666666666666,0.016666666666666666,0.016666666666666666,0.016666666666666666,0.016666666666666666,0.016666666666666666,0.016666666666666666,0.016666666666666666,0.016666666666666666,0.016666666666666666,0.016666666666666666,0.016666666666666666,0.016666666666666666,0.016666666666666666,0.016666666666666666,0.016666666666666666,0.016666666666666666,0.016666666666666666,0.016666666666666666,0.016666666666666666,0.016666666666666666,0.016666666666666666,0.016666666666666666,0.016666666666666666,0.016666666666666666,0.016666666666666666,0.016666666666666666,0.016666666666666666,0.016666666666666666,0.016666666666666666,0.016666666666666666,0.016666666666666666,0.016666666666666666,0.016666666666666666,0.016666666666666666,0.016666666666666666,0.016666666666666666,0.016666666666666666,0.016666666666666666,0.016666666666666666,0.016666666666666666,0.016666666666666666,0.016666666666666666,0.016666666666666666,0.016666666666666666,0.016666666666666666,0.016666666666666666,0.016666666666666666,0.016666666666666666,0.016666666666666666,0.016666666666666666,Combined Equal Weight
2023-09-01,0.016666666666666666,0.016666666666666666,0.016666666666666666,0.016666666666666666,0.016666666666666666,0.016666666666666666,0.016666666666666666,0.016666666666666666,0.016666666666666666,0.016666666666666666,0.016666666666666666,0.016666666666666666,0.016666666666666666,0.016666666666666666,0.016666666666666666,0.016666666666666666,0.016666666666666666,0.016666666666666666,0.016666666666666666,0.016666666666666666,0.016666666666666666,0.016666666666666666,0.016666666666666666,0.016666666666666666,0.016666666666666666,0.016666666666666666,0.016666666666666666,0.016666666666666666,0.016666666666666666,0.016666666666666666,0.016666666666666666,0.016666666666666666,0.016666666666666666,0.016666666666666666,0.016666666666666666,0.016666666666666666,0.016666666666666666,0.016666666666666666,0.016666666666666666,0.016666666666666666,0.016666666666666666,0.016666666666666666,0.016666666666666666,0.016666666666666666,0.016666666666666666,0.016666666666666666,0.016666666666666666,0.016666666666666666,0.016666666666666666,0.016666666666666666,0.016666666666666666,0.016666666666666666,0.016666666666666666,0.016666666666666666,0.016666666666666666,0.016666666666666666,0.016666666666666666,0.016666666666666666,0.016666666666666666,0.016666666666666666,Combined Equal Weight
2023-10-02,0.016666666666666666,0.016666666666666666,0.016666666666666666,0.016666666666666666,0.016666666666666666,0.016666666666666666,0.016666666666666666,0.016666666666666666,0.016666666666666666,0.016666666666666666,0.016666666666666666,0.016666666666666666,0.016666666666666666,0.016666666666666666,0.016666666666666666,0.016666666666666666,0.016666666666666666,0.016666666666666666,0.016666666666666666,0.016666666666666666,0.016666666666666666,0.016666666666666666,0.016666666666666666,0.016666666666666666,0.016666666666666666,0.016666666666666666,0.016666666666666666,0.016666666666666666,0.016666666666666666,0.016666666666666666,0.016666666666666666,0.016666666666666666,0.016666666666666666,0.016666666666666666,0.016666666666666666,0.016666666666666666,0.016666666666666666,0.016666666666666666,0.016666666666666666,0.016666666666666666,0.016666666666666666,0.016666666666666666,0.016666666666666666,0.016666666666666666,0.016666666666666666,0.016666666666666666,0.016666666666666666,0.016666666666666666,0.016666666666666666,0.016666666666666666,0.016666666666666666,0.016666666666666666,0.016666666666666666,0.016666666666666666,0.016666666666666666,0.016666666666666666,0.016666666666666666,0.016666666666666666,0.016666666666666666,0.016666666666666666,Combined Equal Weight
2023-11-01,0.016666666666666666,0.016666666666666666,0.016666666666666666,0.016666666666666666,0.016666666666666666,0.016666666666666666,0.016666666666666666,0.016666666666666666,0.016666666666666666,0.016666666666666666,0.016666666666666666,0.016666666666666666,0.016666666666666666,0.016666666666666666,0.016666666666666666,0.016666666666666666,0.016666666666666666,0.016666666666666666,0.016666666666666666,0.016666666666666666,0.016666666666666666,0.016666666666666666,0.016666666666666666,0.016666666666666666,0.016666666666666666,0.016666666666666666,0.016666666666666666,0.016666666666666666,0.016666666666666666,0.016666666666666666,0.016666666666666666,0.016666666666666666,0.016666666666666666,0.016666666666666666,0.016666666666666666,0.016666666666666666,0.016666666666666666,0.016666666666666666,0.016666666666666666,0.016666666666666666,0.016666666666666666,0.016666666666666666,0.016666666666666666,0.016666666666666666,0.016666666666666666,0.016666666666666666,0.016666666666666666,0.016666666666666666,0.016666666666666666,0.016666666666666666,0.016666666666666666,0.016666666666666666,0.016666666666666666,0.016666666666666666,0.016666666666666666,0.016666666666666666,0.016666666666666666,0.016666666666666666,0.016666666666666666,0.016666666666666666,Combined Equal Weight
2023-12-01,0.016666666666666666,0.016666666666666666,0.016666666666666666,0.016666666666666666,0.016666666666666666,0.016666666666666666,0.016666666666666666,0.016666666666666666,0.016666666666666666,0.016666666666666666,0.016666666666666666,0.016666666666666666,0.016666666666666666,0.016666666666666666,0.016666666666666666,0.016666666666666666,0.016666666666666666,0.016666666666666666,0.016666666666666666,0.016666666666666666,0.016666666666666666,0.016666666666666666,0.016666666666666666,0.016666666666666666,0.016666666666666666,0.016666666666666666,0.016666666666666666,0.016666666666666666,0.016666666666666666,0.016666666666666666,0.016666666666666666,0.016666666666666666,0.016666666666666666,0.016666666666666666,0.016666666666666666,0.016666666666666666,0.016666666666666666,0.016666666666666666,0.016666666666666666,0.016666666666666666,0.016666666666666666,0.016666666666666666,0.016666666666666666,0.016666666666666666,0.016666666666666666,0.016666666666666666,0.016666666666666666,0.016666666666666666,0.016666666666666666,0.016666666666666666,0.016666666666666666,0.016666666666666666,0.016666666666666666,0.016666666666666666,0.016666666666666666,0.016666666666666666,0.016666666666666666,0.016666666666666666,0.016666666666666666,0.016666666666666666,Combined Equal Weight
2020-08-03,0.08764006217261607,3.144186300207963e-17,3.034147113939885e-19,1.97211328267926e-18,0.02107489697107396,0.0,0.01952233923025354,1.4080402477781586e-18,0.0,1.2772656951902191e-19,4.133520782600986e-18,0.0,3.200274749997136e-19,0.0009814490789311742,0.0,1.7390948618442765e-20,3.7728427966670205e-18,0.0,0.0,0.0,1.4163671937273513e-18,0.09874549594176997,1.1724862608403316e-20,0.0,0.0,0.0,0.12774629160227452,0.0,1.7821699844978849e-19,0.03493060032805819,0.0,0.03922032464220308,0.07331551989983065,0.0,0.0,0.15447004067506942,1.7651376058405672e-17,5.761698689915622e-19,6.031803288186077e-19,1.6433889847368113e-19,0.0,1.279070561424925e-18,0.055070371403535386,1.3902298427664187e-18,7.515730386576584e-19,0.0,0.0,1.305458375523301e-18,0.009618152398993541,0.02214415165294261,0.0,0.08058364396188092,0.05112680852463693,3.5538758410966227e-19,8.261309573363366e-19,0.0,0.12380985151593007,3.190668585717025e-19,1.1199530502134813e-18,0.0,Combined Min Variance
2020-09-01,0.06783236011225355,0.029743808381929,0.0,1.3501123363935414e-17,0.03822691775461288,0.0,0.04102978932168456,8.512481424660957e-18,0.0,0.0,0.007685566045383207,0.006836019580901164,0.0028213196295427323,0.023791244868611942,0.0,0.0,1.5074879218030978e-17,1.4463082602001622e-18,1.0733601507606494e-17,5.088570764173032e-19,8.456776945386935e-18,0.08097472950176021,0.0,0.0,0.0,0.0,0.09811309622919448,0.0,0.0,0.040645849591431485,0.0,0.040781517137713795,0.06420918804279639,0.0,5.1663935504867335e-05,0.10876191435390518,0.017228310809355562,1.0094164634862973e-19,0.0,0.0,0.0,0.0,0.0507137790749165,2.230298778766073e-18,0.0,0.008855857474267663,0.0,0.0,0.028249305423654923,0.031414960854133527,0.0,0.07050310442280455,0.05048059900859849,0.0,1.0980699725481065e-18,0.0,0.09104909844504329,0.0,0.0,3.9474822394597866e-18,Combined Min Variance
2020-10-01,0.0685450061700673,0.02829392381652014,1.5929420380201171e-18,2.1022909848532957e-18,0.040278363268697305,2.30838611388457e-18,0.03850958897484772,0.0,0.0,9.779740130855231e-20,0.006191642331334105,0.007173953245896949,0.0007959858795836081,0.02429344698085259,0.0,1.1754596814853471e-18,0.0,0.0,0.003082386742138714,0.0,0.00020533068254756804,0.07870521797286291,4.1067068871612646e-19,2.3863071122393598e-18,0.0,1.6053622163086645e-18,0.09851492212018256,2.7792169534701615e-18,1.844265220845423e-18,0.03997076612165406,0.0,0.03970299845093336,0.06464919336536491,0.0,4.9904807398202904e-05,0.10588281935531535,0.023199437638991578,2.2524379381320766e-18,3.276604405424581e-18,2.355425727626402e-18,4.282839965382837e-19,2.0527705132743675e-18,0.05209044126989529,1.3113602484747822e-19,1.7563693076425557e-18,0.007726055165352311,5.731952626285414e-19,1.9262038428635882e-18,0.031812408160338215,0.030039014223059463,1.7616493094887814e-18,0.06959571841972423,0.04960911201252376,1.981370367609e-18,0.0,0.0,0.09108236282391784,1.2328647090243722e-18,3.01332398464795e-19,2.938012970601871e-18,Combined Min Variance
2020-11-02,0.06881208135946262,0.027416080998769122,5.138908063673977e-19,1.287568355114167e-17,0.04228881000838672,2.012285526888821e-18,0.037300913522558814,1.3982017963814888e-17,1.8243302828948465e-19,6.504326207563037e-19,0.007489771919075082,0.005213592943813302,0.0020716187482636306,0.021386137975341182,2.962259550165694e-19,0.0,0.00011691559102413977,4.0302679611913974e-19,0.001724627385614835,0.0,0.000910884519533901,0.07916567672218022,0.0,0.0,0.0,0.0,0.09849272962753161,0.0,2.663640656480562e-18,0.03978380458313901,8.131881203585839e-19,0.041198470397162415,0.0653844247015668,4.170887589937372e-19,7.806255641895632e-18,0.10547055806616187,0.022770900514512277,2.6414945610246963e-18,1.0756755221995997e-18,1.179691537496663e-20,7.640193073859027e-19,1.824421425210392e-18,0.05388713276171179,1.4447198116511438e-18,2.8472218904933334e-18,0.009495716382345625,0.0,9.5908169258462e-18,0.032940362837919665,0.02909424454647307,0.0,0.06988280999701586,0.04504971687058052,0.0,5.847076574628471e-18,0.0,0.09265201701985591,0.0,8.49888349002674e-18,3.784829142335905e-18,Combined Min Variance
2020-12-01,0.0678297816087595,0.0262014016177353,0.0,1.7064209100859102e-18,0.042164725873624694,0.0,0.03638825469420466,7.308181133217777e-18,1.608134986097862e-18,4.3312471598935695e-19,0.009227661032835581,0.005842035969255099,0.004371721861230178,0.020239561195108422,2.112068463068872e-19,1.4904343842040194e-18,1.3511670164877865e-17,0.0,0.0007244360488290157,2.098035642877262e-18,0.00010837433388527495,0.0793608671171435,1.904534788990543e-18,1.5347322961994298e-18,4.774778630185162e-19,4.8506216138548715e-19,0.09911295014244427,7.17974173560002e-19,0.0,0.03955859662251945,2.4022027275273604e-18,0.041120915503597644,0.06538928656844971,2.181819038665384e-18,4.553649124439119e-18,0.10563138993098271,0.02344271870273813,0.0,1.2196342274886164e-18,0.0,2.100756843253669e-18,0.0,0.05449847152482574,0.0,0.0,0.0089030409521304,8.099074914025305e-19,0.0,0.03287746694136846,0.03034561864721349,1.2761204695555933e-19,0.06978420236258678,0.04391748474180949,1.5006593202836857e-18,0.0,2.2593954375106934e-18,0.0929590360067226,1.691604804653306e-18,0.0,8.935970275073742e-20,Combined Min Variance
2021-01-04,0.06219483466258134,0.02945461091386674,1.5022920871104047e-18,0.0,0.04130905862487809,0.0,0.0380424357596258,0.0,2.9238339599761397e-19,7.797296583674901e-19,0.011929208183826128,0.00962404780263085,0.01094873626607427,0.02260111439385944,2.0077801867439444e-18,1.078905157446476e-18,0.006294641173216195,0.0,0.004566414748024614,0.0,0.006988385793766031,0.07427511377933457,6.354764415697842e-19,5.819509390146682e-19,2.1857657371309096e-18,0.0,0.08985378914740902,1.0481610133573566e-18,1.3708244994032876e-18,0.03886504752940326,4.83668034341563e-19,0.03939619591204424,0.061101433905391724,0.0,0.007165013288006974,0.09508334125244164,0.025222481783322436,0.0,2.0787493038655463e-18,0.0,8.150718906989387e-19,0.0,0.051597188959828066,0.0,0.0,0.014060318492601321,2.181391123179568e-18,0.0,0.033498012137886085,0.03177425436824451,1.6196571680725728e-18,0.06703331807558391,0.04252840691231685,0.0,0.0,0.0,0.08459259613383607,1.4639307456223807e-18,0.0,0.0,Combined Min Variance
2021-02-01,0.06550783300129766,0.026256210586991822,1.027725785793146e-18,3.6336525826905705e-18,0.042327360699797104,5.793856827954301e-18,0.03540013863360932,4.5566392605463236e-18,0.0,3.0225807781700933e-19,0.00308447364958825,0.005339938941961378,0.005217561051677153,0.018000551839178317,0.0,0.0,0.0,2.988899682637609e-18,3.903127820947816e-18,0.0,0.0017728990192139404,0.08200252666945385,0.0,0.0,0.0,9.0401537167818e-19,0.09866980995024748,5.030158165964281e-19,4.069328630938453e-18,0.04057783620136629,0.0,0.04672810600030929,0.06451412874236659,0.0,0.0,0.10355089600109418,0.023245799905231904,2.56153981654108e-18,2.4840698852298878e-18,1.4446839662415342e-18,0.0,2.9344678537470096e-18,0.05578594926142487,1.94265373600336e-18,2.0883429075043622e-18,0.01124658794154664,0.0,3.7180942136129776e-18,0.035102954383777765,0.027950889979821047,0.0,0.06938343304011418,0.04389034778510911,0.0,1.6388404216651264e-18,0.0,0.09444376671482169,0.0,7.116506314186477e-19,0.0,Combined Min Variance
2021-03-01,0.06600725987637596,0.02684489208334832,0.0,0.0,0.042851889948872825,4.9430545672118845e-18,0.03645342075755263,0.0,8.67640866146267e-20,0.0,0.0001464337953235959,0.006566484113976295,0.005666376317339371,0.01939300607237767,0.0,8.073810734357979e-19,0.0007410619646694956,3.703872170615119e-18,0.0,0.0,0.0041446012854168355,0.08028376770537202,0.0,0.0,4.0617007164838437e-19,4.0278713383233183e-20,0.09633377305940866,5.398910987209097e-19,5.065564341448051e-18,0.04009990765213311,0.0,0.04696721536720692,0.06457840037811001,0.0,0.0,0.10148571584985248,0.022884795451180613,3.513666225876195e-18,1.8583159453021454e-18,3.058607237002873e-18,3.974880544220464e-19,2.8812672341006383e-18,0.056310687920374594,4.658237809906095e-18,1.924633999910423e-18,0.011849735881335552,0.0,0.0,0.03510605991526552,0.03022393012370656,0.0,0.06745922163237196,0.04392137693235264,8.641697113730863e-19,0.0,0.0,0.09341589795565385,0.0,0.00026408796042268244,0.0,Combined Min Variance
2021-04-01,0.060720541222416234,0.029341882250558886,0.0,0.0,0.043854932726054535,0.0,0.03774527804655055,0.0,3.815882818362583e-19,7.4338700756404895e-19,0.0016906375305435774,0.010168929886107124,0.011601981977751086,0.022562781724842235,0.0,1.827912459164498e-18,0.008046292768066163,0.0,0.00518246999598401,2.8015395460988893e-18,0.01089204694973978,0.07386016022666507,1.3616230252646501e-18,4.3312803607765177e-19,0.0,0.0,0.08860274244844235,0.0,0.0,0.03986738652849478,5.365154125453709e-19,0.046351541162609665,0.06151656091795305,1.7451827091436477e-18,0.0029525455893066343,0.09225993893794282,0.022764966913525225,0.0,0.0,0.0,9.479897618760801e-19,4.7282578549085e-19,0.054473674268618134,0.0,1.09663283031499e-18,0.014999772115924232,7.054492245101721e-19,3.7136029123457197e-19,0.0369258717664703,0.031094502725585442,8.288808522839431e-19,0.06385572649346245,0.04297224492184457,0.0,5.163132704797457e-19,1.816214567664539e-18,0.08569458990454101,0.0,2.086966347253679e-18,0.0,Combined Min Variance
2021-05-03,0.06133518936344858,0.02950892880439307,2.24418731249879e-19,0.0,0.04354436011453453,2.7798344218036957e-18,0.03716377807709842,0.0,3.7299064804698856e-19,1.7756424021444457e-20,0.00362673477335076,0.010729597835861183,0.011535726540190465,0.021960882988548716,0.0,4.568285423132087e-19,0.007894672623710275,7.930820669387445e-19,0.005794719649950342,1.7684324689654525e-18,0.01115181860672973,0.07346611902949729,4.168335330710939e-19,0.0,6.717710102501962e-19,2.269282865866411e-18,0.08775873067368084,9.145167095509488e-19,2.4212135367841886e-18,0.04027922797064555,7.344708713452933e-19,0.04653021074175735,0.06201804148646087,6.324318960489108e-19,0.003329365557407255,0.0904983817320267,0.022546228155001857,5.000419675927306e-19,1.433317509586602e-18,2.18501858581856e-18,3.257268187170439e-19,0.0,0.05412142657378622,3.007901705115602e-18,0.0,0.014202734483088703,0.0,0.0,0.037979605822964745,0.030444699698104268,4.2785634848646786e-19,0.06437805151224717,0.04278497805410649,0.0,0.0,3.5878924092498427e-19,0.08541578913140876,0.0,8.188166751098502e-19,0.0,Combined Min Variance
2021-06-01,0.06121587523505253,0.029419998555752506,9.042252785796513e-19,0.0,0.0438883032160647,5.273396745552275e-19,0.03724320776829837,0.0,8.95382405947835e-19,1.1228880198923597e-19,0.00010007863413609311,0.011452904834656755,0.01155251724825158,0.0215498163645041,1.4427009594399193e-18,2.9272996320796166e-20,0.008222222966512448,0.0,0.007308026851805239,6.800337554451019e-19,0.011194233147079501,0.07361669478305476,4.8857640178340615e-19,0.0,0.0,6.883372363892537e-19,0.08801757114686978,0.0,0.0,0.04034805580589814,0.0,0.046020692455495074,0.06250774939240063,7.217070575896044e-19,0.0038901376529767873,0.0899014080905027,0.02167134803737545,0.0,3.4052435523571834e-19,2.1578282055448063e-18,0.0,1.4983311970510649e-18,0.054784116956743956,5.675053683214236e-19,2.614609645948346e-19,0.014493110764223233,6.917059261151298e-19,0.0,0.037557396472164974,0.029564440327049548,4.380011364278438e-19,0.06621813640145074,0.042228237791817926,0.0,0.0,1.0236708063292398e-18,0.08603371909986265,1.0857497312717412e-19,0.0,5.126220547664726e-19,Combined Min Variance
2021-07-01,0.05686207000359367,0.031069854935164634,0.0,0.005106212248962322,0.04276950873062908,0.0,0.03812129724433315,0.006584268933038307,1.8450542852626747e-19,3.769250915324311e-19,0.0028920744051173053,0.013893109773948463,0.016297088822016945,0.02318098580676924,1.1107733619427154e-18,2.472909002651982e-18,0.013159070535178919,0.0,0.010183981744473415,1.3649216584855215e-18,0.015290701501588644,0.06864388780615026,9.09868872312763e-19,0.0,0.0,2.728940405373596e-19,0.08059753201222133,5.294984031880024e-20,0.0,0.03915920257242542,0.0,0.04305669060622241,0.0587019909968615,1.2289926981316074e-18,0.009829587489947035,0.08178719518927241,0.02259749899724574,0.0,4.1399172662823674e-19,0.0,0.0,5.484211036636397e-19,0.05296251297905597,0.0,0.0,0.017897809546479966,9.626593233980543e-20,0.0,0.03715645748168143,0.030681947000938466,0.0,0.06188901166004979,0.04143650646458287,3.1525379271625557e-19,0.0,1.8991064305756586e-18,0.07819194451205147,0.0,0.0,3.825537722137853e-19,Combined Min Variance
2021-08-02,0.06093845692671158,0.029459814704881446,3.8193542861581136e-19,2.2985086056692694e-17,0.043052928165963504,7.612839302634911e-19,0.03762513067014369,0.0004571670553389466,0.0,0.0,0.0012747397357453676,0.011079597008989712,0.011991865478060519,0.021601692533196618,0.0,0.0,0.008145112053496295,0.0,0.00690885430532037,0.0,0.01148146368428663,0.07312890198067205,0.0,0.0,1.6611732718518862e-19,0.0,0.08745146989339832,0.0,0.0,0.04016136364382229,1.0254291333101531e-18,0.04512454937379182,0.06284697059847497,0.0,0.004796402114744543,0.08845627401705845,0.021263031464196815,0.0,0.0,0.0,1.2831757655247311e-18,6.562003099495768e-18,0.05561775031161846,0.0,7.63930770490565e-18,0.015149818538649173,0.0,1.8599065104396218e-17,0.0378438431364062,0.030163274530293476,1.032987382630553e-19,0.06505804451379057,0.042502868901692185,0.0,0.000700640283461329,0.0,0.08571797437579459,0.0,2.4895185362018422e-18,2.1913673117798085e-19,Combined Min Variance
2021-09-01,0.06119696849656299,0.029873588964953342,0.0,2.2985086056692694e-17,0.04323983411468624,0.0,0.036506070587737784,0.0004661076520004908,0.0,2.5915825845475e-19,0.0014668827330599574,0.010444533888424798,0.011902685141769478,0.02159166280183126,5.795162888841487e-21,0.0,0.00827581271710193,0.0,0.006794343980917375,0.0,0.011790070255087087,0.07355008124891807,1.1322127314148626e-19,2.0002837228575535e-21,0.0,0.0,0.08752549416831822,0.0,0.0,0.040145070561666024,3.292866892555032e-19,0.04521216970524997,0.06295866116883454,0.0,0.005244961275625791,0.08760863895456739,0.021330177363471054,0.0,0.0,0.0,4.1307907112071584e-19,1.0645596132109142e-17,0.055984335477178584,0.0,6.794714325364729e-18,0.015099794124689373,2.349462395017012e-19,1.640253934171582e-17,0.03779518918449299,0.03022230028582508,0.0,0.06550142205299257,0.04244020127118546,0.0,1.5748667191244065e-05,0.0,0.08581719315566079,0.0,6.255669979682899e-18,1.4012278873185722e-18,Combined Min Variance
2021-10-01,0.05685006148245138,0.031964642913579366,4.2456863902690417e-19,0.005044197806141517,0.04263531135753147,0.0,0.03728989833012488,0.0065720701119516105,2.1477069043573172e-20,8.644256955734753e-19,0.0,0.011795087332848285,0.016468709653058657,0.02233126941715385,2.0881466489046528e-19,1.4203516215562047e-19,0.013817160129281417,0.0,0.009882323270664314,7.84528423615859e-20,0.015781331582941018,0.06975897464427515,3.9551688628503916e-19,5.375006359722714e-19,0.0,1.6133814852195539e-18,0.08089554263167599,7.498774127077169e-19,0.0,0.03914839643073991,0.0,0.04203411247109927,0.059375113605825126,2.4631154155548545e-19,0.01064101702124625,0.08111147584077012,0.022735547371786586,3.8224322197291204e-19,8.817096054439924e-19,0.0,0.0,0.0,0.053380311666130095,0.0,0.0,0.018000288097802915,1.1230954048058726e-18,0.0006022243332051288,0.03749953524241924,0.030679748877255573,0.0,0.06253071319404985,0.0419372224472649,4.077445986646465e-19,0.0,4.3211881708595896e-19,0.07912706091678041,4.507917827657653e-19,0.00011065181994573048,8.569204497588791e-19,Combined Min Variance
2021-11-01,0.05311721850461157,0.032974265972195604,0.0,0.009783654340821814,0.042168180350553364,8.354242732504392e-18,0.03731504384239851,0.011572428240066036,0.0,0.0,0.0004435774846122762,0.012934870031823581,0.019764868361079713,0.02245877510825257,0.0,7.698344422923477e-20,0.017642275830523253,5.0174407688467095e-18,0.011547382921883604,1.4821013995852926e-19,0.019269428086061528,0.06515817162718196,0.0,0.0,0.0,0.0,0.07455311239659423,0.0,5.449402607703031e-18,0.03891127886821698,0.0,0.04000043524931098,0.05421782033131478,6.032482342676158e-20,0.014125808670658305,0.07528866823659353,0.0238778669482652,2.5588369283923695e-18,0.0,5.386441573604833e-18,1.4849022918713459e-18,8.673617379884035e-18,0.050769604231050675,9.116418322543955e-18,0.002923461265036189,0.020362040472550573,0.0,0.0065147863641668545,0.035962263060221794,0.030976667562177887,4.183804214150438e-19,0.05879584592929558,0.040066780668824895,0.0,0.0027985156398066353,3.1988210491316215e-19,0.0728069761656988,0.0,0.0008979272381507636,6.7329463909626215e-19,Combined Min Variance
2021-12-01,0.05305704894774341,0.03345014829692172,9.382355205687727e-19,0.009844387341713064,0.04237935144006264,0.0,0.037048583517140854,0.0116314169809834,1.6638444435958332e-18,9.100216995910383e-19,0.0,0.012767273038425895,0.01980045221836141,0.02222439751013382,1.9131823551531955e-19,0.0,0.01728812361116377,8.708897802711255e-19,0.011866758088346026,0.0,0.019337074634219256,0.06502270833824021,2.722277653118866e-19,9.159303532504944e-19,9.718937702027484e-19,3.909248713693709e-19,0.0748490873339831,0.0,0.0,0.03827443844906997,8.190037318377737e-19,0.03978023313751064,0.05420729493179031,0.0,0.01445117487614905,0.07597175542142548,0.02424085117133184,6.219871872551745e-05,0.0,0.0,9.9079552351329e-19,0.0,0.05075211729294351,0.0,0.0030068738876698753,0.02073840086855853,9.331090218305098e-19,0.006715344324988681,0.035854025699423905,0.030345904728082775,1.2828919503704724e-18,0.05885367693228368,0.03990569493835803,0.0,0.0029657215468904285,0.0,0.07297405341539825,0.0,0.0003334283619609974,1.0252441095329446e-18,Combined Min Variance
2022-01-03,0.048723157768296714,0.03404091953679656,0.0,0.013764847244055646,0.04076242720896166,0.0,0.036724307365500454,0.015989926946928107,0.0,0.0,0.0010259736049691992,0.014260062103085263,0.02275095967065122,0.023440957793028818,0.0,0.0,0.02106993404562,0.0,0.013617225210247472,0.0,0.022454633513607526,0.058716276158700904,1.527094564124379e-21,2.797460077823272e-19,2.984078081774506e-19,7.089930117452598e-19,0.0674191201059231,0.0,0.0,0.03662588607768845,1.6386683581389172e-19,0.037515649552314734,0.05065506602321488,0.0,0.018556737115161325,0.06799727445408532,0.02457793970929703,0.0,6.253127363372817e-19,0.0008809654786641689,6.432575125510843e-19,0.0063957429374797425,0.04713019613605569,0.0003661917708818775,0.006884387572217629,0.02274092999817788,0.0,0.012480232630590908,0.034300316953165155,0.02984676044202116,2.253107639696439e-19,0.05451751985014967,0.037682271128141175,7.893679936971834e-19,0.0068798553489255836,0.0,0.06539085637807161,2.298555477004364e-19,0.0038144921673233423,9.793376568672904e-19,Combined Min Variance
2022-02-01,0.05444522753407669,0.033224266051325,0.0,0.008209550920803853,0.043325058642487764,5.341730058175591e-18,0.03763594163268589,0.009892496172923714,0.0,0.0,1.5173049775491522e-18,0.013976170113156666,0.01818780753631193,0.022188894033135346,0.0,0.0,0.017979466339657326,3.3308581420403774e-18,0.010444573049480807,0.0,0.02062610187291524,0.06542704600642307,0.0,0.0,0.0,5.992329044039948e-19,0.07569751378130155,8.80365933185059e-19,5.102149918401553e-18,0.0388920828406555,0.0,0.04082223016773444,0.056908202032849214,0.0,0.013003057294387353,0.0767016483405663,0.023746243895470837,3.9428202315637306e-18,1.1368055983395586e-18,2.6489759171404985e-18,0.0,7.806255641895632e-18,0.05066539047204516,6.311194303739568e-18,0.0021607926726075186,0.02100319812121149,0.0,0.0077348612004226585,0.03483639085502074,0.02964364874016994,0.0,0.05751865121065104,0.0389325470136354,0.0,0.0007356630920203602,0.0,0.07394387692144397,0.0,0.001491401442423304,0.0,Combined Min Variance
2022-03-01,0.04629345483843035,0.03292414410424648,0.0,0.014388192656001846,0.03997892850418345,2.168404344971009e-18,0.03591325703461323,0.018110492535611433,0.0,3.9684144798177027e-19,0.0012765800023846038,0.01658895283548067,0.023310567124829883,0.023490438638114283,0.0,1.3725945474432033e-18,0.023993211369005493,4.336808689942018e-19,0.014957532907047462,1.731145559621633e-19,0.024542309009985604,0.05468131658267595,0.0,0.0,9.313023656378392e-19,1.0745390384925408e-18,0.061841279258541215,0.0,0.0039759895059269185,0.03634789115248078,9.783688373258992e-19,0.03530162860791163,0.048198038130480625,0.0,0.0197722448078628,0.06329351667736255,0.024400713231617372,1.3010426069826053e-18,1.086954584295698e-18,0.0052466139675512845,1.57906536871017e-19,0.010163528671662123,0.04408257426317454,0.002091463286224592,0.009867201370617964,0.023207059450351165,0.0,0.016606564508724768,0.03295079608705009,0.02959941417143807,0.0002355604718068629,0.04975794611340616,0.035193203308458994,8.522846402290176e-19,0.009363570104251477,0.0,0.060351973706735076,0.0,0.007701851003752093,1.1219636336025146e-18,Combined Min Variance
2022-04-01,0.0455557077949638,0.0323040201276656,0.0,0.013568764414609451,0.040380138970698,7.806255641895632e-18,0.03620788361084999,0.01894976222315692,0.0,6.848055679751363e-19,0.0014857572468128738,0.017900837695717053,0.024203019943921374,0.023934280690680654,0.0,2.5284586136250884e-18,0.025259861175238728,4.119968255444917e-18,0.014336347728563084,4.273935685796012e-19,0.02595898999804009,0.05279994734629559,0.0,0.0,0.0,2.6571822109162734e-18,0.060113111480726525,4.059142484724915e-18,0.004332657067955478,0.03609599084805269,8.967681708825483e-19,0.03454599875935736,0.04779787892257036,1.296598100150398e-19,0.021599103159153768,0.0631684187926424,0.022560986324334443,6.071532165918825e-18,8.426260720514757e-19,0.006650763746100706,0.0,0.011290629902436448,0.04317281936638071,0.0016033909031654677,0.008935395446747612,0.022812396953278274,0.0,0.018621888821762037,0.03273584673622749,0.029837221503786916,0.0,0.04803101164057044,0.0339612702442238,4.078891081881419e-18,0.009580342294151018,0.0,0.05927361730853884,0.0,0.010433940810623963,0.0,Combined Min Variance
2022-05-02,0.04575511849998683,0.03183033404708707,0.0,0.013073778721587468,0.04035665715250977,9.487810586433388e-19,0.03736591589052396,0.019222699268430385,4.202816058131956e-19,0.0,0.0007200636254077738,0.018113613643755588,0.02445616630326027,0.02419431158230613,1.3250874985881477e-18,0.0,0.025906265784751692,0.0,0.014084988337441633,0.0,0.02677357631424928,0.05320465884899237,1.4887662824983738e-19,6.948608891255461e-20,0.0,0.0,0.05983119787433396,9.785370819957286e-05,0.0035307521428842997,0.036668589219282746,0.0,0.03478602224237886,0.04832826581496966,1.0384212998816064e-18,0.021601590873086905,0.06289105167993629,0.021501596462673408,0.0,1.3597949761607024e-18,0.0069823856064654055,0.0,0.010483491848288966,0.04216595061018643,0.00037343022747426003,0.008980783139240571,0.024659407404722396,5.822439312761967e-19,0.01908745693793854,0.03389678902894097,0.028572671552600386,0.0,0.04794888769786767,0.03339113085304747,0.0,0.009052702676169222,1.3849353303788127e-18,0.05931101081056778,5.849452874298853e-20,0.0107988335684542,0.0,Combined Min Variance
2022-06-01,0.05459600523631879,0.030189630698639027,0.0,0.005600726945695042,0.04432257482540544,0.0,0.041574561059938085,0.012622306173302667,1.503223187899638e-20,0.0,0.0003178794065856387,0.015526300188062973,0.020795297935568596,0.023815560993793325,0.0,0.0,0.023776220179618793,0.00022996049691491725,0.010486347697691264,0.0,0.026209872599393638,0.061974433981334086,0.0,0.0,0.0,0.0,0.07180995220128193,0.0,1.3214924524665928e-18,0.038695442620585004,3.830528278556181e-19,0.03867541407871832,0.0569968027542803,0.0,0.016705783449472888,0.07402407963121634,0.017742817563740732,1.0704294338617604e-05,0.0,0.0009991725370126704,1.893296338932711e-18,6.938893903907228e-18,0.04486397941681645,0.0,0.0,0.023374080721881494,0.0,0.015156973224606686,0.03635711726951881,0.027952022660457012,6.435372533844891e-19,0.05047974356196857,0.034739994131352266,0.0,0.0014866739403301679,0.0,0.07132821758030382,0.0,0.00656334994385567,0.0,Combined Min Variance
2022-07-01,0.05361672462757518,0.029754812118028388,8.101141096061472e-19,0.005366372673885807,0.04365761757158321,0.0,0.04298543535659415,0.013053006628643338,1.528288165541469e-18,0.0,0.0,0.01574747814342164,0.02032395971935207,0.024804960064056643,0.0,0.0,0.025295504659857134,0.0,0.011240266206257458,0.0,0.027555944438548485,0.060373728684062884,0.0,2.0423978186768988e-19,0.0,0.0,0.07001095298829638,0.0,5.055179534044983e-18,0.039750789715945076,0.0,0.03860126738933869,0.05612277405596479,0.0,0.01702807800711149,0.0725180864013537,0.016062036336763886,0.0,0.0,0.0034783814398338248,1.0693266910080711e-18,5.637851296924623e-18,0.044387150039034505,1.5057069568988321e-19,0.00012929454965746436,0.02268226126633721,5.737868455239962e-19,0.01689738315246584,0.035995808264849216,0.028156685802171934,6.815471212031494e-19,0.048786989653985466,0.035612451603450085,0.0,0.0020326779129383058,0.0,0.0704350894996031,7.478964296521631e-20,0.0075360310290326134,9.12931607603622e-19,Combined Min Variance
2022-08-01,0.05387084622706796,0.029473510232445703,0.0,0.0052428891707976735,0.04363644066114379,2.5153936805137487e-19,0.04324374647350932,0.013289637718531179,1.2117608957611615e-19,2.200277063184204e-19,4.595923994473153e-19,0.015014872659095272,0.02041312745188245,0.02587537665824769,0.0,0.0,0.025906811781195378,0.0,0.010675790778090773,1.938943835074059e-19,0.02808878607992281,0.05979878322574688,0.0,5.691003899000914e-20,0.0,2.3354720768757464e-19,0.06929152186497327,9.328138255703173e-19,4.391259750495472e-18,0.0397675619228585,0.0,0.038870484678066954,0.05625353518354494,0.0,0.01723758823366691,0.07164536927576336,0.015368433520970143,0.0,0.0,0.00428736081847984,0.0,3.469446951953614e-18,0.04375020567223422,0.0,0.00029619009044851456,0.0236371134138367,5.777956738790696e-19,0.017623391959904526,0.036131828051784096,0.02816469335062539,0.0,0.04855239412679905,0.03479468822920606,1.7836506652413795e-19,0.0028780482298902486,1.8816615747752963e-19,0.06937925382142256,0.0,0.007539718437847626,0.0,Combined Min Variance
2022-09-01,0.045276746107140074,0.030480803739039105,0.0,0.01240224392335123,0.040026316638391846,0.0,0.03963060889825844,0.020586099264995925,2.278907237196456e-18,0.0,0.0006635653948726535,0.016826612908196634,0.025167128814935227,0.026225718817764202,3.89176731872112e-19,0.0,0.029520535862892768,0.002093166392958832,0.013727736870760027,0.0,0.03010804919097387,0.049947045048554045,0.0,0.0,9.346659499038814e-19,0.0,0.055928248270426764,0.0005510317979676757,0.006436206865428048,0.03627688649860849,4.442338734436415e-19,0.03339633853957522,0.047461860889404864,2.0248700546830413e-21,0.023008889631307813,0.057215766558368755,0.018128068433356414,0.0,8.728432957598006e-19,0.012528097758732915,1.5589292320303008e-18,0.010715736685460346,0.03933915288170946,0.003067513611003046,0.008558238546460562,0.025199477611014123,6.100720192944665e-19,0.02380767767401275,0.033934624930698015,0.028170443869428578,9.622294280808852e-19,0.04210031544358722,0.03261747832159467,0.0,0.011004634422910952,4.514685608865421e-19,0.05548592624861357,0.0,0.012336749697038905,4.825694020603815e-05,Combined Min Variance
2022-10-03,0.04655100280234155,0.03109270785004206,1.1785256714463288e-19,0.01020018371119669,0.04000751855663968,7.181321805385044e-19,0.04061847200569436,0.020172267603672,0.0,3.7948512005185093e-19,0.0,0.01626721793280299,0.024738473923109017,0.02502186911655624,0.0,1.0842021724855044e-18,0.029441241121448598,0.0011069583347003815,0.012846184985851003,6.867395053466176e-19,0.029956836689521146,0.050784275964395956,3.2178799902331776e-19,4.591900002317254e-19,0.0,1.6126647789170213e-18,0.05655999085818326,3.466478904303144e-05,0.005415766463488241,0.0372030399584583,0.0,0.03378370525251593,0.049311215091150745,0.0,0.022984901137211494,0.058194224644049115,0.01607070650841643,1.0842021724855044e-18,9.613000292139834e-19,0.012831853589660597,0.0,0.01009224494156978,0.04021123744124956,0.0024946766210333145,0.00868352761390951,0.02504760983475008,2.9294193584144863e-19,0.023574564602264134,0.034629142575222836,0.02845085815622428,0.0,0.04207762081736029,0.03277035683542859,0.0,0.011233775598521484,2.0409039980451496e-20,0.0571102386545665,2.8277597960871214e-19,0.01242886741775074,1.1219636336025088e-18,Combined Min Variance
2022-11-01,0.04724718662592619,0.030946181143791322,0.0,0.010573192273656148,0.03942913717656157,1.191413191494123e-18,0.041361475072787555,0.01968289898551146,0.0,5.465598273393173e-20,0.0,0.015852012456440363,0.024629360235000772,0.025072961775669388,7.182090634443983e-20,0.00024068684768165593,0.02923459255090446,0.0009086549031316728,0.012607173595342384,1.069497285781663e-18,0.029640345969376418,0.05108360578452999,6.776602496759968e-20,3.531709104179438e-19,1.0832066597077915e-18,2.192458188399481e-18,0.055229128045474384,0.00016536000652083035,0.004199936793228415,0.03784845719006095,8.638064452595411e-19,0.03327192965765186,0.05000396632645732,4.021964927107759e-19,0.022314819672999038,0.05795954724008877,0.015978320071506052,5.7462715141731735e-18,0.0,0.013659270707153774,0.0,0.010083673010338764,0.04049576566521511,0.0022509291709475743,0.009297900527086511,0.024063769480962036,0.0,0.023540287257898362,0.03444997790588409,0.02840103124529804,9.486769009248164e-20,0.04275624312203343,0.03304918870224079,0.00018554396329683166,0.011836916799108685,1.9761900788092908e-18,0.057366045484005077,0.0,0.013082526558232051,1.3252150879221048e-19,Combined Min Variance
2022-12-01,0.04890165545428529,0.031171150037365526,0.0,0.008384396717187043,0.040162719412811056,6.126963010704006e-19,0.04343032834067598,0.018190481934594337,0.0,0.0,3.087271256686109e-20,0.016123761861104244,0.023389117561630587,0.02496420713957736,5.11900992591613e-19,2.3852447794681098e-18,0.029697507873948644,0.0010897267586457682,0.010696430368929385,0.0,0.0304357817486877,0.05248462346281582,1.5809077637881639e-19,0.0,1.5092414239045555e-19,1.0007695413702241e-18,0.05746201642770649,0.00013680496731049594,0.0020195292951881,0.038680488975010946,0.0,0.03363360507470146,0.05278036763101168,0.0,0.022212394791451717,0.05678217443635429,0.014199962457794306,1.3300149317281873e-19,0.0,0.013720280435072042,0.0,0.008607326287948289,0.04000170680799459,0.0,0.008464812694205626,0.023053368632492598,0.0,0.02384717581320494,0.03560886832524784,0.03017749094324241,3.6012376569170795e-19,0.04356157984123334,0.03255067076418548,0.0,0.010850109810615105,5.378752540952864e-19,0.059233117545591636,0.0,0.01329425937017787,0.0,Combined Min Variance
2023-01-03,0.05069261518229142,0.03087625114506857,2.812445256941661e-19,0.007015700812234483,0.0406209405766666,0.0,0.04474984675491893,0.017181557420713086,4.23209594594394e-19,0.0,0.0,0.015696632723199797,0.02281718295884391,0.02457398415209034,0.0,0.0,0.029639579384957093,0.0,0.009447635855731103,1.3851861229876235e-19,0.030614148223480277,0.05385104215604402,1.636357780089434e-19,1.5489179408846224e-19,0.0,2.451094496550784e-19,0.0594407732055798,5.697795266196207e-19,0.00030923024245014434,0.03952956110972108,0.0,0.03410992573119571,0.05461454541007455,0.0,0.021634027764528267,0.058425757160440656,0.012164561303596088,0.0,1.2602520532515522e-18,0.013412333032223398,4.247539306855623e-19,0.0066052250649878,0.0403137923585265,0.0,0.007647954225434997,0.02254015745129374,3.1024009164909313e-19,0.023449412490464817,0.03644616275839737,0.031081422512998832,0.0,0.044299117940042175,0.03229742050995186,8.186407575337886e-06,0.009968418112711356,0.0,0.061127385591992704,0.0,0.01279751226957319,0.0,Combined Min Variance
2023-02-01,0.05010537481642234,0.031215589134777774,0.0,0.007773386391418226,0.04036635134842115,0.0,0.04440185468573036,0.01758048224255178,8.235638561505724e-19,0.0,7.528521640557472e-19,0.016072845809903608,0.02256980428051133,0.024373526919404195,8.978195526821599e-19,0.00012364123354966167,0.030064628443912365,0.0006551012552278297,0.00957182963668995,0.00038322434614672726,0.031026178605064042,0.05337421461382416,0.0,1.4521773330784982e-19,6.739366954372096e-19,8.97581088610998e-19,0.05858091918929508,0.0001387302951071478,0.0005978048765294085,0.03940780047782677,2.1268556431693377e-19,0.03291924041789326,0.05404193694977347,1.1160378603546868e-18,0.02263221701792599,0.056877331738275055,0.012535845783111987,2.0389037704023547e-18,1.6359953800990472e-18,0.014089293053500282,1.6444965128715993e-18,0.007218392758557025,0.03991308997879932,2.4500446713829544e-18,0.008322253450911461,0.02228536435954773,0.0,0.023843643233130214,0.03622884122680942,0.03150596572617536,4.720461893496708e-19,0.043712431967587013,0.031799313052867234,0.0,0.010633401998159313,1.278816610445351e-18,0.05981729294678473,4.873419582760792e-19,0.013240855737877264,4.183559468545927e-19,Combined Min Variance
2023-03-01,0.05112683327046867,0.031108602990964622,0.0,0.006861689435034816,0.04043157268692629,1.6543155925008195e-18,0.04469803173571218,0.017011029338374437,0.0,0.0,0.0,0.016157820052923714,0.022072240652758725,0.024064679845116427,1.1282517068001779e-18,0.0,0.029899765259372147,4.336808689942018e-19,0.009204549214194647,9.641659793927715e-19,0.031137148449427537,0.05412696771660693,0.0,0.0,0.0,9.988338454153075e-19,0.05958116255529777,0.0,0.0,0.03995526221926359,0.0,0.03275767743272028,0.05475230776405606,1.0825256524141895e-18,0.02231754887568685,0.056961384953332146,0.012045736587971211,2.964773931466565e-19,5.3522614075518374e-20,0.014070662001798146,0.0,0.006823007590062383,0.04054533071426304,3.8095103145711856e-19,0.007803017750256389,0.022175909717426966,5.7867155922247685e-19,0.023574023121696472,0.036662818058250446,0.03173398310395495,0.0,0.0434534203931374,0.032075020323764185,0.0,0.010714977868749564,1.3345310137678124e-18,0.060726484424192234,0.0,0.013369333896238839,0.0,Combined Min Variance
2023-04-03,0.04805830179316057,0.030764415866973288,3.29124726960227e-19,0.008897907218538443,0.03925863597087454,5.297522774379261e-19,0.04303334053520422,0.01854806029496086,0.0,0.0,1.7558753562179638e-19,0.01647800601621257,0.02315379854488907,0.024526091390393735,2.6741542366112556e-19,0.002880052607914829,0.030363275475691516,0.00290413805367617,0.010774631595729327,4.39815017495712e-18,0.031169705017433363,0.05037573134602148,1.9291767569535068e-20,2.0969566906597889e-19,0.0,1.0137290312739466e-17,0.05531956268250978,0.002531651964639793,0.003034603105690735,0.03881918916250622,2.0242248975050746e-19,0.031798752632460146,0.051623246995194196,1.0983104477688816e-18,0.023556732380592384,0.053806003251109326,0.013553562236296517,6.614011382484861e-18,0.0,0.015695494215517886,0.0,0.009220463059732007,0.0385795323332759,7.806255641895632e-18,0.010159331965227844,0.022500893518094568,0.0,0.024999210333288693,0.03571438052336821,0.031542155429199185,0.0,0.04064819948483583,0.03159601586518476,7.914675859144182e-18,0.013021869601100852,0.00013297728377146094,0.056660330941440795,0.0,0.014299749307288997,1.1231274388258697e-19,Combined Min Variance
2023-05-01,0.05180583344675357,0.030983243373702406,0.0,0.006424660890777022,0.04050168813065726,6.73748199519832e-20,0.04495154794945921,0.016671727365524414,0.0,0.0,0.0,0.01581436523469592,0.02160987415351308,0.02363621402272157,4.402155123276359e-19,0.0002731754333104887,0.029984136758746522,0.0,0.008901256533440587,4.0074228117956607e-19,0.031402514704129345,0.05362613900994234,0.0,0.0,0.0,1.4606907079569991e-19,0.0592226584558188,2.287356761113482e-05,0.0,0.04069906486927827,0.0,0.03260815280067617,0.05494471047673055,1.0721374537630734e-19,0.022217012884381885,0.05734651301436098,0.012051613606348004,0.00021411781840872344,3.7213079160243387e-19,0.014394099407156143,0.0,0.006063806296234148,0.04006024036422515,0.0,0.008449372245254078,0.02156548191926728,0.0,0.02411557881293563,0.03657952058998718,0.0326793164634708,0.0,0.042486208245169646,0.03172291537190313,0.0,0.011409723227891352,3.358334615746453e-19,0.06107847784611532,0.0,0.013482164709401858,0.0,Combined Min Variance
2023-06-01,0.04811994457919983,0.03107519890628849,0.0,0.008858513265863196,0.03916474020487599,0.0,0.04256906797027338,0.01868708408153098,1.420390593930207e-18,7.958844361812162e-19,2.0328790734103208e-19,0.016550900478614797,0.02291945029263017,0.02401656867763363,0.0,0.003221088775127275,0.030358312114227567,0.002967925127966266,0.010276805613595851,4.194862582604588e-05,0.0313863326261628,0.05000373610825215,0.0,0.0,2.4396971012814143e-19,0.0001238934076296925,0.05488815352902558,0.003155440080028482,0.003494048876528038,0.03904697001587735,0.0,0.03123123352049608,0.05147227075166691,3.712876922655319e-19,0.023589597402414595,0.05314393669149367,0.013763356403574987,2.0255679011519057e-18,4.2402453895996027e-20,0.016136055605842033,3.012897806771309e-19,0.009589853896581136,0.038442816449330966,0.00030264221434372343,0.010494102666144638,0.022510994403150447,0.0,0.02544273697307961,0.03494651491963308,0.031883030360640476,0.0015934530960536122,0.03995758568222973,0.03081080314303326,2.2431518716101683e-18,0.01338373992940112,1.0570971181733668e-18,0.05627327537988241,0.0,0.014105877153850052,4.1835594685459246e-19,Combined Min Variance
2023-07-03,0.050906816892891796,0.03150681087348631,0.0,0.0067289412256502715,0.040140362669106665,3.052666370848778e-19,0.0443280006272769,0.017010801806978147,0.0,1.205288760692364e-19,0.0,0.015106653414140976,0.021771948924130848,0.023946628079930556,0.0,0.0010096967988586988,0.03013637570123176,0.00026875317028069736,0.008928466382634703,0.0,0.03145216572712421,0.052917906379531275,5.436975612176032e-19,3.7595032581904264e-20,5.665434288849601e-19,2.0989869450738276e-18,0.05813817725192266,0.0008987804209277029,0.000465668115977405,0.04062784463336852,3.26200244881038e-20,0.03116320641257746,0.054746703905844164,0.0,0.022735901819372677,0.056000624714201586,0.012369106943247778,0.0004161134233110625,0.0,0.015134363016096919,0.0,0.00699163573886856,0.039447853803287504,2.1145830473105397e-18,0.00891459089117818,0.02163769610634376,0.0,0.02480746919282057,0.03637626302190249,0.033293214945903316,0.0002802375737784603,0.041878594079845725,0.031221924961148343,0.000612941637552408,0.012178102758706844,0.0,0.0600695407278365,5.717847297446042e-19,0.013433115230725524,0.0,Combined Min Variance
2023-08-01,0.052079391590790704,0.03163575071666326,6.446181569642907e-19,0.006126888492185493,0.04030181390253574,2.3034479278974923e-19,0.044855713839535384,0.016571012137786972,0.0,5.778800808542172e-19,0.0,0.014940620480407918,0.021429678185679323,0.024159293657104206,0.0,0.00025522278826677265,0.029847376604820914,0.0,0.008322397722347642,2.534013653356537e-19,0.03133215240643162,0.053763182758106286,3.04421809683981e-19,4.569764992094588e-19,0.0,0.0,0.05919839006857512,2.224630814519433e-06,2.168404344971009e-19,0.04117671093026477,6.293145610234546e-20,0.030920339570105905,0.055834327965756096,0.0,0.022372018494521948,0.056648761715247395,0.011965848238971621,0.00010516602281946949,0.0,0.014740633629566378,0.0,0.006226016618377625,0.03991256620665519,4.273868946311429e-19,0.008262724003795291,0.021403728311239153,0.0,0.024597113719445868,0.03623466145383006,0.03367365523337278,0.000724966437817792,0.04239884002302833,0.031391911268283765,9.964623157759538e-05,0.011950386590879814,4.4440333764730615e-21,0.06137866933494698,3.349447692659604e-19,0.013160198017444157,0.0,Combined Min Variance
2023-09-01,0.047070399396355614,0.03128741931304444,2.9529673035731264e-19,0.009905095974529704,0.038427541829541494,0.0,0.04198139748567251,0.019491947672448637,1.6759106774959053e-19,0.0,0.0,0.016241761456280816,0.023472037622804615,0.024667012556999775,2.9195082726146667e-19,0.004545586978178221,0.030319755572217225,0.0042329202451224165,0.010933803298001098,0.0,0.03131372976246492,0.04792758112890383,3.2376475381265174e-19,0.0,8.319963442553654e-20,0.0018217487235749612,0.052880319633185235,0.0042980318264899476,0.0042854852424780415,0.03852777225800022,0.0,0.0295782028363776,0.05006807180824895,0.0,0.024092956043084018,0.05078959577534304,0.014556927114114736,0.0,2.6644821150953136e-19,0.017039019023960076,3.6312233326591256e-19,0.011020072580858895,0.03765326967320325,0.0015996257469349578,0.011614675251535467,0.022759589709445253,0.00015509731373639405,0.026050973333287496,0.034410101460088605,0.032036439738992374,0.0,0.03900747532171699,0.030158848537683823,0.0,0.014720977890613014,0.0,0.05445301761902935,1.5976140429216146e-19,0.014603715245452028,0.0,Combined Min Variance
2023-10-02,0.04677096613584954,0.031237984623528753,0.0,0.010033502344144503,0.038248963844539435,0.0,0.041847090952048,0.019369682735936432,0.0,0.0,0.0,0.01619534475813967,0.023361776358060207,0.024751611543789548,0.0,0.005129280339449904,0.03020517366827168,0.004525311437463957,0.011331736345696234,0.0,0.031260801912562204,0.047587741024502105,2.9986415888762824e-19,0.0,0.0,0.0021097578775330136,0.05248505454312171,0.004454896732893166,0.004702575376256045,0.038405146381474624,2.2144747353354397e-19,0.029536005407467793,0.04968037516699927,0.0,0.02409234296577363,0.050424282598684894,0.014707188527568586,7.059684474018191e-05,1.7689658729900838e-19,0.017058582234048873,0.0,0.010971441120387187,0.03743897722631123,0.0020654114684918673,0.011860540164694903,0.02275558816018188,0.0001278523486179569,0.02600786188978712,0.03437139337321999,0.031978416367600175,0.0,0.03872595824075332,0.030017280582055248,0.00013755407290585845,0.015035572246045955,0.0,0.05408996282246677,0.0,0.014832417235936625,1.224172071084113e-19,Combined Min Variance
2023-11-01,0.046611873490572914,0.03172439179320744,0.0,0.010259946224743036,0.037958072893459885,2.398578070783723e-18,0.041691802329985594,0.019364515306110268,0.0,1.0512489175217523e-19,3.496754812545546e-05,0.016095791190600346,0.023231350256598417,0.024773292750690314,2.82520915238926e-18,0.005562971084616509,0.02986854567446791,0.004841498207297041,0.011457565880103236,9.14117956676841e-18,0.031164191067146834,0.047428162264167635,0.0,3.7997820097211575e-19,4.0002627950318204e-19,0.0019729421653219056,0.05213611351733754,0.004500131399405754,0.0052977365053571545,0.0383257640286982,2.0385027784873644e-19,0.028992153737023966,0.04978122771796328,2.7596644711903672e-18,0.023463530547652805,0.05005105378528163,0.014784827363044662,0.0001715793036222771,0.0,0.01742248618628298,0.0,0.010821499391496457,0.037225225905455045,0.0024365493384684578,0.012295840131195095,0.022876246506057723,8.192591595802486e-19,0.026127123140196485,0.03429557291758936,0.0317129258776414,0.0,0.038559267239845436,0.02983515111307271,6.5052130349130266e-18,0.015382379976926316,3.751205798769261e-18,0.054110305417273116,0.0,0.01535342882589738,8.468159871483405e-19,Combined Min Variance
2023-12-01,0.041852499833412556,0.030516044893244314,9.861604322396948e-19,0.013017764627637585,0.03528775038172759,0.0,0.03799623081002189,0.020559045280282927,0.0,0.0021773445941634987,0.00034150899541715617,0.017069160611170437,0.023510832526674335,0.024404759922454968,0.0,0.009104066389289713,0.029111951337754422,0.00862324253563193,0.013788977770003886,0.003805512347712845,0.030216639853029997,0.042138593057818294,9.61388695471112e-19,2.168404344971009e-19,1.0200417501298668e-18,0.006378208788990369,0.046053519818231324,0.008001892140216925,0.009094543150792396,0.03551509044250013,0.0,0.027626980156271016,0.04446776051606157,9.536626720118256e-05,0.023831095347670587,0.04397747972640024,0.01647194633087558,0.004710315235023518,0.0007309474388626063,0.01863535715262887,0.0,0.01378774508348863,0.03436516112665108,0.006318282234545475,0.01417618364016719,0.023039895774347702,5.524795632454932e-19,0.026309897642514082,0.032253371647941766,0.030059392401938934,1.7742006643499926e-05,0.035227785959412415,0.028424735707177948,0.003990852891083952,0.017188885774934035,0.0014590610807675868,0.04760591412581766,1.0979687812772624e-18,0.016546439147272003,0.00011622547612143817,Combined Min Variance
2020-08-03,0.02,0.02,,0.02,0.02,0.02,0.02,0.02,0.02,,,0.02,0.02,0.02,0.02,0.02,0.02,0.02,0.02,0.02,0.02,0.02,,,,0.02,0.02,0.02,0.02,0.02,,0.02,0.02,0.02,0.02,0.02,0.02,0.02,0.02,0.02,0.02,0.02,0.02,0.02,0.02,0.02,0.02,0.02,0.02,0.02,,0.02,0.02,0.02,0.02,0.02,0.02,,0.02,,Equity-Only Equal Weight
2020-09-01,0.02,0.02,,0.02,0.02,0.02,0.02,0.02,0.02,,,0.02,0.02,0.02,0.02,0.02,0.02,0.02,0.02,0.02,0.02,0.02,,,,0.02,0.02,0.02,0.02,0.02,,0.02,0.02,0.02,0.02,0.02,0.02,0.02,0.02,0.02,0.02,0.02,0.02,0.02,0.02,0.02,0.02,0.02,0.02,0.02,,0.02,0.02,0.02,0.02,0.02,0.02,,0.02,,Equity-Only Equal Weight
2020-10-01,0.02,0.02,,0.02,0.02,0.02,0.02,0.02,0.02,,,0.02,0.02,0.02,0.02,0.02,0.02,0.02,0.02,0.02,0.02,0.02,,,,0.02,0.02,0.02,0.02,0.02,,0.02,0.02,0.02,0.02,0.02,0.02,0.02,0.02,0.02,0.02,0.02,0.02,0.02,0.02,0.02,0.02,0.02,0.02,0.02,,0.02,0.02,0.02,0.02,0.02,0.02,,0.02,,Equity-Only Equal Weight
2020-11-02,0.02,0.02,,0.02,0.02,0.02,0.02,0.02,0.02,,,0.02,0.02,0.02,0.02,0.02,0.02,0.02,0.02,0.02,0.02,0.02,,,,0.02,0.02,0.02,0.02,0.02,,0.02,0.02,0.02,0.02,0.02,0.02,0.02,0.02,0.02,0.02,0.02,0.02,0.02,0.02,0.02,0.02,0.02,0.02,0.02,,0.02,0.02,0.02,0.02,0.02,0.02,,0.02,,Equity-Only Equal Weight
2020-12-01,0.02,0.02,,0.02,0.02,0.02,0.02,0.02,0.02,,,0.02,0.02,0.02,0.02,0.02,0.02,0.02,0.02,0.02,0.02,0.02,,,,0.02,0.02,0.02,0.02,0.02,,0.02,0.02,0.02,0.02,0.02,0.02,0.02,0.02,0.02,0.02,0.02,0.02,0.02,0.02,0.02,0.02,0.02,0.02,0.02,,0.02,0.02,0.02,0.02,0.02,0.02,,0.02,,Equity-Only Equal Weight
2021-01-04,0.02,0.02,,0.02,0.02,0.02,0.02,0.02,0.02,,,0.02,0.02,0.02,0.02,0.02,0.02,0.02,0.02,0.02,0.02,0.02,,,,0.02,0.02,0.02,0.02,0.02,,0.02,0.02,0.02,0.02,0.02,0.02,0.02,0.02,0.02,0.02,0.02,0.02,0.02,0.02,0.02,0.02,0.02,0.02,0.02,,0.02,0.02,0.02,0.02,0.02,0.02,,0.02,,Equity-Only Equal Weight
2021-02-01,0.02,0.02,,0.02,0.02,0.02,0.02,0.02,0.02,,,0.02,0.02,0.02,0.02,0.02,0.02,0.02,0.02,0.02,0.02,0.02,,,,0.02,0.02,0.02,0.02,0.02,,0.02,0.02,0.02,0.02,0.02,0.02,0.02,0.02,0.02,0.02,0.02,0.02,0.02,0.02,0.02,0.02,0.02,0.02,0.02,,0.02,0.02,0.02,0.02,0.02,0.02,,0.02,,Equity-Only Equal Weight
2021-03-01,0.02,0.02,,0.02,0.02,0.02,0.02,0.02,0.02,,,0.02,0.02,0.02,0.02,0.02,0.02,0.02,0.02,0.02,0.02,0.02,,,,0.02,0.02,0.02,0.02,0.02,,0.02,0.02,0.02,0.02,0.02,0.02,0.02,0.02,0.02,0.02,0.02,0.02,0.02,0.02,0.02,0.02,0.02,0.02,0.02,,0.02,0.02,0.02,0.02,0.02,0.02,,0.02,,Equity-Only Equal Weight
2021-04-01,0.02,0.02,,0.02,0.02,0.02,0.02,0.02,0.02,,,0.02,0.02,0.02,0.02,0.02,0.02,0.02,0.02,0.02,0.02,0.02,,,,0.02,0.02,0.02,0.02,0.02,,0.02,0.02,0.02,0.02,0.02,0.02,0.02,0.02,0.02,0.02,0.02,0.02,0.02,0.02,0.02,0.02,0.02,0.02,0.02,,0.02,0.02,0.02,0.02,0.02,0.02,,0.02,,Equity-Only Equal Weight
2021-05-03,0.02,0.02,,0.02,0.02,0.02,0.02,0.02,0.02,,,0.02,0.02,0.02,0.02,0.02,0.02,0.02,0.02,0.02,0.02,0.02,,,,0.02,0.02,0.02,0.02,0.02,,0.02,0.02,0.02,0.02,0.02,0.02,0.02,0.02,0.02,0.02,0.02,0.02,0.02,0.02,0.02,0.02,0.02,0.02,0.02,,0.02,0.02,0.02,0.02,0.02,0.02,,0.02,,Equity-Only Equal Weight
2021-06-01,0.02,0.02,,0.02,0.02,0.02,0.02,0.02,0.02,,,0.02,0.02,0.02,0.02,0.02,0.02,0.02,0.02,0.02,0.02,0.02,,,,0.02,0.02,0.02,0.02,0.02,,0.02,0.02,0.02,0.02,0.02,0.02,0.02,0.02,0.02,0.02,0.02,0.02,0.02,0.02,0.02,0.02,0.02,0.02,0.02,,0.02,0.02,0.02,0.02,0.02,0.02,,0.02,,Equity-Only Equal Weight
2021-07-01,0.02,0.02,,0.02,0.02,0.02,0.02,0.02,0.02,,,0.02,0.02,0.02,0.02,0.02,0.02,0.02,0.02,0.02,0.02,0.02,,,,0.02,0.02,0.02,0.02,0.02,,0.02,0.02,0.02,0.02,0.02,0.02,0.02,0.02,0.02,0.02,0.02,0.02,0.02,0.02,0.02,0.02,0.02,0.02,0.02,,0.02,0.02,0.02,0.02,0.02,0.02,,0.02,,Equity-Only Equal Weight
2021-08-02,0.02,0.02,,0.02,0.02,0.02,0.02,0.02,0.02,,,0.02,0.02,0.02,0.02,0.02,0.02,0.02,0.02,0.02,0.02,0.02,,,,0.02,0.02,0.02,0.02,0.02,,0.02,0.02,0.02,0.02,0.02,0.02,0.02,0.02,0.02,0.02,0.02,0.02,0.02,0.02,0.02,0.02,0.02,0.02,0.02,,0.02,0.02,0.02,0.02,0.02,0.02,,0.02,,Equity-Only Equal Weight
2021-09-01,0.02,0.02,,0.02,0.02,0.02,0.02,0.02,0.02,,,0.02,0.02,0.02,0.02,0.02,0.02,0.02,0.02,0.02,0.02,0.02,,,,0.02,0.02,0.02,0.02,0.02,,0.02,0.02,0.02,0.02,0.02,0.02,0.02,0.02,0.02,0.02,0.02,0.02,0.02,0.02,0.02,0.02,0.02,0.02,0.02,,0.02,0.02,0.02,0.02,0.02,0.02,,0.02,,Equity-Only Equal Weight
2021-10-01,0.02,0.02,,0.02,0.02,0.02,0.02,0.02,0.02,,,0.02,0.02,0.02,0.02,0.02,0.02,0.02,0.02,0.02,0.02,0.02,,,,0.02,0.02,0.02,0.02,0.02,,0.02,0.02,0.02,0.02,0.02,0.02,0.02,0.02,0.02,0.02,0.02,0.02,0.02,0.02,0.02,0.02,0.02,0.02,0.02,,0.02,0.02,0.02,0.02,0.02,0.02,,0.02,,Equity-Only Equal Weight
2021-11-01,0.02,0.02,,0.02,0.02,0.02,0.02,0.02,0.02,,,0.02,0.02,0.02,0.02,0.02,0.02,0.02,0.02,0.02,0.02,0.02,,,,0.02,0.02,0.02,0.02,0.02,,0.02,0.02,0.02,0.02,0.02,0.02,0.02,0.02,0.02,0.02,0.02,0.02,0.02,0.02,0.02,0.02,0.02,0.02,0.02,,0.02,0.02,0.02,0.02,0.02,0.02,,0.02,,Equity-Only Equal Weight
2021-12-01,0.02,0.02,,0.02,0.02,0.02,0.02,0.02,0.02,,,0.02,0.02,0.02,0.02,0.02,0.02,0.02,0.02,0.02,0.02,0.02,,,,0.02,0.02,0.02,0.02,0.02,,0.02,0.02,0.02,0.02,0.02,0.02,0.02,0.02,0.02,0.02,0.02,0.02,0.02,0.02,0.02,0.02,0.02,0.02,0.02,,0.02,0.02,0.02,0.02,0.02,0.02,,0.02,,Equity-Only Equal Weight
2022-01-03,0.02,0.02,,0.02,0.02,0.02,0.02,0.02,0.02,,,0.02,0.02,0.02,0.02,0.02,0.02,0.02,0.02,0.02,0.02,0.02,,,,0.02,0.02,0.02,0.02,0.02,,0.02,0.02,0.02,0.02,0.02,0.02,0.02,0.02,0.02,0.02,0.02,0.02,0.02,0.02,0.02,0.02,0.02,0.02,0.02,,0.02,0.02,0.02,0.02,0.02,0.02,,0.02,,Equity-Only Equal Weight
2022-02-01,0.02,0.02,,0.02,0.02,0.02,0.02,0.02,0.02,,,0.02,0.02,0.02,0.02,0.02,0.02,0.02,0.02,0.02,0.02,0.02,,,,0.02,0.02,0.02,0.02,0.02,,0.02,0.02,0.02,0.02,0.02,0.02,0.02,0.02,0.02,0.02,0.02,0.02,0.02,0.02,0.02,0.02,0.02,0.02,0.02,,0.02,0.02,0.02,0.02,0.02,0.02,,0.02,,Equity-Only Equal Weight
2022-03-01,0.02,0.02,,0.02,0.02,0.02,0.02,0.02,0.02,,,0.02,0.02,0.02,0.02,0.02,0.02,0.02,0.02,0.02,0.02,0.02,,,,0.02,0.02,0.02,0.02,0.02,,0.02,0.02,0.02,0.02,0.02,0.02,0.02,0.02,0.02,0.02,0.02,0.02,0.02,0.02,0.02,0.02,0.02,0.02,0.02,,0.02,0.02,0.02,0.02,0.02,0.02,,0.02,,Equity-Only Equal Weight
2022-04-01,0.02,0.02,,0.02,0.02,0.02,0.02,0.02,0.02,,,0.02,0.02,0.02,0.02,0.02,0.02,0.02,0.02,0.02,0.02,0.02,,,,0.02,0.02,0.02,0.02,0.02,,0.02,0.02,0.02,0.02,0.02,0.02,0.02,0.02,0.02,0.02,0.02,0.02,0.02,0.02,0.02,0.02,0.02,0.02,0.02,,0.02,0.02,0.02,0.02,0.02,0.02,,0.02,,Equity-Only Equal Weight
2022-05-02,0.02,0.02,,0.02,0.02,0.02,0.02,0.02,0.02,,,0.02,0.02,0.02,0.02,0.02,0.02,0.02,0.02,0.02,0.02,0.02,,,,0.02,0.02,0.02,0.02,0.02,,0.02,0.02,0.02,0.02,0.02,0.02,0.02,0.02,0.02,0.02,0.02,0.02,0.02,0.02,0.02,0.02,0.02,0.02,0.02,,0.02,0.02,0.02,0.02,0.02,0.02,,0.02,,Equity-Only Equal Weight
2022-06-01,0.02,0.02,,0.02,0.02,0.02,0.02,0.02,0.02,,,0.02,0.02,0.02,0.02,0.02,0.02,0.02,0.02,0.02,0.02,0.02,,,,0.02,0.02,0.02,0.02,0.02,,0.02,0.02,0.02,0.02,0.02,0.02,0.02,0.02,0.02,0.02,0.02,0.02,0.02,0.02,0.02,0.02,0.02,0.02,0.02,,0.02,0.02,0.02,0.02,0.02,0.02,,0.02,,Equity-Only Equal Weight
2022-07-01,0.02,0.02,,0.02,0.02,0.02,0.02,0.02,0.02,,,0.02,0.02,0.02,0.02,0.02,0.02,0.02,0.02,0.02,0.02,0.02,,,,0.02,0.02,0.02,0.02,0.02,,0.02,0.02,0.02,0.02,0.02,0.02,0.02,0.02,0.02,0.02,0.02,0.02,0.02,0.02,0.02,0.02,0.02,0.02,0.02,,0.02,0.02,0.02,0.02,0.02,0.02,,0.02,,Equity-Only Equal Weight
2022-08-01,0.02,0.02,,0.02,0.02,0.02,0.02,0.02,0.02,,,0.02,0.02,0.02,0.02,0.02,0.02,0.02,0.02,0.02,0.02,0.02,,,,0.02,0.02,0.02,0.02,0.02,,0.02,0.02,0.02,0.02,0.02,0.02,0.02,0.02,0.02,0.02,0.02,0.02,0.02,0.02,0.02,0.02,0.02,0.02,0.02,,0.02,0.02,0.02,0.02,0.02,0.02,,0.02,,Equity-Only Equal Weight
2022-09-01,0.02,0.02,,0.02,0.02,0.02,0.02,0.02,0.02,,,0.02,0.02,0.02,0.02,0.02,0.02,0.02,0.02,0.02,0.02,0.02,,,,0.02,0.02,0.02,0.02,0.02,,0.02,0.02,0.02,0.02,0.02,0.02,0.02,0.02,0.02,0.02,0.02,0.02,0.02,0.02,0.02,0.02,0.02,0.02,0.02,,0.02,0.02,0.02,0.02,0.02,0.02,,0.02,,Equity-Only Equal Weight
2022-10-03,0.02,0.02,,0.02,0.02,0.02,0.02,0.02,0.02,,,0.02,0.02,0.02,0.02,0.02,0.02,0.02,0.02,0.02,0.02,0.02,,,,0.02,0.02,0.02,0.02,0.02,,0.02,0.02,0.02,0.02,0.02,0.02,0.02,0.02,0.02,0.02,0.02,0.02,0.02,0.02,0.02,0.02,0.02,0.02,0.02,,0.02,0.02,0.02,0.02,0.02,0.02,,0.02,,Equity-Only Equal Weight
2022-11-01,0.02,0.02,,0.02,0.02,0.02,0.02,0.02,0.02,,,0.02,0.02,0.02,0.02,0.02,0.02,0.02,0.02,0.02,0.02,0.02,,,,0.02,0.02,0.02,0.02,0.02,,0.02,0.02,0.02,0.02,0.02,0.02,0.02,0.02,0.02,0.02,0.02,0.02,0.02,0.02,0.02,0.02,0.02,0.02,0.02,,0.02,0.02,0.02,0.02,0.02,0.02,,0.02,,Equity-Only Equal Weight
2022-12-01,0.02,0.02,,0.02,0.02,0.02,0.02,0.02,0.02,,,0.02,0.02,0.02,0.02,0.02,0.02,0.02,0.02,0.02,0.02,0.02,,,,0.02,0.02,0.02,0.02,0.02,,0.02,0.02,0.02,0.02,0.02,0.02,0.02,0.02,0.02,0.02,0.02,0.02,0.02,0.02,0.02,0.02,0.02,0.02,0.02,,0.02,0.02,0.02,0.02,0.02,0.02,,0.02,,Equity-Only Equal Weight
2023-01-03,0.02,0.02,,0.02,0.02,0.02,0.02,0.02,0.02,,,0.02,0.02,0.02,0.02,0.02,0.02,0.02,0.02,0.02,0.02,0.02,,,,0.02,0.02,0.02,0.02,0.02,,0.02,0.02,0.02,0.02,0.02,0.02,0.02,0.02,0.02,0.02,0.02,0.02,0.02,0.02,0.02,0.02,0.02,0.02,0.02,,0.02,0.02,0.02,0.02,0.02,0.02,,0.02,,Equity-Only Equal Weight
2023-02-01,0.02,0.02,,0.02,0.02,0.02,0.02,0.02,0.02,,,0.02,0.02,0.02,0.02,0.02,0.02,0.02,0.02,0.02,0.02,0.02,,,,0.02,0.02,0.02,0.02,0.02,,0.02,0.02,0.02,0.02,0.02,0.02,0.02,0.02,0.02,0.02,0.02,0.02,0.02,0.02,0.02,0.02,0.02,0.02,0.02,,0.02,0.02,0.02,0.02,0.02,0.02,,0.02,,Equity-Only Equal Weight
2023-03-01,0.02,0.02,,0.02,0.02,0.02,0.02,0.02,0.02,,,0.02,0.02,0.02,0.02,0.02,0.02,0.02,0.02,0.02,0.02,0.02,,,,0.02,0.02,0.02,0.02,0.02,,0.02,0.02,0.02,0.02,0.02,0.02,0.02,0.02,0.02,0.02,0.02,0.02,0.02,0.02,0.02,0.02,0.02,0.02,0.02,,0.02,0.02,0.02,0.02,0.02,0.02,,0.02,,Equity-Only Equal Weight
2023-04-03,0.02,0.02,,0.02,0.02,0.02,0.02,0.02,0.02,,,0.02,0.02,0.02,0.02,0.02,0.02,0.02,0.02,0.02,0.02,0.02,,,,0.02,0.02,0.02,0.02,0.02,,0.02,0.02,0.02,0.02,0.02,0.02,0.02,0.02,0.02,0.02,0.02,0.02,0.02,0.02,0.02,0.02,0.02,0.02,0.02,,0.02,0.02,0.02,0.02,0.02,0.02,,0.02,,Equity-Only Equal Weight
2023-05-01,0.02,0.02,,0.02,0.02,0.02,0.02,0.02,0.02,,,0.02,0.02,0.02,0.02,0.02,0.02,0.02,0.02,0.02,0.02,0.02,,,,0.02,0.02,0.02,0.02,0.02,,0.02,0.02,0.02,0.02,0.02,0.02,0.02,0.02,0.02,0.02,0.02,0.02,0.02,0.02,0.02,0.02,0.02,0.02,0.02,,0.02,0.02,0.02,0.02,0.02,0.02,,0.02,,Equity-Only Equal Weight
2023-06-01,0.02,0.02,,0.02,0.02,0.02,0.02,0.02,0.02,,,0.02,0.02,0.02,0.02,0.02,0.02,0.02,0.02,0.02,0.02,0.02,,,,0.02,0.02,0.02,0.02,0.02,,0.02,0.02,0.02,0.02,0.02,0.02,0.02,0.02,0.02,0.02,0.02,0.02,0.02,0.02,0.02,0.02,0.02,0.02,0.02,,0.02,0.02,0.02,0.02,0.02,0.02,,0.02,,Equity-Only Equal Weight
2023-07-03,0.02,0.02,,0.02,0.02,0.02,0.02,0.02,0.02,,,0.02,0.02,0.02,0.02,0.02,0.02,0.02,0.02,0.02,0.02,0.02,,,,0.02,0.02,0.02,0.02,0.02,,0.02,0.02,0.02,0.02,0.02,0.02,0.02,0.02,0.02,0.02,0.02,0.02,0.02,0.02,0.02,0.02,0.02,0.02,0.02,,0.02,0.02,0.02,0.02,0.02,0.02,,0.02,,Equity-Only Equal Weight
2023-08-01,0.02,0.02,,0.02,0.02,0.02,0.02,0.02,0.02,,,0.02,0.02,0.02,0.02,0.02,0.02,0.02,0.02,0.02,0.02,0.02,,,,0.02,0.02,0.02,0.02,0.02,,0.02,0.02,0.02,0.02,0.02,0.02,0.02,0.02,0.02,0.02,0.02,0.02,0.02,0.02,0.02,0.02,0.02,0.02,0.02,,0.02,0.02,0.02,0.02,0.02,0.02,,0.02,,Equity-Only Equal Weight
2023-09-01,0.02,0.02,,0.02,0.02,0.02,0.02,0.02,0.02,,,0.02,0.02,0.02,0.02,0.02,0.02,0.02,0.02,0.02,0.02,0.02,,,,0.02,0.02,0.02,0.02,0.02,,0.02,0.02,0.02,0.02,0.02,0.02,0.02,0.02,0.02,0.02,0.02,0.02,0.02,0.02,0.02,0.02,0.02,0.02,0.02,,0.02,0.02,0.02,0.02,0.02,0.02,,0.02,,Equity-Only Equal Weight
2023-10-02,0.02,0.02,,0.02,0.02,0.02,0.02,0.02,0.02,,,0.02,0.02,0.02,0.02,0.02,0.02,0.02,0.02,0.02,0.02,0.02,,,,0.02,0.02,0.02,0.02,0.02,,0.02,0.02,0.02,0.02,0.02,0.02,0.02,0.02,0.02,0.02,0.02,0.02,0.02,0.02,0.02,0.02,0.02,0.02,0.02,,0.02,0.02,0.02,0.02,0.02,0.02,,0.02,,Equity-Only Equal Weight
2023-11-01,0.02,0.02,,0.02,0.02,0.02,0.02,0.02,0.02,,,0.02,0.02,0.02,0.02,0.02,0.02,0.02,0.02,0.02,0.02,0.02,,,,0.02,0.02,0.02,0.02,0.02,,0.02,0.02,0.02,0.02,0.02,0.02,0.02,0.02,0.02,0.02,0.02,0.02,0.02,0.02,0.02,0.02,0.02,0.02,0.02,,0.02,0.02,0.02,0.02,0.02,0.02,,0.02,,Equity-Only Equal Weight
2023-12-01,0.02,0.02,,0.02,0.02,0.02,0.02,0.02,0.02,,,0.02,0.02,0.02,0.02,0.02,0.02,0.02,0.02,0.02,0.02,0.02,,,,0.02,0.02,0.02,0.02,0.02,,0.02,0.02,0.02,0.02,0.02,0.02,0.02,0.02,0.02,0.02,0.02,0.02,0.02,0.02,0.02,0.02,0.02,0.02,0.02,,0.02,0.02,0.02,0.02,0.02,0.02,,0.02,,Equity-Only Equal Weight
2020-08-03,0.06881897092693368,0.02379191708816049,,1.2253686803116283e-17,0.0363565920509877,3.877738306492838e-18,0.03974018137829667,1.6506086234116254e-18,0.0,,,0.0023405152493935367,1.0028761057860756e-17,0.0236331774028418,0.0,4.6900439350898983e-20,1.664854523249064e-18,8.865557355733023e-19,4.553649124439119e-18,4.446123222044896e-19,6.893389322185084e-18,0.0866306387933192,,,,0.0,0.10038942608837188,0.0,2.262348314689355e-18,0.03905123762771078,,0.03902376605747471,0.06354614126237443,0.0,7.806255641895632e-18,0.11706488141007776,0.013946978630717964,2.0116199740670717e-18,7.015762733805155e-19,0.0,0.0,1.9908469108065828e-18,0.052338638411682695,0.0,2.1036581873776573e-18,0.005827798008645991,0.0,8.274812636212333e-19,0.025123812827901028,0.03657091951597058,,0.0774828377000428,0.04850100685923651,3.4765042861306563e-19,1.2012590140808672e-18,1.1713716424498979e-18,0.0998205627098597,,0.0,,Equity-Only Min Variance
2020-09-01,0.08826199216110217,0.0,,2.6853698041886187e-18,0.021532942212027898,2.335068131070414e-18,0.022260041771483764,3.1735864359391252e-19,7.050307972577906e-19,,,0.003597132057585189,9.046879860840905e-19,0.006864501782285272,6.146870026792859e-19,0.0,2.198019741897156e-18,2.6056310684113766e-19,0.0,6.838034800536754e-19,1.4394660064250785e-18,0.09721364273675817,,,,0.0,0.12332435834117604,0.0,0.0,0.03424622090544819,,0.042035942044946734,0.07352293857266638,8.36278539685106e-19,1.665803713137529e-18,0.14259666887876937,0.0037909681027975765,2.563276434726939e-18,0.0,0.0,4.213885725166043e-19,0.0,0.05461724463140148,3.4515106628014882e-18,1.361767679161484e-18,0.0,7.699575135795693e-19,1.4848525183749103e-18,0.012370791791554023,0.026093320065932013,,0.07895168969932573,0.04535721875950875,0.0,2.1287627684965952e-18,2.773383290797758e-19,0.12336238548523129,,2.2894333011846072e-18,,Equity-Only Min Variance
2020-10-01,0.06905275977505441,0.023953196258170297,,0.0,0.038633210774190595,0.0,0.03801932281694475,0.0,7.256167486745541e-19,,,0.005693958628728812,0.0,0.025536561163377627,1.227072106535131e-18,2.2201592886723485e-19,0.0,0.0,0.005525938554253835,1.3006020760485633e-19,0.0,0.08170188363238969,,,,8.25688413954359e-19,0.0987553390732946,0.0,0.0,0.03819985280980377,,0.03911966308469894,0.06413642490393182,1.0264774738270457e-19,0.0003701547705450025,0.10836576056662503,0.022473469045345897,0.0,6.684447537175412e-19,0.0,2.0387060905030487e-18,0.0,0.053114162679385485,0.0,0.0,0.006690666839801362,7.889731827821749e-19,0.0,0.030252752140781478,0.03386862513991038,,0.07348292743942429,0.04650413645182175,2.1023890688411938e-18,0.0,4.2490368486003916e-19,0.09654923345152036,,0.0,,Equity-Only Min Variance
2020-11-02,0.06919524320593592,0.023210241846144494,,2.315334118547352e-19,0.040768925949553815,0.0,0.0368101542681944,0.0,0.0,,,0.0036938262195135184,9.274360277776149e-18,0.0227763878887356,0.0,0.0,6.1234888683271085e-18,0.0,0.004475421964604533,1.373541140735238e-19,6.7220534694101275e-18,0.0824420597518834,,,,0.0,0.09890585374545587,0.0,0.0,0.03827331784569718,,0.040698518990756286,0.06515349266099753,0.0,6.288372600415926e-18,0.10813091443085368,0.022401772252453923,0.0,0.0,0.0,0.0,0.0,0.05510360421384714,0.0,0.0,0.008832151790860242,0.0,0.0,0.03175040047139761,0.03313540898845231,,0.07408511699927281,0.04185049921588638,0.0,0.0,0.0,0.0983066872995033,,0.0,,Equity-Only Min Variance
2020-12-01,0.06757387861939959,0.0229144033912937,,5.083817798939337e-18,0.041123432027816,0.0,0.03580389262548349,2.8349120621886867e-18,2.1606361966373522e-18,,,0.0048145064948693275,0.0011057764481248603,0.021980307534275365,4.0693781125037933e-19,2.2717764067972385e-19,0.0,0.0,0.003941465054055059,1.9525568920802175e-19,2.168404344971009e-18,0.08185856762107209,,,,0.0,0.09908552055316089,0.0,0.0,0.03785040082970781,,0.04067125724077132,0.0649127937545855,6.263084995393196e-19,0.0009084629601635273,0.10686420313237706,0.023473491088877124,0.0,0.0,0.0,3.5736850260210617e-19,0.0,0.05549346882185087,0.0,0.0,0.009353669198705786,4.784156993029972e-19,0.0,0.03215420784468785,0.03435036630768507,,0.07429941653866942,0.04190950522543229,0.0,0.0,9.839934158047312e-19,0.09755700668693597,,0.0,,Equity-Only Min Variance
2021-01-04,0.0677173493572832,0.022895775794215575,,0.0,0.04032375517936568,0.0,0.035195969882378504,0.0,8.592736181291919e-19,,,0.004025704860600322,0.0008766009480525691,0.021697181475628918,1.833086831889826e-18,9.083736507200669e-19,0.0,1.3999407614926356e-18,0.0025092168127429215,2.579790416160974e-19,0.0,0.08233464058593623,,,,1.3026347917084973e-19,0.0989853534347834,3.640912176117381e-19,0.0,0.03780556364570749,,0.041158397942987354,0.06504073810912613,1.2437727400015887e-18,0.0004489691744111344,0.10645523347799157,0.02385300455349423,0.0,1.4572931314335355e-18,5.745311305405676e-19,0.0,2.4793319229609396e-20,0.0561226822575556,0.0,1.7183404691498003e-18,0.009994277100875072,7.820729555483119e-19,0.0,0.03190543554506086,0.03453748648472415,,0.07551890621641454,0.042281380835671685,5.011620005454166e-19,1.23621824258412e-18,1.6085050414673827e-18,0.09831637632499282,,3.3128486087109924e-18,,Equity-Only Min Variance
2021-02-01,0.06369611186000183,0.025968413605675224,,0.0,0.0419556447647136,0.0,0.035585239608936656,3.4349615850068378e-18,6.036093647814701e-19,,,0.005786433026800979,0.005076982825930082,0.020501007626565673,1.3571552631938342e-19,1.0453887265823866e-18,0.0005217351524899635,0.0,0.0026741489516619614,1.6756140724330695e-18,0.004085382288875141,0.08126947068589742,,,,0.0,0.0961903426811977,0.0,0.0,0.038141292730234144,,0.04506139197365027,0.06273505709025354,2.252777072288583e-18,0.0,0.10255357591658203,0.02324243215775163,0.0,0.0,2.3319485956720167e-19,1.6106224573871114e-18,0.0,0.05592320415156635,0.0,0.0,0.012820982187005595,4.362107178994433e-19,0.0,0.034180935825999285,0.031983687998434554,,0.0722330972411957,0.04237439844736325,6.408024278048073e-19,0.0,2.580579129551142e-18,0.09543903120121758,,0.0,,Equity-Only Min Variance
2021-03-01,0.06492954762416056,0.026240849657776715,,4.126188025787835e-18,0.04209283321261278,0.0,0.03593725690624813,7.047314121155779e-19,1.5177150844703747e-18,,,0.006167037277002146,0.00460523850559634,0.020821862097269404,9.51547538722772e-19,1.6908738964129656e-18,0.0,0.0,0.0015521779685424837,1.0059742918649826e-18,0.004662510624331468,0.08065033896785812,,,,5.649507438660523e-19,0.09542123625594001,6.361041378059216e-19,0.0,0.03803866986206434,,0.045758054096714414,0.06343367083596464,2.0502077752251176e-18,0.0,0.10188895654650358,0.022810447913165385,0.0,0.0,0.0,5.235085660403161e-19,0.0,0.05658658649383965,0.0,0.0,0.012698227363407916,2.3163682091033198e-18,1.8960932645422102e-18,0.034211027434373625,0.032718921014558755,,0.07047426636061561,0.04248682081485981,0.0,0.0,9.710051096279687e-19,0.09581346216659417,,0.0,,Equity-Only Min Variance
2021-04-01,0.05989557918190561,0.02870187528725278,,0.00033029525663174145,0.043167403210653994,0.0,0.03716191902835872,0.0,8.988109381732403e-19,,,0.009110403056466886,0.010185693046364692,0.02335509119901059,0.0,0.0,0.006883894092356823,3.715094507994906e-19,0.006356391088682762,0.0,0.010975071847734733,0.07474076075264158,,,,0.0,0.08821143028445619,0.0,7.231027864030358e-19,0.037932054371599244,,0.04496084382091315,0.060636978011166645,0.0,0.00517541149698044,0.0930598019682976,0.022633040323709514,2.6173750308374952e-18,0.0,2.8805458747854675e-19,2.1261357188096474e-18,4.203406895381997e-18,0.0547467007797097,5.776364692399096e-19,3.198396408832238e-18,0.015423665952319561,0.0,3.0994652549034916e-18,0.035899417774539706,0.03324069890366502,,0.06712923301720167,0.04175589246111924,0.0,1.7474246047265098e-05,0.0,0.08831297954021415,,4.635613198294565e-19,,Equity-Only Min Variance
2021-05-03,0.06051833381644885,0.028732010091208793,,0.0,0.04314892014807395,0.0,0.0369610440532683,1.3010426069826053e-18,0.0,,,0.009716519031158178,0.010126352680685525,0.02283230449367077,0.0,0.0,0.006988137115569353,2.993696246013567e-18,0.006920120175975398,5.701516471869363e-19,0.011363210152279757,0.07433919539458074,,,,1.8609806457468665e-18,0.08772121220218666,2.3793739139037125e-18,2.5740588108777417e-18,0.038282544010673415,,0.045028081204681346,0.06140367468561829,0.0,0.0057770031093109095,0.09186698260221658,0.022253035704297496,2.6336006998807975e-18,3.0867753334043235e-18,1.13280408375346e-18,6.824169827601421e-19,0.0,0.0545568670358748,9.851157401998239e-19,1.5147300732910358e-05,0.014744739657646952,0.0,0.0,0.036706860074579406,0.03254155035737639,,0.06751323956794075,0.041851325498202994,1.4269558239029654e-18,0.0,0.0,0.08809158983574161,,0.0,,Equity-Only Min Variance
2021-06-01,0.0604613263681098,0.02906232645036247,,4.3460861329568806e-05,0.04331381913908429,0.0,0.037013086187690704,0.0,0.0,,,0.01046247991403006,0.010685816430342375,0.02251227088664354,7.218837501252508e-20,3.107933182764496e-19,0.00740960285413614,1.0718808628186082e-19,0.007901573432519972,6.713219312415753e-19,0.011510583457912525,0.07426138294788466,,,,0.0,0.08751915696028004,1.6340316257945668e-18,0.0,0.03868432603207426,,0.04469849220533921,0.06171012105813202,6.163507960195002e-19,0.005688711855403618,0.09071566907121591,0.021847990621081104,0.0,2.651318195446981e-18,5.821584236265512e-19,0.0,0.0,0.05473976195598544,0.0,0.0,0.015007809228662376,1.182731896391464e-18,0.0,0.03656109309039971,0.031711242606673976,,0.0674464726900712,0.041383457324068194,2.108553962585578e-18,0.0,7.132524241205162e-19,0.08764796637056706,,0.0,,Equity-Only Min Variance
2021-07-01,0.056148357544123104,0.031153733395910627,,0.007250199945322327,0.042330911383579146,0.0,0.038017074049450386,0.00669782717043142,0.0,,,0.013116062759764886,0.015631150188438293,0.024050387773516115,3.573902667226418e-20,0.0,0.012617178889419026,4.0256210164918476e-20,0.010823158176393033,6.825167909920063e-20,0.015708668085010973,0.06930101994897875,,,,0.0,0.0800183337772936,5.222613388275056e-19,3.6470309057599393e-19,0.037635413555249644,,0.04170529322520933,0.058012575478958724,0.0,0.011593607973433319,0.08233906584480385,0.02225791017869912,0.0,0.0,1.0913425646058506e-19,1.7792582325528872e-18,0.0,0.05272426179275737,0.0,0.0,0.018390277260795923,4.732277979995706e-19,0.00012145892449230548,0.03620305898253534,0.03290057117896752,,0.06306915589866606,0.04047274997409837,1.3601431487954464e-19,0.0,0.0,0.07955738027150416,,0.00015315637219739445,,Equity-Only Min Variance
2021-08-02,0.05601048860316392,0.03150118989232949,,0.007475106164944868,0.04220833270309659,5.362183346653317e-18,0.03814297491523162,0.006887445194510202,0.0,,,0.012512364887994398,0.015826590252570084,0.024046686719518658,0.0,0.0,0.012938929373441144,3.3481645725537924e-18,0.010021362820512542,0.0,0.01601776893746477,0.06906293457276343,,,,4.8539201707976e-05,0.07987330268401391,0.0,5.509814574109839e-18,0.0377823449403693,,0.04155141378109314,0.058276420761009425,0.0,0.011845453208058616,0.0820596249939651,0.02220570790227132,3.910928632130659e-18,0.0,3.460672787886972e-18,0.0,5.560176467568753e-18,0.05254756485155305,4.412490238249976e-18,4.825164458094091e-18,0.01865257137132069,0.0,0.0002931714685482595,0.0360872351224327,0.03288687916391774,,0.06286447539793354,0.040504859202092125,0.0,2.7185935182726463e-18,0.0,0.07983657294617132,,3.1687966000059095e-05,,Equity-Only Min Variance
2021-09-01,0.061029968523702245,0.029430556116175843,,0.00017175384126566235,0.0428851510043114,1.5067350966786582e-18,0.035860792072640264,0.0,1.4247192962033745e-18,,,0.009566387380110147,0.010463780637265423,0.022234826852149604,8.05215061404249e-19,3.828885905433727e-19,0.006930409219611565,0.0,0.007276443542035245,1.1907297372149814e-18,0.011515074450877981,0.07469250633505947,,,,3.824745226319246e-19,0.08778751206250049,0.0,0.0,0.038946268627888365,,0.0442720348712829,0.06295812110234648,0.0,0.006059911184488295,0.08923483143470912,0.020804549047668458,0.0,1.6818030793437607e-18,0.0,1.3145120376059594e-18,1.5691145712806202e-18,0.056273853307709225,0.0,0.00024168181142065093,0.015129343881046942,1.5103128281670888e-18,3.105889832411499e-18,0.03708300347914977,0.0322840938193789,,0.06684437490202318,0.041331252841599206,0.0,0.00044130914367342567,0.0,0.08825020850790975,,7.425189084923051e-19,,Equity-Only Min Variance
2021-10-01,0.05493050395106931,0.03225389637439471,,0.008091167187886751,0.04216910761986717,0.0,0.037023209514697966,0.008047615774641593,3.429843232653908e-20,,,0.01149622437007327,0.016854449533468117,0.023356378749827773,4.402669628542904e-19,0.0,0.014446829417126224,0.0,0.01081657977871544,0.0,0.016949417387108284,0.06910505156762833,,,,0.0,0.07848686879214677,0.0,0.0,0.037633346100369315,,0.04035161617155102,0.05778697325336013,0.0,0.013224194655818254,0.08011318735772652,0.02267905357703165,0.0,0.0,1.1435813757792354e-19,0.0,4.995400067730246e-18,0.05246103531489409,0.0,2.168404344971009e-18,0.019010815366035536,1.1132602612565633e-18,0.002133451209384241,0.03624407805749953,0.03276259779233044,,0.06265148971027354,0.040312248174489626,0.0,0.0,0.0,0.07860861324058449,,1.1372520414485254e-18,,Equity-Only Min Variance
2021-11-01,0.05196829541035533,0.03304449981036984,,0.011955240369052184,0.041862148401264225,0.0,0.03708826389409222,0.012141381509345312,1.1173185522841948e-18,,,0.012326170713343142,0.01956597563964791,0.02330250310815009,1.8559312822899447e-18,0.0,0.017565368344572823,1.005300108722363e-18,0.012087443376001802,0.0,0.019794322798692924,0.06538105319110593,,,,0.0,0.07328855295834491,0.0,0.0,0.03756058186517778,,0.03872006922677733,0.053645183164873565,0.0,0.015955703463012495,0.07532492546086837,0.023609591746949328,0.0,1.3793837073395944e-19,3.5477880523106013e-19,1.83200426524256e-18,3.2526065174565133e-18,0.05037486498566952,1.6386274162016102e-18,0.0032147493360832197,0.02092765214441974,1.4764605219200181e-18,0.006944057544835378,0.03494731074559881,0.03293891437960309,,0.05964233308564884,0.038683097518808225,1.4107316545600736e-19,0.002725319331101715,0.0,0.07341442647623397,,0.0,,Equity-Only Min Variance
2021-12-01,0.06075968217205969,0.03007554412797891,,0.0,0.043612980686677474,9.630159652187786e-19,0.03521617547764311,0.0,0.0,,,0.007653826493223904,0.010701386502602436,0.019211713836224383,0.0,0.0,0.006583834597545734,1.6645047202027635e-18,0.007884881634145264,0.0,0.012051224691534438,0.0756712440274131,,,,1.9933537743408167e-18,0.08857391710764365,2.3273774889876934e-18,1.522203185064041e-18,0.03937039044938959,,0.0431693045826698,0.06152187444046836,0.0,0.005778526401494403,0.09146818714924997,0.022111249701528564,6.330953939814652e-19,4.024462691148705e-18,0.0,0.0,2.5521952489252704e-18,0.05687264626305663,0.0,0.0011712017335541794,0.015755735081081246,0.0,4.541028609078367e-18,0.03674746903609613,0.031184658067704138,,0.06665189673572892,0.04037582895707197,8.833170969640557e-19,0.00042918707019145555,0.0,0.08933177821015618,,6.365476586646515e-05,,Equity-Only Min Variance
2022-01-03,0.04901366710997878,0.03403616905454933,,0.014885553151499536,0.04097378929232114,0.0002877237813821193,0.036915622759252024,0.015281561051762942,0.0,,,0.013124407328731965,0.021779638922487916,0.024011918792412015,0.0,0.0,0.019926577119258392,3.946797382818109e-18,0.013465650218968546,0.0,0.022203272709909454,0.06083227357789856,,,,0.0,0.06856504036270238,0.0,8.858162669104114e-18,0.03581205862559169,,0.037104646786623875,0.051524378831605815,0.0,0.019259428049050013,0.07033666052000655,0.024165256883086416,0.00015438948819701762,0.0,5.334505608526224e-18,9.787967049456848e-20,0.004547070855045462,0.047848631925253494,0.00023340184372904718,0.005760109581346604,0.0227241610445861,0.0,0.011388658644962595,0.03368567982460555,0.031700916413334564,,0.056749548455977926,0.03697209163673675,0.0,0.005303491887331309,0.0,0.06824997637371887,,0.001176577096095131,,Equity-Only Min Variance
2022-02-01,0.04875210449076888,0.03378159044356184,,0.014774300451091776,0.04137098085975735,0.0,0.037098524083560465,0.01543960206655424,8.744001214476558e-19,,,0.014873658692491505,0.021476708808659015,0.0241108043502268,0.0,0.0,0.021325406427093706,0.0,0.013108567699047198,0.0,0.023475280847147926,0.0599688480543295,,,,6.575596869505549e-19,0.06676286697144711,0.0,0.0008646286277827027,0.03593579344650215,,0.037118381984040286,0.051630403910131115,0.0,0.018793059674403312,0.0688230920250317,0.024038967974557325,0.0,1.0370304473204815e-18,0.0,5.778345473515829e-19,0.00614010765119967,0.047039122167133365,0.0003997924934366296,0.006699153818441053,0.023266945067983828,6.20996949641183e-21,0.013208322977423262,0.03275447687010042,0.03129413377293829,,0.054454921472023424,0.03636770433318076,0.0,0.005560683707733085,0.0,0.06657879643971508,,0.002712267340505282,,Equity-Only Min Variance
2022-03-01,0.05349968764276078,0.032399483485755,,0.009561294573630596,0.04281556950338755,0.0,0.037109051570310796,0.011129393470327771,1.5437545466119138e-18,,,0.01339193834714772,0.01817972501376519,0.02251967314245802,7.767117765209501e-19,1.6436716108964471e-18,0.01844217892292881,5.425052349478091e-19,0.012379342084629175,3.143177921334434e-18,0.02117488222943196,0.06506542694168456,,,,1.462439383675501e-18,0.07429830997946905,0.0,0.0,0.038232523171263445,,0.03818942398039766,0.05586524634384231,1.9553797354860297e-18,0.015360435178346421,0.07695144866903605,0.023398113101539848,0.0,1.0338078888733509e-18,0.0,2.1560688531717081e-19,0.0,0.04955170467724168,0.0006889531015632469,0.002819027274564948,0.020754449915591493,1.260789174219456e-18,0.008878572181642029,0.03387033844734174,0.03212358842906229,,0.058240041651877815,0.03652855099788507,1.91512405763073e-18,0.0011932173505151402,1.6523999341668657e-18,0.07435534917800543,,0.0010330594425965096,,Equity-Only Min Variance
2022-04-01,0.0538531062456835,0.03142758148225312,,0.007423508474414268,0.043691910801398434,4.0443339743406224e-18,0.03781992541271101,0.011018030471100022,1.3001493062706305e-18,,,0.014973330702685968,0.018464164334834603,0.02299276531141292,0.0,8.202047305565102e-19,0.019158912846631532,1.6831120770494436e-19,0.011093010667714764,6.089704213111213e-19,0.022463012538407164,0.06419763054223807,,,,1.5139641616331603e-18,0.07410871555128068,1.4326489986967474e-18,1.7132993034967883e-18,0.03840295053172686,,0.03791584376471029,0.05670469983579303,7.354813998506254e-19,0.016878266473126388,0.07889074267127198,0.020691290888815602,4.664668051384581e-19,1.035672945693348e-18,1.5169897407677313e-18,0.0,0.0,0.04900440614007328,1.4422487603754122e-18,0.0003044334564971025,0.01983730203577448,0.0,0.010293101535812157,0.033877634650439005,0.03270170018048251,,0.05704593171112642,0.035242999388098974,7.3888956762009705e-19,0.0005575141280384339,0.0,0.07493023213626994,,0.0040353450891772715,,Equity-Only Min Variance
2022-05-02,0.04535045883292524,0.0319077311645567,,0.015032553997162966,0.04016335539431383,0.0,0.037398475126398927,0.019140062280585114,0.0,,,0.017212169412975643,0.023944189221328488,0.024881707970947173,0.0,4.2487217857706204e-19,0.02510244648211031,1.734723475976807e-18,0.014397925693492703,6.146075587620253e-19,0.026697170845360368,0.054257744376537256,,,,4.3915057347871185e-05,0.05965712983277333,1.9156501657446307e-18,0.004138172139945606,0.03563108846690093,,0.03402220357653055,0.04829638215455767,5.603974501377501e-19,0.022727568836308682,0.06355353865690132,0.021369675988973057,0.0,6.688176673863005e-19,0.005489474298998275,0.0,0.009668957699439141,0.042170012670584026,0.0012095601637541922,0.008676910962250102,0.024750832726494178,0.0015588999812274666,0.01862353650264532,0.03279503970850917,0.030354263683058123,,0.04953252346415581,0.032604054303096625,0.0,0.008576475062456072,0.0,0.060475550403780935,,0.008588242860616963,,Equity-Only Min Variance
2022-06-01,0.047394196970195424,0.031370398268138595,,0.013689196241844349,0.04145711413729866,5.054161186470109e-18,0.03940543018737132,0.018753088206171862,0.0,,,0.01649626595231555,0.024251807420009937,0.025493315456456566,1.1009267278593866e-19,1.2621084412513553e-20,0.026461472709906,1.1384122811097797e-17,0.013667777740250554,1.0748877450499519e-19,0.028175300384677977,0.054724160987959916,,,,0.0,0.06113450742587283,5.962180505926719e-18,0.0035997174684716223,0.03543603476560444,,0.03481821058279893,0.04993245653448963,0.0,0.022428506695290687,0.06391563600239174,0.019782562614161257,8.00861210649311e-18,0.0,0.006345512555480518,0.0,0.008280220642929584,0.04169769164943476,1.910577789412341e-05,0.006192575593717737,0.02515608464547144,0.0,0.020102391188147786,0.03342692624037244,0.029673591687149427,,0.046971824797985645,0.03257364428103096,1.0155080939616052e-18,0.0076425898657247115,0.0,0.06170964356582312,,0.007821040757159954,,Equity-Only Min Variance
2022-07-01,0.05275673537485931,0.030087302491429005,,0.007546904653028695,0.04348097126186121,0.0,0.04283400225953661,0.013715260043555956,0.0,,,0.014970857860885983,0.020390613801588974,0.025533910098050394,0.0,0.0,0.0249511411122525,0.00022818743976218264,0.011615417861312337,0.0,0.027740340598226935,0.060440803479122736,,,,0.0,0.06925800444392012,0.0,3.553004212242059e-18,0.03862045690030513,,0.03770147934807629,0.0556552290537624,0.0,0.018639872966985282,0.07256768470929761,0.016252088981013633,0.0,0.0,0.002617307984135022,0.0,6.938893903907228e-18,0.04432947722355491,1.5131989606878876e-19,0.0006550633561833736,0.022953321329867143,0.0,0.016991643945684722,0.034982938687489806,0.029803357001494817,,0.049702903838280806,0.03467708525144393,0.0,0.002018299959651405,0.0,0.07072481659671105,,0.0055565200866696885,,Equity-Only Min Variance
2022-08-01,0.05307376845817747,0.029801183582022044,,0.007328557295405374,0.043497567806830686,1.3637496534843865e-18,0.04307312792439618,0.013924829210278603,4.580392077838603e-19,,,0.01421399126598469,0.02050534850606779,0.026431660628678154,0.0,1.2959870177040425e-18,0.025569867442172586,0.0,0.010982409951779213,0.0,0.028256054414002023,0.060029566367849695,,,,0.0,0.06867119768086821,3.560199218964366e-20,0.0,0.038707325803441085,,0.037973948544641506,0.05584899656778003,0.0,0.018807326475711553,0.07216328453836371,0.01554691319707805,1.0503208545953324e-19,0.0,0.003309419039336267,1.0510477937741904e-18,0.0,0.04375747897547021,0.0,0.0008231349850679785,0.02368270420588923,2.2764624613069056e-19,0.01768140814612576,0.035165088846975265,0.029771734300282186,,0.04942935467298944,0.03390190985005197,8.080960400855656e-19,0.0026785003134562582,0.0,0.06987414691839126,,0.005518194084435432,,Equity-Only Min Variance
2022-09-01,0.050965060894898565,0.030219828218886,,0.008904887152716598,0.042717350547082714,0.0,0.04247432699997479,0.0162688879857342,9.525056578424087e-19,,,0.014183891391399488,0.022093993977754585,0.0264736505652688,8.298128003752538e-19,0.0,0.027150053421332206,0.0004982475363590524,0.011051607487886538,0.0,0.029296987068838688,0.057752279097974826,,,,2.6397675615943563e-05,0.06489240866232418,0.0,0.0,0.0379270608830472,,0.03532468639107518,0.053758496553446056,0.0,0.02098802967215639,0.06781495960944091,0.01584447928642923,2.8939974759524542e-06,8.298128003752538e-19,0.00626113283159279,0.0,0.0028224084739987875,0.04250653473100776,0.0,0.0029709926640168484,0.0238015962418463,1.1655173354219173e-18,0.020049889658455874,0.03501936182209674,0.030184739761152008,,0.04759364754533161,0.03345718439578254,0.0,0.005091490811742176,1.6573896972788241e-19,0.06595351961654725,,0.00765703636931139,,Equity-Only Min Variance
2022-10-03,0.0540823824140225,0.03067922971580139,,0.004263147103329222,0.04298935841627299,0.0,0.04438770020867584,0.014056379885259365,2.7392099918857545e-18,,,0.012905279923660792,0.02028880902255035,0.024481790016601085,0.0,0.0,0.026115570062175658,0.00011759051983071498,0.008998014159346862,0.0,0.028513141815386493,0.06042562237504534,,,,0.0,0.06773380148232655,0.0,9.569683678544433e-18,0.03972619050430581,,0.03650706773317251,0.05787959181406159,0.0,0.019717005436022964,0.07126597417792452,0.012014585212855372,0.0,0.0,0.005325631439185919,7.740935542557779e-19,1.2576745200831851e-17,0.04419781432704393,4.531654661948004e-18,0.0014700373206659907,0.022979137304357296,7.334359727875714e-19,0.018441012737961164,0.03635979769737208,0.030510616183982677,,0.04815268374692034,0.03378858109685613,0.0,0.00400119807260109,0.0,0.0703800730330722,,0.007245185041353402,,Equity-Only Min Variance
2022-11-01,0.055138111670987144,0.03038474018332241,,0.004673384851344657,0.042045405069230456,0.0,0.04541147487297091,0.013264632069726145,4.1650687915745675e-19,,,0.012095847965673305,0.020097147305339774,0.02447639921672588,7.192894678893562e-19,0.0,0.025679563444007174,0.0,0.008568899701441016,0.0,0.027944506713339784,0.06097617425608879,,,,6.605683625821545e-19,0.06576363624746859,0.0,2.1241253008221263e-18,0.0406862291616804,,0.035643601802245545,0.05890682188505536,5.702116691725993e-19,0.01860099523490244,0.07110230802596956,0.011824210053557913,0.0,1.1687881309347347e-18,0.006403400174854572,0.0,2.6020852139652106e-18,0.044613151607533374,0.00016629057322447194,0.0023419566957291887,0.021390567059477308,4.4823892476798e-19,0.018278289684328666,0.03601121824969579,0.03035397360532528,,0.049273130149521345,0.03415632625883144,0.0,0.004804141337881033,1.322376926334418e-18,0.07081705106678418,,0.008106413805736155,,Equity-Only Min Variance
2022-12-01,0.04708250765078641,0.03140698917490676,,0.011377837528501154,0.03953441964314666,0.0,0.04238111776269495,0.019362239260578055,3.9819339560631496e-19,,,0.01555951236262913,0.02389945831883562,0.02549904908885211,8.944667923005412e-19,0.0,0.029339132607806066,0.0016521265761190278,0.011713297990222736,0.0,0.03041170243459719,0.051672362721760484,,,,0.0001354781588538845,0.055570298826011805,0.0007038143908130214,0.0041825802796696355,0.03716120840785729,,0.03252818661473167,0.05109904873735966,0.0,0.02378122948590477,0.056053265802433236,0.015072637390582126,0.0,6.911788849595091e-19,0.013218646037775932,0.0,0.009719385579222098,0.03941143247179053,0.0015422891760323745,0.009583455861865538,0.02339387102516378,1.3427080159075688e-18,0.023976974977193984,0.03414782495993096,0.031317536961323854,,0.043890051193810585,0.03147786859895884,0.0,0.011403381013854347,5.769902315896813e-19,0.05821792140993968,,0.0115198595174841,,Equity-Only Min Variance
2023-01-03,0.04625831118480761,0.031139796188603977,,0.012192985670740935,0.03898631958880526,0.0,0.042059498286268156,0.02009882365004058,1.4445982646078773e-18,,,0.015839846032688537,0.024438745232518978,0.025335891024511278,1.0786800313940196e-18,2.8189256484623115e-18,0.029698513039381983,0.0029307687618972825,0.011905051210907307,1.2684154115789828e-18,0.030704820271393006,0.05014805391153818,,,,0.0,0.05418745960891936,0.001962597076219633,0.00532273167565989,0.03673536788747457,,0.03207196688124355,0.04998779308283337,4.146062007466481e-19,0.024277162347946375,0.05441307397333783,0.014546348754242995,6.441711761787008e-05,1.0109173956136755e-18,0.014372537829834454,3.9730887898501165e-19,0.010583300984971622,0.03864609550880835,0.0022304772271661217,0.010675939103567393,0.023605095127045454,9.973648684576067e-19,0.024605501278101696,0.03402230421211074,0.0315956443342887,,0.04280380738707216,0.030696737623702994,0.0003571371225338576,0.012298200814927506,7.66971906804437e-19,0.05638479229205486,,0.0118160866942156,,Equity-Only Min Variance
2023-02-01,0.05049465400464668,0.03145666734555737,,0.008780378192118295,0.040617751780009946,0.0,0.044660320523332846,0.017344688629037968,3.872313740767177e-19,,,0.01488376669875079,0.022224364216773446,0.024720566480931325,1.22957094533376e-19,3.195855309990475e-18,0.029387370759037995,3.591012874270831e-18,0.009455325742668568,0.0,0.030972266595676166,0.054888401989467143,,,,8.05968543698691e-19,0.05946326564989082,4.8852792176754016e-18,0.00023722271511944547,0.03897618173227307,,0.03260948330154715,0.054850779545908765,0.0,0.023228999907313426,0.05893498247222888,0.01220815073531142,2.4390480660049822e-18,8.344647702269883e-19,0.012410129128751706,0.0,0.006084614679810197,0.040344181111365555,5.630668211259186e-18,0.007771651992949945,0.02209382733290662,0.0,0.02319400649832121,0.03568215108794804,0.032927963345500015,,0.04545471300055125,0.031177758083485135,3.780748254455794e-18,0.009685835371812088,0.0,0.0618923250190534,,0.01088525432994344,,Equity-Only Min Variance
2023-03-01,0.047984437636311265,0.031414710414577926,,0.010885000217979878,0.03943427517454055,3.6662515260720456e-19,0.042924296607912464,0.019183151026280737,7.813464801106103e-19,,,0.0159406375195035,0.023383161347060918,0.024804381734504347,0.0,0.0,0.02989234876248164,0.0017506199059150263,0.011013894229232513,0.0,0.03122564539032316,0.05184676513201477,,,,0.0,0.05607100743335949,0.0015648759231388358,0.0031602974337107802,0.03783504396364671,,0.03146117712794419,0.05167398456657998,3.1241504398292934e-19,0.02435487127542266,0.05484120396506757,0.013743850014012538,0.0,0.0,0.014312002105502385,0.0,0.009428720457546162,0.03944169102783291,0.00012466430042985528,0.009854935843815955,0.02305603065868735,0.0,0.024388307988976333,0.034837359577189746,0.03242460884027893,,0.042990181321691016,0.030787913034342272,0.0,0.012089973664215305,0.0,0.05792953616683048,,0.011944438211139873,,Equity-Only Min Variance
2023-04-03,0.050920688082007344,0.03110462900981095,,0.007927358371274788,0.04041866578799837,8.561539913975323e-19,0.04489161918289577,0.016772072908776314,0.0,,,0.01474224356623803,0.021792161840998154,0.02470580483539378,2.0337965923578106e-19,6.4214247882218495e-19,0.029415012049550875,2.083792802140328e-18,0.009450851362512412,4.524070986372217e-19,0.031086997263200602,0.054566909677379,,,,0.00011167104866208612,0.05924440336701011,0.0,7.658208512454604e-05,0.03971933533538562,,0.03224289956535002,0.05513627684120165,5.930148149727593e-19,0.023333481840187336,0.058872044439038186,0.012078883851260824,0.0,0.0,0.01288088515970302,0.0,0.005578187468344739,0.04005711225150145,7.099051146025286e-19,0.007953059024835951,0.021638522381798336,2.1354405460283267e-19,0.023577131678644822,0.036180671544897694,0.03364432668039162,,0.044021391105798606,0.03160730437301248,0.0,0.010730984764724704,1.902527504336584e-18,0.06213306377990322,,0.011386767475186669,,Equity-Only Min Variance
2023-05-01,0.05057496619057212,0.031195411002627616,,0.008882117343620237,0.040148311394268346,0.0,0.044343071781675854,0.017610351257002502,0.0,,,0.015139090404030529,0.0220550666740151,0.024225550844791978,4.671482261136959e-19,1.7546383059402323e-18,0.029633200831280734,2.3852447794681098e-18,0.009774646713706958,0.0,0.03138963645332291,0.053483126933250094,,,,5.823447069402807e-19,0.05805223478406593,3.144186300207963e-18,0.001268198531221288,0.03947932946256899,,0.03187975743624045,0.05391649072906205,0.0,0.02348223368156719,0.05766256490994362,0.01279946512259812,0.00019763458260787183,0.0,0.01365647964692201,3.4887181307685532e-19,0.006647690027082871,0.03980715277228484,5.772962607714633e-18,0.009107102698700657,0.02186437885744759,0.0,0.02415812359706451,0.03550241113972488,0.033799272526011184,,0.0433668896716042,0.030763599298516943,6.158053559115079e-05,0.011579056210071057,0.0,0.06087844587251569,,0.011615360082421882,,Equity-Only Min Variance
2023-06-01,0.04906523358513295,0.03151714516363956,,0.00973189242762654,0.039731435868344815,0.0,0.04334172323239076,0.018497956120848258,0.0,,,0.015415946181737241,0.022625631374121595,0.024470040111954434,3.2526065174565133e-19,1.3010426069826053e-18,0.029880131246398694,0.001104058102984519,0.010109993736717202,0.0,0.03150037011661571,0.05219276084702693,,,,1.7181864508985122e-18,0.05639244540998911,0.0012799862331725187,0.0030062848942709656,0.03904058754309487,,0.031156709191005324,0.05284933750274587,1.4844053574563257e-18,0.024261058956571612,0.05603379558345578,0.013524364930168937,2.2640330470017207e-18,1.6981022331765156e-19,0.014496315143942404,3.3957419083995016e-19,0.008260127177009654,0.039188549992272885,6.505213034913027e-19,0.009832863819618724,0.022343800205053218,7.49425332251699e-20,0.02495005005035459,0.0347428174755154,0.03370576593976802,,0.04217710408974183,0.030373365430984484,0.0,0.012457454682468045,4.171438439159073e-19,0.059015983129622245,,0.011726914503634299,,Equity-Only Min Variance
2023-07-03,0.04906027052455317,0.0317923095498042,,0.009796432290628227,0.039656482433446945,0.0,0.04338214082385276,0.018488145843481248,3.235367097912482e-19,,,0.014653316586642066,0.0225820757705391,0.02458033665485728,0.0,0.0,0.029934194033471504,0.0009765437546931557,0.010211680719885919,0.0,0.031510148343696184,0.05208792836401054,,,,0.0,0.056197556022649045,0.0013642466937898575,0.0027950692975077297,0.03908266492681978,,0.03037156201292158,0.053042033426060585,0.0,0.024353976190624318,0.055677017781691485,0.01346287378984452,0.0,1.9427691277048528e-05,0.014727441200112412,0.0,0.008368368159200468,0.03899729218354061,0.0,0.010042087547406002,0.022219266828478045,0.0,0.02515689951222662,0.0350450762977253,0.034296989625569645,,0.042419216336853194,0.030136346759000326,0.0,0.012803007411522125,0.0,0.05895613080362184,,0.011753443807995116,,Equity-Only Min Variance
2023-08-01,0.04922566037341697,0.031920649455711776,,0.009931665759090715,0.03949700550351175,0.0,0.04334328153123155,0.018658336070758612,0.0,,,0.0147293929893075,0.022611299061585027,0.02483728160870069,2.833207079586891e-19,1.0842021724855044e-18,0.029830763284097252,0.0011746469082192618,0.010147844254691075,0.0,0.03143162039257234,0.051899403568480815,,,,1.2319976088835055e-18,0.05611863641833414,0.0013205365160245347,0.0028662910865351627,0.03913658648841997,,0.02996259577956736,0.05302819820365863,0.0,0.024346168301787256,0.05522561590092739,0.013531046491131005,1.611468369253432e-18,0.0,0.014829671224637842,6.335679282255854e-19,0.008571773054781354,0.039046769587968225,1.5178830414797062e-18,0.010056228225434987,0.02226966527547998,0.0,0.02525743041087161,0.03467774650274182,0.03436054116503149,,0.042279110542306875,0.0300896970658687,0.00012817614306359212,0.013071681590592731,0.0,0.058886398090361114,,0.01170058517309901,,Equity-Only Min Variance
2023-09-01,0.02,0.02,,0.02,0.02,0.02,0.02,0.02,0.02,,,0.02,0.02,0.02,0.02,0.02,0.02,0.02,0.02,0.02,0.02,0.02,,,,0.02,0.02,0.02,0.02,0.02,,0.02,0.02,0.02,0.02,0.02,0.02,0.02,0.02,0.02,0.02,0.02,0.02,0.02,0.02,0.02,0.02,0.02,0.02,0.02,,0.02,0.02,0.02,0.02,0.02,0.02,,0.02,,Equity-Only Min Variance
2023-10-02,0.02,0.02,,0.02,0.02,0.02,0.02,0.02,0.02,,,0.02,0.02,0.02,0.02,0.02,0.02,0.02,0.02,0.02,0.02,0.02,,,,0.02,0.02,0.02,0.02,0.02,,0.02,0.02,0.02,0.02,0.02,0.02,0.02,0.02,0.02,0.02,0.02,0.02,0.02,0.02,0.02,0.02,0.02,0.02,0.02,,0.02,0.02,0.02,0.02,0.02,0.02,,0.02,,Equity-Only Min Variance
2023-11-01,0.02,0.02,,0.02,0.02,0.02,0.02,0.02,0.02,,,0.02,0.02,0.02,0.02,0.02,0.02,0.02,0.02,0.02,0.02,0.02,,,,0.02,0.02,0.02,0.02,0.02,,0.02,0.02,0.02,0.02,0.02,0.02,0.02,0.02,0.02,0.02,0.02,0.02,0.02,0.02,0.02,0.02,0.02,0.02,0.02,,0.02,0.02,0.02,0.02,0.02,0.02,,0.02,,Equity-Only Min Variance
2023-12-01,0.02,0.02,,0.02,0.02,0.02,0.02,0.02,0.02,,,0.02,0.02,0.02,0.02,0.02,0.02,0.02,0.02,0.02,0.02,0.02,,,,0.02,0.02,0.02,0.02,0.02,,0.02,0.02,0.02,0.02,0.02,0.02,0.02,0.02,0.02,0.02,0.02,0.02,0.02,0.02,0.02,0.02,0.02,0.02,0.02,,0.02,0.02,0.02,0.02,0.02,0.02,,0.02,,Equity-Only Min Variance
2020-08-03,,,0.1,,,,,,,0.1,0.1,,,,,,,,,,,,0.1,0.1,0.1,,,,,,0.1,,,,,,,,,,,,,,,,,,,,0.1,,,,,,,0.1,,0.1,Crypto-Only Equal Weight
2020-09-01,,,0.1,,,,,,,0.1,0.1,,,,,,,,,,,,0.1,0.1,0.1,,,,,,0.1,,,,,,,,,,,,,,,,,,,,0.1,,,,,,,0.1,,0.1,Crypto-Only Equal Weight
2020-10-01,,,0.1,,,,,,,0.1,0.1,,,,,,,,,,,,0.1,0.1,0.1,,,,,,0.1,,,,,,,,,,,,,,,,,,,,0.1,,,,,,,0.1,,0.1,Crypto-Only Equal Weight
2020-11-02,,,0.1,,,,,,,0.1,0.1,,,,,,,,,,,,0.1,0.1,0.1,,,,,,0.1,,,,,,,,,,,,,,,,,,,,0.1,,,,,,,0.1,,0.1,Crypto-Only Equal Weight
2020-12-01,,,0.1,,,,,,,0.1,0.1,,,,,,,,,,,,0.1,0.1,0.1,,,,,,0.1,,,,,,,,,,,,,,,,,,,,0.1,,,,,,,0.1,,0.1,Crypto-Only Equal Weight
2021-01-04,,,0.1,,,,,,,0.1,0.1,,,,,,,,,,,,0.1,0.1,0.1,,,,,,0.1,,,,,,,,,,,,,,,,,,,,0.1,,,,,,,0.1,,0.1,Crypto-Only Equal Weight
2021-02-01,,,0.1,,,,,,,0.1,0.1,,,,,,,,,,,,0.1,0.1,0.1,,,,,,0.1,,,,,,,,,,,,,,,,,,,,0.1,,,,,,,0.1,,0.1,Crypto-Only Equal Weight
2021-03-01,,,0.1,,,,,,,0.1,0.1,,,,,,,,,,,,0.1,0.1,0.1,,,,,,0.1,,,,,,,,,,,,,,,,,,,,0.1,,,,,,,0.1,,0.1,Crypto-Only Equal Weight
2021-04-01,,,0.1,,,,,,,0.1,0.1,,,,,,,,,,,,0.1,0.1,0.1,,,,,,0.1,,,,,,,,,,,,,,,,,,,,0.1,,,,,,,0.1,,0.1,Crypto-Only Equal Weight
2021-05-03,,,0.1,,,,,,,0.1,0.1,,,,,,,,,,,,0.1,0.1,0.1,,,,,,0.1,,,,,,,,,,,,,,,,,,,,0.1,,,,,,,0.1,,0.1,Crypto-Only Equal Weight
2021-06-01,,,0.1,,,,,,,0.1,0.1,,,,,,,,,,,,0.1,0.1,0.1,,,,,,0.1,,,,,,,,,,,,,,,,,,,,0.1,,,,,,,0.1,,0.1,Crypto-Only Equal Weight
2021-07-01,,,0.1,,,,,,,0.1,0.1,,,,,,,,,,,,0.1,0.1,0.1,,,,,,0.1,,,,,,,,,,,,,,,,,,,,0.1,,,,,,,0.1,,0.1,Crypto-Only Equal Weight
2021-08-02,,,0.1,,,,,,,0.1,0.1,,,,,,,,,,,,0.1,0.1,0.1,,,,,,0.1,,,,,,,,,,,,,,,,,,,,0.1,,,,,,,0.1,,0.1,Crypto-Only Equal Weight
2021-09-01,,,0.1,,,,,,,0.1,0.1,,,,,,,,,,,,0.1,0.1,0.1,,,,,,0.1,,,,,,,,,,,,,,,,,,,,0.1,,,,,,,0.1,,0.1,Crypto-Only Equal Weight
2021-10-01,,,0.1,,,,,,,0.1,0.1,,,,,,,,,,,,0.1,0.1,0.1,,,,,,0.1,,,,,,,,,,,,,,,,,,,,0.1,,,,,,,0.1,,0.1,Crypto-Only Equal Weight
2021-11-01,,,0.1,,,,,,,0.1,0.1,,,,,,,,,,,,0.1,0.1,0.1,,,,,,0.1,,,,,,,,,,,,,,,,,,,,0.1,,,,,,,0.1,,0.1,Crypto-Only Equal Weight
2021-12-01,,,0.1,,,,,,,0.1,0.1,,,,,,,,,,,,0.1,0.1,0.1,,,,,,0.1,,,,,,,,,,,,,,,,,,,,0.1,,,,,,,0.1,,0.1,Crypto-Only Equal Weight
2022-01-03,,,0.1,,,,,,,0.1,0.1,,,,,,,,,,,,0.1,0.1,0.1,,,,,,0.1,,,,,,,,,,,,,,,,,,,,0.1,,,,,,,0.1,,0.1,Crypto-Only Equal Weight
2022-02-01,,,0.1,,,,,,,0.1,0.1,,,,,,,,,,,,0.1,0.1,0.1,,,,,,0.1,,,,,,,,,,,,,,,,,,,,0.1,,,,,,,0.1,,0.1,Crypto-Only Equal Weight
2022-03-01,,,0.1,,,,,,,0.1,0.1,,,,,,,,,,,,0.1,0.1,0.1,,,,,,0.1,,,,,,,,,,,,,,,,,,,,0.1,,,,,,,0.1,,0.1,Crypto-Only Equal Weight
2022-04-01,,,0.1,,,,,,,0.1,0.1,,,,,,,,,,,,0.1,0.1,0.1,,,,,,0.1,,,,,,,,,,,,,,,,,,,,0.1,,,,,,,0.1,,0.1,Crypto-Only Equal Weight
2022-05-02,,,0.1,,,,,,,0.1,0.1,,,,,,,,,,,,0.1,0.1,0.1,,,,,,0.1,,,,,,,,,,,,,,,,,,,,0.1,,,,,,,0.1,,0.1,Crypto-Only Equal Weight
2022-06-01,,,0.1,,,,,,,0.1,0.1,,,,,,,,,,,,0.1,0.1,0.1,,,,,,0.1,,,,,,,,,,,,,,,,,,,,0.1,,,,,,,0.1,,0.1,Crypto-Only Equal Weight
2022-07-01,,,0.1,,,,,,,0.1,0.1,,,,,,,,,,,,0.1,0.1,0.1,,,,,,0.1,,,,,,,,,,,,,,,,,,,,0.1,,,,,,,0.1,,0.1,Crypto-Only Equal Weight
2022-08-01,,,0.1,,,,,,,0.1,0.1,,,,,,,,,,,,0.1,0.1,0.1,,,,,,0.1,,,,,,,,,,,,,,,,,,,,0.1,,,,,,,0.1,,0.1,Crypto-Only Equal Weight
2022-09-01,,,0.1,,,,,,,0.1,0.1,,,,,,,,,,,,0.1,0.1,0.1,,,,,,0.1,,,,,,,,,,,,,,,,,,,,0.1,,,,,,,0.1,,0.1,Crypto-Only Equal Weight
2022-10-03,,,0.1,,,,,,,0.1,0.1,,,,,,,,,,,,0.1,0.1,0.1,,,,,,0.1,,,,,,,,,,,,,,,,,,,,0.1,,,,,,,0.1,,0.1,Crypto-Only Equal Weight
2022-11-01,,,0.1,,,,,,,0.1,0.1,,,,,,,,,,,,0.1,0.1,0.1,,,,,,0.1,,,,,,,,,,,,,,,,,,,,0.1,,,,,,,0.1,,0.1,Crypto-Only Equal Weight
2022-12-01,,,0.1,,,,,,,0.1,0.1,,,,,,,,,,,,0.1,0.1,0.1,,,,,,0.1,,,,,,,,,,,,,,,,,,,,0.1,,,,,,,0.1,,0.1,Crypto-Only Equal Weight
2023-01-03,,,0.1,,,,,,,0.1,0.1,,,,,,,,,,,,0.1,0.1,0.1,,,,,,0.1,,,,,,,,,,,,,,,,,,,,0.1,,,,,,,0.1,,0.1,Crypto-Only Equal Weight
2023-02-01,,,0.1,,,,,,,0.1,0.1,,,,,,,,,,,,0.1,0.1,0.1,,,,,,0.1,,,,,,,,,,,,,,,,,,,,0.1,,,,,,,0.1,,0.1,Crypto-Only Equal Weight
2023-03-01,,,0.1,,,,,,,0.1,0.1,,,,,,,,,,,,0.1,0.1,0.1,,,,,,0.1,,,,,,,,,,,,,,,,,,,,0.1,,,,,,,0.1,,0.1,Crypto-Only Equal Weight
2023-04-03,,,0.1,,,,,,,0.1,0.1,,,,,,,,,,,,0.1,0.1,0.1,,,,,,0.1,,,,,,,,,,,,,,,,,,,,0.1,,,,,,,0.1,,0.1,Crypto-Only Equal Weight
2023-05-01,,,0.1,,,,,,,0.1,0.1,,,,,,,,,,,,0.1,0.1,0.1,,,,,,0.1,,,,,,,,,,,,,,,,,,,,0.1,,,,,,,0.1,,0.1,Crypto-Only Equal Weight
2023-06-01,,,0.1,,,,,,,0.1,0.1,,,,,,,,,,,,0.1,0.1,0.1,,,,,,0.1,,,,,,,,,,,,,,,,,,,,0.1,,,,,,,0.1,,0.1,Crypto-Only Equal Weight
2023-07-03,,,0.1,,,,,,,0.1,0.1,,,,,,,,,,,,0.1,0.1,0.1,,,,,,0.1,,,,,,,,,,,,,,,,,,,,0.1,,,,,,,0.1,,0.1,Crypto-Only Equal Weight
2023-08-01,,,0.1,,,,,,,0.1,0.1,,,,,,,,,,,,0.1,0.1,0.1,,,,,,0.1,,,,,,,,,,,,,,,,,,,,0.1,,,,,,,0.1,,0.1,Crypto-Only Equal Weight
2023-09-01,,,0.1,,,,,,,0.1,0.1,,,,,,,,,,,,0.1,0.1,0.1,,,,,,0.1,,,,,,,,,,,,,,,,,,,,0.1,,,,,,,0.1,,0.1,Crypto-Only Equal Weight
2023-10-02,,,0.1,,,,,,,0.1,0.1,,,,,,,,,,,,0.1,0.1,0.1,,,,,,0.1,,,,,,,,,,,,,,,,,,,,0.1,,,,,,,0.1,,0.1,Crypto-Only Equal Weight
2023-11-01,,,0.1,,,,,,,0.1,0.1,,,,,,,,,,,,0.1,0.1,0.1,,,,,,0.1,,,,,,,,,,,,,,,,,,,,0.1,,,,,,,0.1,,0.1,Crypto-Only Equal Weight
2023-12-01,,,0.1,,,,,,,0.1,0.1,,,,,,,,,,,,0.1,0.1,0.1,,,,,,0.1,,,,,,,,,,,,,,,,,,,,0.1,,,,,,,0.1,,0.1,Crypto-Only Equal Weight
2020-08-03,,,1.1900213469455236e-17,,,,,,,3.6573525657943536e-17,0.3650129287419575,,,,,,,,,,,,0.0,0.0,0.0,,,,,,0.039490226739649525,,,,,,,,,,,,,,,,,,,,0.0,,,,,,,0.23817725330019798,,0.3573195912181951,Crypto-Only Min Variance
2020-09-01,,,0.0,,,,,,,0.0,0.36343787247850795,,,,,,,,,,,,3.686287386450715e-18,9.33004865066294e-18,0.0,,,,,,0.06557731048107011,,,,,,,,,,,,,,,,,,,,2.369201214832079e-17,,,,,,,0.240992463542261,,0.329992353498161,Crypto-Only Min Variance
2020-10-01,,,2.163920986192797e-17,,,,,,,6.869358414779886e-17,0.3913081660816573,,,,,,,,,,,,0.0,1.166454987506133e-17,0.0,,,,,,3.5561831257524545e-17,,,,,,,,,,,,,,,,,,,,0.09551375229310474,,,,,,,0.19513250734229945,,0.3180455742829384,Crypto-Only Min Variance
2020-11-02,,,7.5113448255025e-17,,,,,,,1.840967463403312e-17,0.38112788210776527,,,,,,,,,,,,0.0,0.0006383694895845823,0.0,,,,,,0.0,,,,,,,,,,,,,,,,,,,,0.11127636750851244,,,,,,,0.19353301842361625,,0.3134243624705212,Crypto-Only Min Variance
2020-12-01,,,0.0,,,,,,,0.0,0.622614753266201,,,,,,,,,,,,1.6931683138792167e-17,0.0072786385024770535,0.0,,,,,,1.5612511283791264e-17,,,,,,,,,,,,,,,,,,,,0.17315989401167398,,,,,,,0.0,,0.19694671421964807,Crypto-Only Min Variance
2021-01-04,,,1.0659770001125537e-18,,,,,,,4.363861383272722e-19,0.7757085216832996,,,,,,,,,,,,0.0,0.01791561415278482,0.0,,,,,,2.168404344971009e-19,,,,,,,,,,,,,,,,,,,,0.19466002409217092,,,,,,,0.011715840071744716,,0.0,Crypto-Only Min Variance
2021-02-01,,,0.0,,,,,,,5.864422724831941e-19,0.6868367756009185,,,,,,,,,,,,0.0,0.05111599273522664,0.0,,,,,,5.637851296924623e-18,,,,,,,,,,,,,,,,,,,,0.2599556964442909,,,,,,,0.0,,0.002091535219563889,Crypto-Only Min Variance
2021-03-01,,,0.0,,,,,,,0.0,0.7428153439891406,,,,,,,,,,,,4.678354690151936e-18,0.01642233903607751,0.02344955780222776,,,,,,3.469446951953614e-18,,,,,,,,,,,,,,,,,,,,0.18889768623814715,,,,,,,1.0685935298946262e-19,,0.028415072934406975,Crypto-Only Min Variance
2021-04-01,,,0.0,,,,,,,0.0,0.8441219832940039,,,,,,,,,,,,1.0044692982023252e-17,0.006133552271886784,0.0,,,,,,0.00467730337786091,,,,,,,,,,,,,,,,,,,,0.10056505857350985,,,,,,,5.707884292081233e-18,,0.044502102482738615,Crypto-Only Min Variance
2021-05-03,,,2.008463094028625e-17,,,,,,,0.0,0.8007532449137322,,,,,,,,,,,,1.0431133986103893e-17,0.07996860237351064,0.03767606504986087,,,,,,0.0,,,,,,,,,,,,,,,,,,,,0.05282020000103943,,,,,,,0.0,,0.02878188766185681,Crypto-Only Min Variance
2021-06-01,,,0.0,,,,,,,0.0,0.8832888617851778,,,,,,,,,,,,0.0,0.0,0.10633059250152803,,,,,,0.0,,,,,,,,,,,,,,,,,,,,0.0,,,,,,,0.0,,0.010380545713294158,Crypto-Only Min Variance
2021-07-01,,,0.0,,,,,,,0.0,0.9971810792905765,,,,,,,,,,,,0.0,2.364000310837021e-18,2.7755575615628914e-17,,,,,,0.0,,,,,,,,,,,,,,,,,,,,0.0,,,,,,,7.92745024852215e-18,,0.002818920709423596,Crypto-Only Min Variance
2021-08-02,,,9.106968100678259e-18,,,,,,,5.924804227700742e-18,0.8164751799783946,,,,,,,,,,,,0.0,5.274282924209439e-18,0.15254269564990852,,,,,,0.0,,,,,,,,,,,,,,,,,,,,0.029826287053486722,,,,,,,1.587995537758724e-18,,0.001155837318210211,Crypto-Only Min Variance
2021-09-01,,,0.0,,,,,,,0.0,0.8002661986177492,,,,,,,,,,,,0.0,8.07123825616721e-18,0.157577504862315,,,,,,0.0,,,,,,,,,,,,,,,,,,,,0.04176322688783004,,,,,,,6.919273447901362e-18,,0.00039306963210591233,Crypto-Only Min Variance
2021-10-01,,,3.5644608782308477e-17,,,,,,,0.0,0.8133124889936353,,,,,,,,,,,,0.0,0.0,0.15576831038958897,,,,,,1.3877787807814457e-17,,,,,,,,,,,,,,,,,,,,0.030919200616775645,,,,,,,0.0,,2.054962084897725e-17,Crypto-Only Min Variance
2021-11-01,,,3.809653703060838e-18,,,,,,,7.786099377417457e-18,0.7979811422534486,,,,,,,,,,,,0.0,7.998643694817955e-18,0.1571909919931015,,,,,,2.0816681711721685e-17,,,,,,,,,,,,,,,,,,,,0.044827865753449866,,,,,,,1.2671929128026246e-17,,0.0,Crypto-Only Min Variance
2021-12-01,,,3.1762402084242825e-17,,,,,,,0.0,0.8836331097965716,,,,,,,,,,,,4.169589918157978e-18,3.059462470281802e-18,0.11636689020342841,,,,,,2.3975281540050053e-17,,,,,,,,,,,,,,,,,,,,0.0,,,,,,,0.0,,3.424936808162876e-18,Crypto-Only Min Variance
2022-01-03,,,0.0,,,,,,,5.06713633338169e-18,0.7565205441785307,,,,,,,,,,,,0.0,2.413597769256369e-18,0.17477618526892438,,,,,,0.0,,,,,,,,,,,,,,,,,,,,0.06870327055254496,,,,,,,7.79024951531584e-18,,1.1416456027209584e-17,Crypto-Only Min Variance
2022-02-01,,,3.42017938465926e-18,,,,,,,2.8842227838516416e-18,0.9204632573398517,,,,,,,,,,,,1.4247259995411077e-18,8.315080140201158e-18,0.07953674266014829,,,,,,0.0,,,,,,,,,,,,,,,,,,,,0.0,,,,,,,1.436500857905717e-17,,0.0,Crypto-Only Min Variance
2022-03-01,,,4.774882580152077e-17,,,,,,,0.0,0.7365330985934089,,,,,,,,,,,,0.0,0.0,0.16507018123223693,,,,,,2.0816681711721685e-17,,,,,,,,,,,,,,,,,,,,0.09839672017435426,,,,,,,0.0,,0.0,Crypto-Only Min Variance
2022-04-01,,,0.0,,,,,,,0.0,0.7220178290798451,,,,,,,,,,,,9.733500441560377e-18,0.0,0.1632993159940622,,,,,,0.0,,,,,,,,,,,,,,,,,,,,0.11468285492609283,,,,,,,0.0,,5.708228013604792e-18,Crypto-Only Min Variance
2022-05-02,,,0.0,,,,,,,0.0,0.7198862267506195,,,,,,,,,,,,1.0982122906688687e-18,0.0,0.1619859674002496,,,,,,0.0,,,,,,,,,,,,,,,,,,,,0.11812780584913099,,,,,,,0.0,,1.7726705520137997e-17,Crypto-Only Min Variance
2022-06-01,,,1.0971354589302189e-18,,,,,,,0.0,0.7007022281887457,,,,,,,,,,,,9.38153282237806e-18,0.0,0.17988918801513024,,,,,,0.0,,,,,,,,,,,,,,,,,,,,0.11940858379612419,,,,,,,3.656536567775296e-18,,4.5665824108838335e-18,Crypto-Only Min Variance
2022-07-01,,,4.5180579947786355e-18,,,,,,,4.5180579947786355e-18,0.9887351615439411,,,,,,,,,,,,0.0,1.9380602312191153e-18,0.0032700979757228285,,,,,,0.0,,,,,,,,,,,,,,,,,,,,1.645411347097371e-18,,,,,,,0.0,,0.007994740480335986,Crypto-Only Min Variance
2022-08-01,,,0.0,,,,,,,7.831358379328213e-18,0.7147179422934066,,,,,,,,,,,,1.5415422639548466e-18,0.0,0.13939938336737823,,,,,,2.7755575615628914e-17,,,,,,,,,,,,,,,,,,,,0.1458826743392153,,,,,,,0.0,,6.84987361632575e-18,Crypto-Only Min Variance
2022-09-01,,,0.0,,,,,,,0.0,0.9210009697370901,,,,,,,,,,,,0.0,0.0,2.7755575615628914e-17,,,,,,4.883706506737303e-17,,,,,,,,,,,,,,,,,,,,0.07899903026290993,,,,,,,5.7162430730245985e-18,,0.0,Crypto-Only Min Variance
2022-10-03,,,0.0,,,,,,,0.0,0.7106204982714344,,,,,,,,,,,,1.5471145966051066e-18,8.053535445778809e-18,0.11933858366292666,,,,,,0.0,,,,,,,,,,,,,,,,,,,,0.1700409180656392,,,,,,,0.0,,0.0,Crypto-Only Min Variance
2022-11-01,,,0.0,,,,,,,0.0,0.7102955646877543,,,,,,,,,,,,6.164696326148013e-19,0.0,0.11471749098009586,,,,,,0.0,,,,,,,,,,,,,,,,,,,,0.17498694433214979,,,,,,,0.0,,0.0,Crypto-Only Min Variance
2022-12-01,,,0.0,,,,,,,2.89427521544355e-18,0.844707931054502,,,,,,,,,,,,7.807713030507498e-18,6.418801372532103e-18,0.0,,,,,,1.9175967564877024e-17,,,,,,,,,,,,,,,,,,,,0.15529206894549807,,,,,,,3.909217660824576e-18,,1.241812859326544e-17,Crypto-Only Min Variance
2023-01-03,,,3.727980330410848e-17,,,,,,,0.0,0.839214368151024,,,,,,,,,,,,0.0,0.0,0.0,,,,,,0.0,,,,,,,,,,,,,,,,,,,,0.16078563184897599,,,,,,,4.271894078310891e-18,,1.5124072095532633e-17,Crypto-Only Min Variance
2023-02-01,,,3.323564695693097e-17,,,,,,,0.0,0.6816629471650577,,,,,,,,,,,,0.0,0.0,0.10307603862900505,,,,,,2.0816681711721685e-17,,,,,,,,,,,,,,,,,,,,0.2152610142059372,,,,,,,1.6947178158185135e-18,,8.56780682460227e-18,Crypto-Only Min Variance
2023-03-01,,,0.0,,,,,,,0.0,0.679369715123711,,,,,,,,,,,,0.0,0.0,0.10477092039860128,,,,,,0.0,,,,,,,,,,,,,,,,,,,,0.21585936447768778,,,,,,,3.53355435348962e-18,,1.0274810424488625e-17,Crypto-Only Min Variance
2023-04-03,,,0.0,,,,,,,1.3175719305914951e-18,0.6739446677987706,,,,,,,,,,,,0.0,0.0,0.10951440585349248,,,,,,2.0816681711721685e-17,,,,,,,,,,,,,,,,,,,,0.21654092634773697,,,,,,,1.2422075535920086e-17,,3.496289658332932e-18,Crypto-Only Min Variance
2023-05-01,,,2.4685547825929926e-18,,,,,,,2.1908604046645236e-17,0.6658312542275397,,,,,,,,,,,,1.767868606645671e-18,0.0,0.11060403826320728,,,,,,0.0,,,,,,,,,,,,,,,,,,,,0.22356470750925297,,,,,,,4.7626849274110715e-18,,1.0274810424488625e-17,Crypto-Only Min Variance
2023-06-01,,,0.0,,,,,,,6.122886255817177e-18,0.8303405056017241,,,,,,,,,,,,7.269847554491167e-18,0.0,0.0,,,,,,0.0,,,,,,,,,,,,,,,,,,,,0.16965949439827588,,,,,,,2.0182119553546436e-18,,0.0,Crypto-Only Min Variance
2023-07-03,,,0.0,,,,,,,0.0,0.8294592944460748,,,,,,,,,,,,2.80857850955219e-18,2.3146759699512203e-18,0.0,,,,,,0.0,,,,,,,,,,,,,,,,,,,,0.17054070555392514,,,,,,,4.405515508302645e-18,,0.0,Crypto-Only Min Variance
2023-08-01,,,0.0,,,,,,,0.0,0.639322754467198,,,,,,,,,,,,0.0,2.9768745938542332e-18,0.12365753138245157,,,,,,0.0,,,,,,,,,,,,,,,,,,,,0.2370197141503504,,,,,,,0.0,,3.424936808162875e-18,Crypto-Only Min Variance
2023-09-01,,,0.0,,,,,,,1.864180780145789e-18,0.8204250265335965,,,,,,,,,,,,0.0,0.0,8.326672684688674e-17,,,,,,2.2162926599159577e-18,,,,,,,,,,,,,,,,,,,,0.17957497346640336,,,,,,,1.8380214658864713e-18,,7.426161221881311e-18,Crypto-Only Min Variance
2023-10-02,,,1.0389498133266312e-17,,,,,,,0.0,0.6239576952163638,,,,,,,,,,,,0.0,2.5669189665721464e-18,0.13054443318174946,,,,,,1.3877787807814457e-17,,,,,,,,,,,,,,,,,,,,0.24549787160188669,,,,,,,0.0,,5.762876055555615e-19,Crypto-Only Min Variance
2023-11-01,,,0.0,,,,,,,0.0,0.6242009347289832,,,,,,,,,,,,0.0,0.0,0.12810059756698855,,,,,,2.0766967549578845e-17,,,,,,,,,,,,,,,,,,,,0.2476984677040284,,,,,,,0.0,,6.938893903907228e-18,Crypto-Only Min Variance
2023-12-01,,,8.283343046838222e-17,,,,,,,0.0,0.6237241600464144,,,,,,,,,,,,0.0,3.261960652497723e-18,0.12763362964568503,,,,,,3.469446951953614e-17,,,,,,,,,,,,,,,,,,,,0.24864221030790049,,,,,,,0.0,,0.0,Crypto-Only Min Variance
