date,sector,sentiment_lagged
2020-01-02,Comm,
2020-01-02,Consumer,
2020-01-02,Energy,
2020-01-02,Financials,
2020-01-02,Healthcare,
2020-01-02,Industrials,
2020-01-02,Materials,
2020-01-02,RealEstate,
2020-01-02,Tech,
2020-01-02,Utilities,
2020-01-03,Comm,0.28855
2020-01-03,Consumer,-0.13938
2020-01-03,Energy,0.50622
2020-01-03,Financials,0.28968
2020-01-03,Healthcare,0.67444
2020-01-03,Industrials,0.14696
2020-01-03,Materials,0.3658333333333333
2020-01-03,RealEstate,0.05135
2020-01-03,Tech,0.3171
2020-01-03,Utilities,0.6369
2020-01-06,Comm,0.1721
2020-01-06,Consumer,-0.3088
2020-01-06,Energy,-0.08342000000000001
2020-01-06,Financials,0.04314
2020-01-06,Healthcare,0.63756
2020-01-06,Industrials,-0.23752
2020-01-06,Materials,0.02122499999999998
2020-01-06,RealEstate,-0.1449
2020-01-06,Tech,0.39790000000000003
2020-01-06,Utilities,0.35015
2020-01-07,Comm,0.43789999999999996
2020-01-07,Consumer,0.68844
2020-01-07,Energy,0.42742
2020-01-07,Financials,0.4405
2020-01-07,Healthcare,0.55202
2020-01-07,Industrials,0.10857999999999998
2020-01-07,Materials,0.035100000000000006
2020-01-07,RealEstate,0.006919999999999993
2020-01-07,Tech,-0.02462000000000001
2020-01-07,Utilities,0.090925
2020-01-08,Comm,0.25194
2020-01-08,Consumer,0.45931999999999995
2020-01-08,Energy,0.2941
2020-01-08,Financials,0.19212
2020-01-08,Healthcare,0.18788
2020-01-08,Industrials,0.08245999999999998
2020-01-08,Materials,0.07636
2020-01-08,RealEstate,0.11839999999999999
2020-01-08,Tech,-0.09122
2020-01-08,Utilities,0.31845
2020-01-09,Comm,0.4184
2020-01-09,Consumer,0.28994
2020-01-09,Energy,0.05613999999999999
2020-01-09,Financials,0.4039
2020-01-09,Healthcare,0.5333
2020-01-09,Industrials,0.19596
2020-01-09,Materials,0.09372
2020-01-09,RealEstate,0.11208
2020-01-09,Tech,0.28628
2020-01-09,Utilities,0.29522
2020-01-10,Comm,0.21486
2020-01-10,Consumer,0.7700199999999999
2020-01-10,Energy,0.12852000000000002
2020-01-10,Financials,0.30532000000000004
2020-01-10,Healthcare,0.45982
2020-01-10,Industrials,0.08092
2020-01-10,Materials,0.15272
2020-01-10,RealEstate,0.044079999999999994
2020-01-10,Tech,0.34712
2020-01-10,Utilities,0.059199999999999996
2020-01-13,Comm,0.15844
2020-01-13,Consumer,0.03290000000000002
2020-01-13,Energy,0.25576
2020-01-13,Financials,0.5997600000000001
2020-01-13,Healthcare,0.35592
2020-01-13,Industrials,0.18734
2020-01-13,Materials,-0.009360000000000012
2020-01-13,RealEstate,-0.11144000000000001
2020-01-13,Tech,0.7055
2020-01-13,Utilities,0.18954
2020-01-14,Comm,0.12498000000000001
2020-01-14,Consumer,0.32696000000000003
2020-01-14,Energy,0.29359999999999997
2020-01-14,Financials,0.75966
2020-01-14,Healthcare,0.42412
2020-01-14,Industrials,0.20616000000000004
2020-01-14,Materials,0.16784
2020-01-14,RealEstate,0.10447999999999999
2020-01-14,Tech,0.72114
2020-01-14,Utilities,0.07974
2020-01-15,Comm,0.34320000000000006
2020-01-15,Consumer,0.19148
2020-01-15,Energy,0.61912
2020-01-15,Financials,0.25412
2020-01-15,Healthcare,0.5412
2020-01-15,Industrials,0.16558
2020-01-15,Materials,0.24189999999999995
2020-01-15,RealEstate,0.019999999999999997
2020-01-15,Tech,0.74788
2020-01-15,Utilities,0.3407
2020-01-16,Comm,0.06985999999999999
2020-01-16,Consumer,0.35468
2020-01-16,Energy,0.09970000000000001
2020-01-16,Financials,0.36778000000000005
2020-01-16,Healthcare,0.6690400000000001
2020-01-16,Industrials,-0.20573999999999998
2020-01-16,Materials,0.33974
2020-01-16,RealEstate,0.05589999999999999
2020-01-16,Tech,0.16198
2020-01-16,Utilities,0.27827999999999997
2020-01-17,Comm,0.52914
2020-01-17,Consumer,0.40396
2020-01-17,Energy,0.43882000000000004
2020-01-17,Financials,0.578
2020-01-17,Healthcare,0.4082
2020-01-17,Industrials,0.2387
2020-01-17,Materials,0.08808
2020-01-17,RealEstate,0.18906
2020-01-17,Tech,0.4161
2020-01-17,Utilities,0.37229999999999996
2020-01-21,Comm,0.27199999999999996
2020-01-21,Consumer,0.21688000000000002
2020-01-21,Energy,0.3024
2020-01-21,Financials,0.3344
2020-01-21,Healthcare,0.51092
2020-01-21,Industrials,0.39858
2020-01-21,Materials,0.27793999999999996
2020-01-21,RealEstate,0.21015999999999999
2020-01-21,Tech,0.46224
2020-01-21,Utilities,0.36366
2020-01-22,Comm,-0.04502
2020-01-22,Consumer,0.39246
2020-01-22,Energy,0.45246
2020-01-22,Financials,0.71166
2020-01-22,Healthcare,0.21124
2020-01-22,Industrials,0.26564
2020-01-22,Materials,0.11112
2020-01-22,RealEstate,0.20373999999999998
2020-01-22,Tech,0.17878000000000002
2020-01-22,Utilities,0.30335999999999996
2020-01-23,Comm,0.10007999999999999
2020-01-23,Consumer,0.46226
2020-01-23,Energy,0.28735999999999995
2020-01-23,Financials,0.34802
2020-01-23,Healthcare,0.27608
2020-01-23,Industrials,-0.08924
2020-01-23,Materials,-0.059199999999999996
2020-01-23,RealEstate,0.0969
2020-01-23,Tech,0.10080000000000003
2020-01-23,Utilities,0.33968
2020-01-24,Comm,0.4084
2020-01-24,Consumer,0.46392000000000005
2020-01-24,Energy,0.15688
2020-01-24,Financials,0.01964000000000001
2020-01-24,Healthcare,0.14274
2020-01-24,Industrials,0.03752
2020-01-24,Materials,0.07594
2020-01-24,RealEstate,0.23243999999999998
2020-01-24,Tech,0.15599999999999997
2020-01-24,Utilities,-0.0843
2020-01-27,Comm,0.45308000000000004
2020-01-27,Consumer,0.36256
2020-01-27,Energy,0.40506000000000003
2020-01-27,Financials,-0.04877999999999999
2020-01-27,Healthcare,0.37552
2020-01-27,Industrials,0.18096
2020-01-27,Materials,0.29053999999999996
2020-01-27,RealEstate,0.16032000000000002
2020-01-27,Tech,0.29076
2020-01-27,Utilities,0.49261999999999995
2020-01-28,Comm,-0.09912000000000001
2020-01-28,Consumer,0.16638000000000003
2020-01-28,Energy,0.09845999999999999
2020-01-28,Financials,-0.01145999999999998
2020-01-28,Healthcare,0.7093200000000001
2020-01-28,Industrials,0.15588
2020-01-28,Materials,0.03204
2020-01-28,RealEstate,0.10212000000000002
2020-01-28,Tech,-0.49568
2020-01-28,Utilities,0.08508
2020-01-29,Comm,0.08943999999999999
2020-01-29,Consumer,0.28876
2020-01-29,Energy,0.42248
2020-01-29,Financials,0.16582000000000002
2020-01-29,Healthcare,0.11443999999999999
2020-01-29,Industrials,-0.1537
2020-01-29,Materials,0.44908000000000003
2020-01-29,RealEstate,0.15158
2020-01-29,Tech,0.17631999999999998
2020-01-29,Utilities,0.16738000000000003
2020-01-30,Comm,0.46593999999999997
2020-01-30,Consumer,-0.0032600000000000016
2020-01-30,Energy,0.036739999999999995
2020-01-30,Financials,0.2537
2020-01-30,Healthcare,0.22949999999999998
2020-01-30,Industrials,0.022520000000000005
2020-01-30,Materials,0.4373
2020-01-30,RealEstate,0.25036
2020-01-30,Tech,0.35086
2020-01-30,Utilities,0.37540000000000007
2020-01-31,Comm,0.14878
2020-01-31,Consumer,0.49291999999999997
2020-01-31,Energy,0.31167999999999996
2020-01-31,Financials,0.29328
2020-01-31,Healthcare,0.44902
2020-01-31,Industrials,0.26311999999999997
2020-01-31,Materials,-0.21788
2020-01-31,RealEstate,0.07224
2020-01-31,Tech,0.14708
2020-01-31,Utilities,0.3569
2020-02-03,Comm,-0.09008000000000001
2020-02-03,Consumer,0.11648
2020-02-03,Energy,0.40312000000000003
2020-02-03,Financials,0.26064
2020-02-03,Healthcare,0.56572
2020-02-03,Industrials,-0.03226000000000001
2020-02-03,Materials,-0.0246
2020-02-03,RealEstate,0.217
2020-02-03,Tech,0.3754
2020-02-03,Utilities,0.29778000000000004
2020-02-04,Comm,0.49734
2020-02-04,Consumer,0.51572
2020-02-04,Energy,0.10278000000000001
2020-02-04,Financials,0.06861999999999999
2020-02-04,Healthcare,0.54454
2020-02-04,Industrials,0.19204
2020-02-04,Materials,0.37432
2020-02-04,RealEstate,0.15356
2020-02-04,Tech,0.15272000000000002
2020-02-04,Utilities,0.49442
2020-02-05,Comm,0.36811999999999995
2020-02-05,Consumer,0.62352
2020-02-05,Energy,0.15386000000000002
2020-02-05,Financials,0.35734
2020-02-05,Healthcare,0.47636
2020-02-05,Industrials,0.36174
2020-02-05,Materials,0.11194
2020-02-05,RealEstate,0.20492
2020-02-05,Tech,0.22586
2020-02-05,Utilities,0.22474
2020-02-06,Comm,0.26396
2020-02-06,Consumer,0.1584
2020-02-06,Energy,0.86344
2020-02-06,Financials,-0.048160000000000015
2020-02-06,Healthcare,0.6314
2020-02-06,Industrials,0.28422000000000003
2020-02-06,Materials,0.06952
2020-02-06,RealEstate,0.12856
2020-02-06,Tech,0.53344
2020-02-06,Utilities,0.15345999999999999
2020-02-07,Comm,0.16438
2020-02-07,Consumer,0.56066
2020-02-07,Energy,0.56438
2020-02-07,Financials,0.45691999999999994
2020-02-07,Healthcare,0.5643
2020-02-07,Industrials,0.3407
2020-02-07,Materials,0.20238
2020-02-07,RealEstate,0.51418
2020-02-07,Tech,0.57576
2020-02-07,Utilities,0.3027
2020-02-10,Comm,0.33256
2020-02-10,Consumer,0.15461999999999998
2020-02-10,Energy,0.49094
2020-02-10,Financials,0.34096
2020-02-10,Healthcare,0.48762
2020-02-10,Industrials,0.23664000000000002
2020-02-10,Materials,-0.03526
2020-02-10,RealEstate,0.24574
2020-02-10,Tech,0.29413999999999996
2020-02-10,Utilities,0.27436
2020-02-11,Comm,0.48834
2020-02-11,Consumer,-0.04483999999999999
2020-02-11,Energy,-0.07936000000000001
2020-02-11,Financials,0.37122
2020-02-11,Healthcare,0.29942
2020-02-11,Industrials,0.27598
2020-02-11,Materials,0.20534
2020-02-11,RealEstate,0.28842
2020-02-11,Tech,0.49424
2020-02-11,Utilities,0.20705999999999997
2020-02-12,Comm,0.3494
2020-02-12,Consumer,0.31344
2020-02-12,Energy,0.32152000000000003
2020-02-12,Financials,0.4476
2020-02-12,Healthcare,0.15508
2020-02-12,Industrials,0.07754000000000001
2020-02-12,Materials,0.13624000000000003
2020-02-12,RealEstate,0.41154
2020-02-12,Tech,0.15304
2020-02-12,Utilities,0.44020000000000004
2020-02-13,Comm,0.31352
2020-02-13,Consumer,0.14954
2020-02-13,Energy,0.29481999999999997
2020-02-13,Financials,0.23288000000000003
2020-02-13,Healthcare,0.20614
2020-02-13,Industrials,0.13994
2020-02-13,Materials,0.059199999999999996
2020-02-13,RealEstate,0.39161999999999997
2020-02-13,Tech,0.23967999999999998
2020-02-13,Utilities,0.41757999999999995
2020-02-14,Comm,0.36416
2020-02-14,Consumer,-0.06064000000000003
2020-02-14,Energy,0.23041999999999999
2020-02-14,Financials,0.18622
2020-02-14,Healthcare,0.23668
2020-02-14,Industrials,0.14531999999999998
2020-02-14,Materials,0.21932000000000001
2020-02-14,RealEstate,0.31698000000000004
2020-02-14,Tech,-0.03026
2020-02-14,Utilities,0.47308000000000006
2020-02-18,Comm,0.33089999999999997
2020-02-18,Consumer,0.029840000000000012
2020-02-18,Energy,0.1186
2020-02-18,Financials,0.36212
2020-02-18,Healthcare,0.37995999999999996
2020-02-18,Industrials,0.4528
2020-02-18,Materials,0.08760000000000001
2020-02-18,RealEstate,0.26139999999999997
2020-02-18,Tech,0.30304000000000003
2020-02-18,Utilities,0.39117999999999997
2020-02-19,Comm,0.24190000000000006
2020-02-19,Consumer,0.48986
2020-02-19,Energy,0.36960000000000004
2020-02-19,Financials,-0.08344000000000001
2020-02-19,Healthcare,0.19788
2020-02-19,Industrials,0.24872
2020-02-19,Materials,0.49778
2020-02-19,RealEstate,0.368
2020-02-19,Tech,0.2698
2020-02-19,Utilities,0.63978
2020-02-20,Comm,0.17958
2020-02-20,Consumer,0.36968
2020-02-20,Energy,0.44564000000000004
2020-02-20,Financials,0.07462
2020-02-20,Healthcare,0.38286
2020-02-20,Industrials,0.31982
2020-02-20,Materials,0.2122
2020-02-20,RealEstate,0.0
2020-02-20,Tech,-0.028300000000000002
2020-02-20,Utilities,0.36272000000000004
2020-02-21,Comm,0.17352
2020-02-21,Consumer,0.12675999999999998
2020-02-21,Energy,0.49700000000000005
2020-02-21,Financials,0.41472
2020-02-21,Healthcare,0.30606
2020-02-21,Industrials,0.30204
2020-02-21,Materials,0.33698
2020-02-21,RealEstate,0.17268
2020-02-21,Tech,0.24842
2020-02-21,Utilities,0.45662
2020-02-24,Comm,-0.11703999999999999
2020-02-24,Consumer,0.4142
2020-02-24,Energy,0.19308
2020-02-24,Financials,0.56322
2020-02-24,Healthcare,0.047920000000000004
2020-02-24,Industrials,0.16054
2020-02-24,Materials,0.18774000000000002
2020-02-24,RealEstate,0.09046000000000001
2020-02-24,Tech,-0.30534
2020-02-24,Utilities,0.72334
2020-02-25,Comm,0.01883999999999999
2020-02-25,Consumer,-0.08052
2020-02-25,Energy,-0.18172000000000002
2020-02-25,Financials,0.10464
2020-02-25,Healthcare,0.30556
2020-02-25,Industrials,0.23836
2020-02-25,Materials,0.17454
2020-02-25,RealEstate,0.14701999999999998
2020-02-25,Tech,-0.08714000000000002
2020-02-25,Utilities,0.21314000000000002
2020-02-26,Comm,-0.020699999999999996
2020-02-26,Consumer,0.4168
2020-02-26,Energy,0.009180000000000011
2020-02-26,Financials,0.45926
2020-02-26,Healthcare,0.40490000000000004
2020-02-26,Industrials,0.15242
2020-02-26,Materials,0.12476000000000001
2020-02-26,RealEstate,0.17068
2020-02-26,Tech,0.06624
2020-02-26,Utilities,0.4168200000000001
2020-02-27,Comm,0.24398
2020-02-27,Consumer,0.46776
2020-02-27,Energy,0.37574
2020-02-27,Financials,0.43705999999999995
2020-02-27,Healthcare,0.29652
2020-02-27,Industrials,0.36262
2020-02-27,Materials,0.08608
2020-02-27,RealEstate,0.10185999999999999
2020-02-27,Tech,0.63294
2020-02-27,Utilities,0.25220000000000004
2020-02-28,Comm,0.19827999999999998
2020-02-28,Consumer,0.47872000000000003
2020-02-28,Energy,0.49973999999999996
2020-02-28,Financials,0.16278
2020-02-28,Healthcare,0.35236
2020-02-28,Industrials,0.15086
2020-02-28,Materials,-0.08374
2020-02-28,RealEstate,0.35648
2020-02-28,Tech,-0.5239
2020-02-28,Utilities,0.6435
2020-03-02,Comm,-0.14065999999999998
2020-03-02,Consumer,-0.19839999999999997
2020-03-02,Energy,0.28874
2020-03-02,Financials,0.10855999999999999
2020-03-02,Healthcare,-0.25251999999999997
2020-03-02,Industrials,0.10754000000000001
2020-03-02,Materials,0.03924000000000001
2020-03-02,RealEstate,-0.06820000000000001
2020-03-02,Tech,0.04059999999999999
2020-03-02,Utilities,-0.15772
2020-03-03,Comm,0.16960000000000003
2020-03-03,Consumer,0.12824
2020-03-03,Energy,0.14339999999999997
2020-03-03,Financials,0.30564
2020-03-03,Healthcare,0.5887399999999999
2020-03-03,Industrials,0.0033800000000000054
2020-03-03,Materials,0.22776000000000002
2020-03-03,RealEstate,0.37154000000000004
2020-03-03,Tech,0.31472
2020-03-03,Utilities,0.46875999999999995
2020-03-04,Comm,0.14708
2020-03-04,Consumer,0.34394
2020-03-04,Energy,0.010939999999999972
2020-03-04,Financials,-0.19441999999999998
2020-03-04,Healthcare,0.58342
2020-03-04,Industrials,0.11486
2020-03-04,Materials,0.43762
2020-03-04,RealEstate,0.22728
2020-03-04,Tech,0.14966
2020-03-04,Utilities,0.059739999999999994
2020-03-05,Comm,0.07864
2020-03-05,Consumer,0.16524
2020-03-05,Energy,0.59648
2020-03-05,Financials,0.30104000000000003
2020-03-05,Healthcare,0.88516
2020-03-05,Industrials,0.2555
2020-03-05,Materials,0.37608
2020-03-05,RealEstate,0.42928
2020-03-05,Tech,0.7868
2020-03-05,Utilities,0.71656
2020-03-06,Comm,0.29242
2020-03-06,Consumer,0.23146
2020-03-06,Energy,0.05146000000000002
2020-03-06,Financials,0.33039999999999997
2020-03-06,Healthcare,0.46046
2020-03-06,Industrials,0.15710000000000002
2020-03-06,Materials,0.25002
2020-03-06,RealEstate,0.3484
2020-03-06,Tech,0.39708
2020-03-06,Utilities,0.04762
2020-03-09,Comm,0.26782
2020-03-09,Consumer,0.1559
2020-03-09,Energy,-0.35604
2020-03-09,Financials,0.01646000000000001
2020-03-09,Healthcare,0.6552399999999999
2020-03-09,Industrials,0.22388
2020-03-09,Materials,-0.017600000000000015
2020-03-09,RealEstate,0.26388
2020-03-09,Tech,0.24897999999999998
2020-03-09,Utilities,0.29916
2020-03-10,Comm,-0.013279999999999991
2020-03-10,Consumer,0.1691
2020-03-10,Energy,-0.55792
2020-03-10,Financials,0.59886
2020-03-10,Healthcare,0.47424
2020-03-10,Industrials,-0.09968000000000002
2020-03-10,Materials,0.21187999999999999
2020-03-10,RealEstate,0.03632
2020-03-10,Tech,-0.25866
2020-03-10,Utilities,-0.44176000000000004
2020-03-11,Comm,-0.317
2020-03-11,Consumer,-0.02889999999999999
2020-03-11,Energy,0.16236
2020-03-11,Financials,0.37322
2020-03-11,Healthcare,0.34484
2020-03-11,Industrials,-0.23912
2020-03-11,Materials,0.15814
2020-03-11,RealEstate,0.24826
2020-03-11,Tech,0.37172
2020-03-11,Utilities,0.14509999999999998
2020-03-12,Comm,0.21008
2020-03-12,Consumer,-0.11578
2020-03-12,Energy,0.02248000000000001
2020-03-12,Financials,0.22349999999999998
2020-03-12,Healthcare,0.56864
2020-03-12,Industrials,0.30114
2020-03-12,Materials,0.18214000000000002
2020-03-12,RealEstate,0.35032
2020-03-12,Tech,0.26194
2020-03-12,Utilities,0.11524000000000001
2020-03-13,Comm,0.05552
2020-03-13,Consumer,0.27042
2020-03-13,Energy,0.2998
2020-03-13,Financials,0.06574
2020-03-13,Healthcare,-0.28008
2020-03-13,Industrials,-0.49585999999999997
2020-03-13,Materials,-0.15248
2020-03-13,RealEstate,0.14811999999999997
2020-03-13,Tech,0.10877999999999999
2020-03-13,Utilities,0.04758
2020-03-16,Comm,0.2685
2020-03-16,Consumer,-0.006440000000000001
2020-03-16,Energy,0.38854
2020-03-16,Financials,-0.4638
2020-03-16,Healthcare,-0.08212
2020-03-16,Industrials,0.049659999999999996
2020-03-16,Materials,0.07918
2020-03-16,RealEstate,0.23224
2020-03-16,Tech,0.18388
2020-03-16,Utilities,0.3726
2020-03-17,Comm,-0.21198
2020-03-17,Consumer,-0.77588
2020-03-17,Energy,-0.25472
2020-03-17,Financials,-0.3038
2020-03-17,Healthcare,0.1275
2020-03-17,Industrials,0.30906
2020-03-17,Materials,0.017740000000000013
2020-03-17,RealEstate,0.10815999999999999
2020-03-17,Tech,0.0031799999999999884
2020-03-17,Utilities,0.5755600000000001
2020-03-18,Comm,0.17564
2020-03-18,Consumer,0.23814000000000002
2020-03-18,Energy,-0.10651999999999999
2020-03-18,Financials,-0.08974000000000001
2020-03-18,Healthcare,0.6824600000000001
2020-03-18,Industrials,0.15354
2020-03-18,Materials,0.11066000000000002
2020-03-18,RealEstate,0.15486
2020-03-18,Tech,0.39482
2020-03-18,Utilities,0.32118
2020-03-19,Comm,0.15710000000000002
2020-03-19,Consumer,-0.07682000000000003
2020-03-19,Energy,0.028219999999999978
2020-03-19,Financials,0.058820000000000025
2020-03-19,Healthcare,0.6281000000000001
2020-03-19,Industrials,-0.13632
2020-03-19,Materials,0.058660000000000025
2020-03-19,RealEstate,-0.03376
2020-03-19,Tech,-0.08202
2020-03-19,Utilities,0.3545
2020-03-20,Comm,0.05402
2020-03-20,Consumer,0.10838
2020-03-20,Energy,-0.04492000000000003
2020-03-20,Financials,-0.21350000000000002
2020-03-20,Healthcare,0.59912
2020-03-20,Industrials,0.12523999999999996
2020-03-20,Materials,0.038040000000000004
2020-03-20,RealEstate,0.2117
2020-03-20,Tech,-0.36292
2020-03-20,Utilities,0.3679
2020-03-23,Comm,-0.02729999999999999
2020-03-23,Consumer,0.45289999999999997
2020-03-23,Energy,-0.50306
2020-03-23,Financials,-0.13944
2020-03-23,Healthcare,0.3707
2020-03-23,Industrials,0.42985999999999996
2020-03-23,Materials,0.11818
2020-03-23,RealEstate,0.1917
2020-03-23,Tech,0.7150399999999999
2020-03-23,Utilities,0.31374
2020-03-24,Comm,0.46002
2020-03-24,Consumer,0.39526
2020-03-24,Energy,-0.55564
2020-03-24,Financials,-0.05988000000000001
2020-03-24,Healthcare,0.22458
2020-03-24,Industrials,-0.06777999999999999
2020-03-24,Materials,0.44606
2020-03-24,RealEstate,0.15242
2020-03-24,Tech,0.2537
2020-03-24,Utilities,-0.036839999999999984
2020-03-25,Comm,0.2963
2020-03-25,Consumer,0.618
2020-03-25,Energy,0.55478
2020-03-25,Financials,0.42022000000000004
2020-03-25,Healthcare,0.29344000000000003
2020-03-25,Industrials,0.43179999999999996
2020-03-25,Materials,0.35922
2020-03-25,RealEstate,0.07660000000000002
2020-03-25,Tech,0.81526
2020-03-25,Utilities,0.28698000000000007
2020-03-26,Comm,0.41142
2020-03-26,Consumer,0.78982
2020-03-26,Energy,0.5705600000000001
2020-03-26,Financials,0.17304
2020-03-26,Healthcare,0.41928
2020-03-26,Industrials,0.36751999999999996
2020-03-26,Materials,0.22616
2020-03-26,RealEstate,0.19590000000000002
2020-03-26,Tech,0.3185
2020-03-26,Utilities,0.48840000000000006
2020-03-27,Comm,0.25676
2020-03-27,Consumer,0.48840000000000006
2020-03-27,Energy,0.42632000000000003
2020-03-27,Financials,0.50736
2020-03-27,Healthcare,0.47498000000000007
2020-03-27,Industrials,0.33490000000000003
2020-03-27,Materials,0.29904000000000003
2020-03-27,RealEstate,0.42333999999999994
2020-03-27,Tech,0.36292
2020-03-27,Utilities,0.34686000000000006
2020-03-30,Comm,0.38938
2020-03-30,Consumer,0.19457999999999998
2020-03-30,Energy,0.6094
2020-03-30,Financials,0.50256
2020-03-30,Healthcare,0.60144
2020-03-30,Industrials,0.57476
2020-03-30,Materials,0.4721
2020-03-30,RealEstate,0.3519
2020-03-30,Tech,0.6708999999999999
2020-03-30,Utilities,0.57924
2020-03-31,Comm,0.5372
2020-03-31,Consumer,0.28785999999999995
2020-03-31,Energy,0.28336
2020-03-31,Financials,-0.28608
2020-03-31,Healthcare,0.57702
2020-03-31,Industrials,0.09652
2020-03-31,Materials,0.40966
2020-03-31,RealEstate,0.36766
2020-03-31,Tech,-0.06752000000000001
2020-03-31,Utilities,0.42610000000000003
2020-04-01,Comm,0.43172
2020-04-01,Consumer,0.010220000000000007
2020-04-01,Energy,-0.05664
2020-04-01,Financials,0.16682000000000002
2020-04-01,Healthcare,0.24560000000000004
2020-04-01,Industrials,0.2488
2020-04-01,Materials,0.45048000000000005
2020-04-01,RealEstate,-0.15474000000000002
2020-04-01,Tech,-0.09047999999999998
2020-04-01,Utilities,-0.42338
2020-04-02,Comm,0.4812
2020-04-02,Consumer,0.2427
2020-04-02,Energy,0.1254
2020-04-02,Financials,-0.31878
2020-04-02,Healthcare,0.37178
2020-04-02,Industrials,0.17636000000000002
2020-04-02,Materials,0.05847999999999999
2020-04-02,RealEstate,-0.017179999999999973
2020-04-02,Tech,0.07116000000000003
2020-04-02,Utilities,-0.033319999999999975
2020-04-03,Comm,-0.22776000000000002
2020-04-03,Consumer,0.26294000000000006
2020-04-03,Energy,-0.12202000000000002
2020-04-03,Financials,0.19078
2020-04-03,Healthcare,0.34998
2020-04-03,Industrials,-0.07502
2020-04-03,Materials,0.32066
2020-04-03,RealEstate,-0.08804
2020-04-03,Tech,0.014640000000000009
2020-04-03,Utilities,0.03318000000000001
2020-04-06,Comm,0.47286
2020-04-06,Consumer,-0.07118
2020-04-06,Energy,0.225
2020-04-06,Financials,0.16426
2020-04-06,Healthcare,0.38068
2020-04-06,Industrials,-0.44523999999999997
2020-04-06,Materials,0.051539999999999996
2020-04-06,RealEstate,0.11176
2020-04-06,Tech,-0.22336
2020-04-06,Utilities,0.30063999999999996
2020-04-07,Comm,0.67892
2020-04-07,Consumer,0.79278
2020-04-07,Energy,0.41365999999999997
2020-04-07,Financials,0.8351200000000001
2020-04-07,Healthcare,0.71094
2020-04-07,Industrials,0.32706
2020-04-07,Materials,0.16888
2020-04-07,RealEstate,0.26738
2020-04-07,Tech,0.8233599999999999
2020-04-07,Utilities,0.68472
2020-04-08,Comm,0.42562
2020-04-08,Consumer,0.5885199999999999
2020-04-08,Energy,0.8558199999999999
2020-04-08,Financials,0.57982
2020-04-08,Healthcare,0.33952
2020-04-08,Industrials,0.62404
2020-04-08,Materials,0.5044000000000001
2020-04-08,RealEstate,0.18975999999999998
2020-04-08,Tech,0.3881
2020-04-08,Utilities,0.4968
2020-04-09,Comm,0.2002
2020-04-09,Consumer,0.44933999999999996
2020-04-09,Energy,0.8452999999999999
2020-04-09,Financials,0.36084
2020-04-09,Healthcare,0.44559999999999994
2020-04-09,Industrials,0.64234
2020-04-09,Materials,0.6613
2020-04-09,RealEstate,0.50156
2020-04-09,Tech,0.5622999999999999
2020-04-09,Utilities,0.37392
2020-04-13,Comm,-0.10400000000000001
2020-04-13,Consumer,0.76436
2020-04-13,Energy,0.79682
2020-04-13,Financials,0.66122
2020-04-13,Healthcare,0.14218
2020-04-13,Industrials,0.22104
2020-04-13,Materials,0.5393800000000001
2020-04-13,RealEstate,0.6783
2020-04-13,Tech,0.27988
2020-04-13,Utilities,0.6834
2020-04-14,Comm,-0.11445999999999998
2020-04-14,Consumer,-0.08993999999999998
2020-04-14,Energy,0.42813999999999997
2020-04-14,Financials,0.31084
2020-04-14,Healthcare,0.44382
2020-04-14,Industrials,0.06776000000000001
2020-04-14,Materials,0.31146
2020-04-14,RealEstate,-0.18860000000000002
2020-04-14,Tech,0.44824
2020-04-14,Utilities,0.06723999999999997
2020-04-15,Comm,0.6128
2020-04-15,Consumer,0.63334
2020-04-15,Energy,0.0639
2020-04-15,Financials,0.69028
2020-04-15,Healthcare,0.40974000000000005
2020-04-15,Industrials,0.68048
2020-04-15,Materials,0.11523999999999998
2020-04-15,RealEstate,0.46602
2020-04-15,Tech,0.9439
2020-04-15,Utilities,0.3823
2020-04-16,Comm,0.48175999999999997
2020-04-16,Consumer,0.30998000000000003
2020-04-16,Energy,0.46629999999999994
2020-04-16,Financials,0.72886
2020-04-16,Healthcare,-0.0005400000000000072
2020-04-16,Industrials,0.11903999999999999
2020-04-16,Materials,-0.024040000000000016
2020-04-16,RealEstate,-0.11152000000000002
2020-04-16,Tech,0.5274
2020-04-16,Utilities,0.21946000000000004
2020-04-17,Comm,0.4687
2020-04-17,Consumer,0.5797399999999999
2020-04-17,Energy,-0.12902000000000002
2020-04-17,Financials,0.25556
2020-04-17,Healthcare,0.84742
2020-04-17,Industrials,0.17456000000000002
2020-04-17,Materials,0.21183999999999997
2020-04-17,RealEstate,0.037860000000000005
2020-04-17,Tech,0.91564
2020-04-17,Utilities,0.5233399999999999
2020-04-20,Comm,0.18836
2020-04-20,Consumer,0.60386
2020-04-20,Energy,-0.1609
2020-04-20,Financials,0.34758
2020-04-20,Healthcare,0.7143200000000001
2020-04-20,Industrials,0.40937999999999997
2020-04-20,Materials,0.41464
2020-04-20,RealEstate,0.58318
2020-04-20,Tech,0.40706
2020-04-20,Utilities,0.6072
2020-04-21,Comm,0.14776
2020-04-21,Consumer,0.51954
2020-04-21,Energy,-0.9068400000000001
2020-04-21,Financials,0.40520000000000006
2020-04-21,Healthcare,0.14394
2020-04-21,Industrials,0.3537
2020-04-21,Materials,0.37554
2020-04-21,RealEstate,0.11596
2020-04-21,Tech,0.5909800000000001
2020-04-21,Utilities,0.013960000000000004
2020-04-22,Comm,0.26482
2020-04-22,Consumer,-0.08751999999999999
2020-04-22,Energy,-0.91212
2020-04-22,Financials,-0.34484000000000004
2020-04-22,Healthcare,0.21958000000000003
2020-04-22,Industrials,0.1519
2020-04-22,Materials,0.2015
2020-04-22,RealEstate,0.058020000000000016
2020-04-22,Tech,-0.77066
2020-04-22,Utilities,-0.21752000000000002
2020-04-23,Comm,0.10266000000000002
2020-04-23,Consumer,0.36826
2020-04-23,Energy,0.03692000000000002
2020-04-23,Financials,0.35274
2020-04-23,Healthcare,0.71178
2020-04-23,Industrials,0.39652
2020-04-23,Materials,0.36794
2020-04-23,RealEstate,0.3786
2020-04-23,Tech,0.41075999999999996
2020-04-23,Utilities,0.25826000000000005
2020-04-24,Comm,0.28258
2020-04-24,Consumer,0.46512000000000003
2020-04-24,Energy,0.678
2020-04-24,Financials,0.30588
2020-04-24,Healthcare,0.52706
2020-04-24,Industrials,0.40352
2020-04-24,Materials,0.31013999999999997
2020-04-24,RealEstate,0.39878
2020-04-24,Tech,0.8609199999999999
2020-04-24,Utilities,0.44376
2020-04-27,Comm,0.136
2020-04-27,Consumer,0.01592
2020-04-27,Energy,-0.08542
2020-04-27,Financials,0.08886
2020-04-27,Healthcare,-0.03415999999999999
2020-04-27,Industrials,0.29584
2020-04-27,Materials,-0.01127999999999999
2020-04-27,RealEstate,0.1702
2020-04-27,Tech,0.4479
2020-04-27,Utilities,0.04748000000000001
2020-04-28,Comm,0.36824
2020-04-28,Consumer,0.44742
2020-04-28,Energy,0.004280000000000017
2020-04-28,Financials,0.32976
2020-04-28,Healthcare,0.06484000000000004
2020-04-28,Industrials,0.817
2020-04-28,Materials,0.43962
2020-04-28,RealEstate,0.07004000000000002
2020-04-28,Tech,0.51582
2020-04-28,Utilities,0.5950599999999999
2020-04-29,Comm,0.24128
2020-04-29,Consumer,0.30522
2020-04-29,Energy,0.011099999999999988
2020-04-29,Financials,0.5046999999999999
2020-04-29,Healthcare,0.56518
2020-04-29,Industrials,0.2547
2020-04-29,Materials,0.23915999999999998
2020-04-29,RealEstate,0.31212
2020-04-29,Tech,0.56454
2020-04-29,Utilities,0.3397
2020-04-30,Comm,0.38924000000000003
2020-04-30,Consumer,0.42089999999999994
2020-04-30,Energy,0.87198
2020-04-30,Financials,0.45488
2020-04-30,Healthcare,0.14878
2020-04-30,Industrials,0.48247999999999996
2020-04-30,Materials,0.44656
2020-04-30,RealEstate,0.27416
2020-04-30,Tech,0.8769399999999999
2020-04-30,Utilities,0.07658000000000001
2020-05-01,Comm,-0.01641999999999999
2020-05-01,Consumer,0.19414000000000003
2020-05-01,Energy,0.35704
2020-05-01,Financials,0.31498
2020-05-01,Healthcare,0.5706
2020-05-01,Industrials,0.07132000000000001
2020-05-01,Materials,0.46996000000000004
2020-05-01,RealEstate,0.007700000000000007
2020-05-01,Tech,0.36664
2020-05-01,Utilities,0.28462
2020-05-04,Comm,0.023300000000000022
2020-05-04,Consumer,0.40452000000000005
2020-05-04,Energy,-0.5292399999999999
2020-05-04,Financials,-0.25038
2020-05-04,Healthcare,0.49236
2020-05-04,Industrials,-0.40878
2020-05-04,Materials,0.32730000000000004
2020-05-04,RealEstate,-0.0052000000000000015
2020-05-04,Tech,-0.20046
2020-05-04,Utilities,0.029059999999999996
2020-05-05,Comm,0.21082
2020-05-05,Consumer,0.42298
2020-05-05,Energy,-0.03798
2020-05-05,Financials,0.19963999999999998
2020-05-05,Healthcare,0.34521999999999997
2020-05-05,Industrials,-0.12768000000000002
2020-05-05,Materials,-0.00968
2020-05-05,RealEstate,0.04115999999999999
2020-05-05,Tech,0.8417
2020-05-05,Utilities,0.3378
2020-05-06,Comm,0.39766
2020-05-06,Consumer,0.52146
2020-05-06,Energy,0.25614
2020-05-06,Financials,0.23700000000000002
2020-05-06,Healthcare,0.49348000000000003
2020-05-06,Industrials,0.49257999999999996
2020-05-06,Materials,0.57054
2020-05-06,RealEstate,0.13555999999999999
2020-05-06,Tech,0.7033400000000001
2020-05-06,Utilities,0.63774
2020-05-07,Comm,-0.09068000000000001
2020-05-07,Consumer,0.50946
2020-05-07,Energy,0.53704
2020-05-07,Financials,0.17998
2020-05-07,Healthcare,0.5841999999999999
2020-05-07,Industrials,0.33302
2020-05-07,Materials,0.012159999999999994
2020-05-07,RealEstate,0.0
2020-05-07,Tech,0.41390000000000005
2020-05-07,Utilities,0.4998
2020-05-08,Comm,0.32118
2020-05-08,Consumer,0.5087200000000001
2020-05-08,Energy,0.64506
2020-05-08,Financials,-0.1515
2020-05-08,Healthcare,0.5897
2020-05-08,Industrials,0.1008
2020-05-08,Materials,0.08016000000000001
2020-05-08,RealEstate,0.44236000000000003
2020-05-08,Tech,0.41947999999999996
2020-05-08,Utilities,0.39824000000000004
2020-05-11,Comm,0.23074000000000003
2020-05-11,Consumer,0.3574
2020-05-11,Energy,0.48014
2020-05-11,Financials,-0.09004000000000002
2020-05-11,Healthcare,-0.028780000000000007
2020-05-11,Industrials,0.026180000000000002
2020-05-11,Materials,0.3094
2020-05-11,RealEstate,0.32233999999999996
2020-05-11,Tech,0.67872
2020-05-11,Utilities,0.3089
2020-05-12,Comm,0.39262
2020-05-12,Consumer,0.53142
2020-05-12,Energy,-0.24672
2020-05-12,Financials,0.5354
2020-05-12,Healthcare,0.35618000000000005
2020-05-12,Industrials,0.56856
2020-05-12,Materials,0.19422
2020-05-12,RealEstate,0.2712
2020-05-12,Tech,0.43326000000000003
2020-05-12,Utilities,0.37898
2020-05-13,Comm,0.15198
2020-05-13,Consumer,0.5068400000000001
2020-05-13,Energy,0.43276000000000003
2020-05-13,Financials,-0.33934
2020-05-13,Healthcare,-0.05948000000000002
2020-05-13,Industrials,-0.11301999999999998
2020-05-13,Materials,0.22061999999999998
2020-05-13,RealEstate,-0.48390000000000005
2020-05-13,Tech,0.027279999999999992
2020-05-13,Utilities,0.49352
2020-05-14,Comm,-0.018560000000000004
2020-05-14,Consumer,0.30091999999999997
2020-05-14,Energy,-0.32788
2020-05-14,Financials,0.5203
2020-05-14,Healthcare,0.63942
2020-05-14,Industrials,-0.11148
2020-05-14,Materials,0.4413
2020-05-14,RealEstate,0.28128000000000003
2020-05-14,Tech,0.26822
2020-05-14,Utilities,0.5041599999999999
2020-05-15,Comm,0.2695
2020-05-15,Consumer,0.63354
2020-05-15,Energy,-0.15158
2020-05-15,Financials,0.28028000000000003
2020-05-15,Healthcare,0.43162
2020-05-15,Industrials,0.05073999999999999
2020-05-15,Materials,0.29788000000000003
2020-05-15,RealEstate,0.36716
2020-05-15,Tech,0.56162
2020-05-15,Utilities,0.31917999999999996
2020-05-18,Comm,0.32028
2020-05-18,Consumer,0.3379
2020-05-18,Energy,0.41769999999999996
2020-05-18,Financials,0.75176
2020-05-18,Healthcare,0.05291999999999999
2020-05-18,Industrials,-0.1139
2020-05-18,Materials,0.52744
2020-05-18,RealEstate,-0.043059999999999994
2020-05-18,Tech,-0.24786000000000002
2020-05-18,Utilities,0.36002
2020-05-19,Comm,0.16994
2020-05-19,Consumer,0.6649
2020-05-19,Energy,0.67954
2020-05-19,Financials,0.14259999999999998
2020-05-19,Healthcare,0.52544
2020-05-19,Industrials,0.92724
2020-05-19,Materials,0.38852
2020-05-19,RealEstate,0.65954
2020-05-19,Tech,0.23276000000000002
2020-05-19,Utilities,0.6801999999999999
2020-05-20,Comm,0.15666
2020-05-20,Consumer,0.07793999999999998
2020-05-20,Energy,0.35824
2020-05-20,Financials,0.12714
2020-05-20,Healthcare,0.5322
2020-05-20,Industrials,0.19910000000000003
2020-05-20,Materials,0.3661
2020-05-20,RealEstate,0.3612
2020-05-20,Tech,0.26605999999999996
2020-05-20,Utilities,0.67564
2020-05-21,Comm,0.15059999999999998
2020-05-21,Consumer,0.17454
2020-05-21,Energy,-0.09214000000000001
2020-05-21,Financials,0.63746
2020-05-21,Healthcare,0.22641999999999998
2020-05-21,Industrials,0.326
2020-05-21,Materials,0.52266
2020-05-21,RealEstate,0.12738
2020-05-21,Tech,0.45430000000000004
2020-05-21,Utilities,0.32676
2020-05-22,Comm,0.07276000000000002
2020-05-22,Consumer,0.19091999999999998
2020-05-22,Energy,-0.048459999999999996
2020-05-22,Financials,0.27584
2020-05-22,Healthcare,0.44692
2020-05-22,Industrials,0.15050000000000002
2020-05-22,Materials,0.3217
2020-05-22,RealEstate,0.12738
2020-05-22,Tech,-0.024639999999999992
2020-05-22,Utilities,0.49223999999999996
2020-05-26,Comm,0.15084
2020-05-26,Consumer,0.12181999999999997
2020-05-26,Energy,-0.10488
2020-05-26,Financials,0.44566
2020-05-26,Healthcare,0.36648000000000003
2020-05-26,Industrials,0.24226
2020-05-26,Materials,0.13894
2020-05-26,RealEstate,0.36888
2020-05-26,Tech,-0.011120000000000019
2020-05-26,Utilities,0.40958000000000006
2020-05-27,Comm,0.4627
2020-05-27,Consumer,0.7844
2020-05-27,Energy,0.49992000000000003
2020-05-27,Financials,0.51572
2020-05-27,Healthcare,0.22054
2020-05-27,Industrials,0.54742
2020-05-27,Materials,0.37784
2020-05-27,RealEstate,0.29413999999999996
2020-05-27,Tech,0.38854
2020-05-27,Utilities,0.43342
2020-05-28,Comm,0.20266
2020-05-28,Consumer,0.5746399999999999
2020-05-28,Energy,-0.04131999999999999
2020-05-28,Financials,0.72988
2020-05-28,Healthcare,0.011220000000000008
2020-05-28,Industrials,0.65068
2020-05-28,Materials,0.05464
2020-05-28,RealEstate,0.19535999999999998
2020-05-28,Tech,0.20502000000000004
2020-05-28,Utilities,0.36724
2020-05-29,Comm,0.32322
2020-05-29,Consumer,0.12298
2020-05-29,Energy,0.35204
2020-05-29,Financials,0.28878
2020-05-29,Healthcare,-0.20548000000000002
2020-05-29,Industrials,0.70034
2020-05-29,Materials,0.20322
2020-05-29,RealEstate,0.30284
2020-05-29,Tech,0.23478
2020-05-29,Utilities,0.3879
2020-06-01,Comm,0.31584
2020-06-01,Consumer,0.19854
2020-06-01,Energy,0.41902
2020-06-01,Financials,0.06976
2020-06-01,Healthcare,0.4238799999999999
2020-06-01,Industrials,0.39896000000000004
2020-06-01,Materials,0.16455999999999998
2020-06-01,RealEstate,0.14142000000000002
2020-06-01,Tech,0.28616
2020-06-01,Utilities,0.42152
2020-06-02,Comm,0.35394
2020-06-02,Consumer,0.16212
2020-06-02,Energy,-0.05732
2020-06-02,Financials,0.36528
2020-06-02,Healthcare,0.8148199999999999
2020-06-02,Industrials,0.05464
2020-06-02,Materials,0.05464
2020-06-02,RealEstate,0.0035799999999999834
2020-06-02,Tech,0.1726
2020-06-02,Utilities,0.08264
2020-06-03,Comm,0.34528
2020-06-03,Consumer,-0.2802
2020-06-03,Energy,0.31674
2020-06-03,Financials,0.47168
2020-06-03,Healthcare,0.11992
2020-06-03,Industrials,0.6784
2020-06-03,Materials,0.34846
2020-06-03,RealEstate,0.07153999999999999
2020-06-03,Tech,0.46158
2020-06-03,Utilities,0.23331999999999997
2020-06-04,Comm,-0.25298
2020-06-04,Consumer,0.47729999999999995
2020-06-04,Energy,0.6869799999999999
2020-06-04,Financials,0.8346600000000001
2020-06-04,Healthcare,0.5257799999999999
2020-06-04,Industrials,0.8084
2020-06-04,Materials,0.36456
2020-06-04,RealEstate,0.1744
2020-06-04,Tech,0.43044000000000004
2020-06-04,Utilities,0.17868
2020-06-05,Comm,0.0847
2020-06-05,Consumer,0.5227
2020-06-05,Energy,0.14500000000000002
2020-06-05,Financials,0.57968
2020-06-05,Healthcare,0.40397999999999995
2020-06-05,Industrials,0.56946
2020-06-05,Materials,-0.0256
2020-06-05,RealEstate,0.059199999999999996
2020-06-05,Tech,0.39138
2020-06-05,Utilities,0.042920000000000014
2020-06-08,Comm,0.19356
2020-06-08,Consumer,0.70278
2020-06-08,Energy,0.5031800000000001
2020-06-08,Financials,0.6634800000000001
2020-06-08,Healthcare,0.42724
2020-06-08,Industrials,0.85854
2020-06-08,Materials,0.28322
2020-06-08,RealEstate,0.0
2020-06-08,Tech,0.6047800000000001
2020-06-08,Utilities,0.07959999999999999
2020-06-09,Comm,-0.046799999999999994
2020-06-09,Consumer,0.56914
2020-06-09,Energy,0.26112
2020-06-09,Financials,0.38948
2020-06-09,Healthcare,0.33888
2020-06-09,Industrials,0.15431999999999996
2020-06-09,Materials,0.09988
2020-06-09,RealEstate,0.08452
2020-06-09,Tech,0.34371999999999997
2020-06-09,Utilities,0.39583999999999997
2020-06-10,Comm,-0.10417999999999998
2020-06-10,Consumer,0.055120000000000016
2020-06-10,Energy,0.72604
2020-06-10,Financials,0.31242000000000003
2020-06-10,Healthcare,0.058599999999999985
2020-06-10,Industrials,0.41144
2020-06-10,Materials,0.08648000000000002
2020-06-10,RealEstate,0.1353
2020-06-10,Tech,0.5282
2020-06-10,Utilities,0.49618
2020-06-11,Comm,-0.06527999999999999
2020-06-11,Consumer,0.21274
2020-06-11,Energy,-0.23628
2020-06-11,Financials,0.50574
2020-06-11,Healthcare,0.48154
2020-06-11,Industrials,0.26349999999999996
2020-06-11,Materials,0.08648000000000002
2020-06-11,RealEstate,0.15584
2020-06-11,Tech,0.09268000000000003
2020-06-11,Utilities,0.3285
2020-06-12,Comm,-0.020440000000000003
2020-06-12,Consumer,0.1573
2020-06-12,Energy,-0.08034
2020-06-12,Financials,0.30913999999999997
2020-06-12,Healthcare,0.37404000000000004
2020-06-12,Industrials,0.1475
2020-06-12,Materials,0.10846
2020-06-12,RealEstate,0.17806
2020-06-12,Tech,0.6422
2020-06-12,Utilities,0.29766
2020-06-15,Comm,0.15668
2020-06-15,Consumer,0.32936
2020-06-15,Energy,0.04178000000000002
2020-06-15,Financials,-0.007940000000000013
2020-06-15,Healthcare,0.20407999999999998
2020-06-15,Industrials,0.017860000000000015
2020-06-15,Materials,0.06232000000000001
2020-06-15,RealEstate,0.17362
2020-06-15,Tech,0.23928000000000002
2020-06-15,Utilities,0.28866
2020-06-16,Comm,0.1069
2020-06-16,Consumer,0.09830000000000001
2020-06-16,Energy,-0.36946
2020-06-16,Financials,0.07554000000000001
2020-06-16,Healthcare,0.49395999999999995
2020-06-16,Industrials,0.031199999999999995
2020-06-16,Materials,0.11696
2020-06-16,RealEstate,0.254
2020-06-16,Tech,0.43068
2020-06-16,Utilities,0.43508
2020-06-17,Comm,0.04957999999999999
2020-06-17,Consumer,0.41848
2020-06-17,Energy,0.29572000000000004
2020-06-17,Financials,-0.08404
2020-06-17,Healthcare,0.08003999999999997
2020-06-17,Industrials,0.52858
2020-06-17,Materials,0.06232000000000001
2020-06-17,RealEstate,0.32488
2020-06-17,Tech,0.4466200000000001
2020-06-17,Utilities,0.445
2020-06-18,Comm,0.18818000000000001
2020-06-18,Consumer,0.24894
2020-06-18,Energy,-0.058179999999999996
2020-06-18,Financials,0.05804
2020-06-18,Healthcare,-0.08258000000000001
2020-06-18,Industrials,0.1986
2020-06-18,Materials,0.045179999999999984
2020-06-18,RealEstate,0.16094
2020-06-18,Tech,0.23094
2020-06-18,Utilities,0.11148
2020-06-19,Comm,-0.08272
2020-06-19,Consumer,0.43772
2020-06-19,Energy,0.13282
2020-06-19,Financials,-0.15198
2020-06-19,Healthcare,0.28274
2020-06-19,Industrials,0.041859999999999994
2020-06-19,Materials,0.0
2020-06-19,RealEstate,0.25854
2020-06-19,Tech,0.37354000000000004
2020-06-19,Utilities,0.14538
2020-06-22,Comm,0.2002
2020-06-22,Consumer,0.16852
2020-06-22,Energy,0.55852
2020-06-22,Financials,-0.30328
2020-06-22,Healthcare,0.36816
2020-06-22,Industrials,0.13808
2020-06-22,Materials,-0.04526
2020-06-22,RealEstate,0.25854
2020-06-22,Tech,0.06508
2020-06-22,Utilities,0.12854000000000002
2020-06-23,Comm,0.28659999999999997
2020-06-23,Consumer,0.38680000000000003
2020-06-23,Energy,0.4029
2020-06-23,Financials,-0.20426000000000002
2020-06-23,Healthcare,0.41394000000000003
2020-06-23,Industrials,0.24710000000000001
2020-06-23,Materials,0.038259999999999995
2020-06-23,RealEstate,0.25854
2020-06-23,Tech,0.56638
2020-06-23,Utilities,-0.16076
2020-06-24,Comm,0.2921
2020-06-24,Consumer,0.70478
2020-06-24,Energy,0.35736
2020-06-24,Financials,0.11752000000000003
2020-06-24,Healthcare,0.12392
2020-06-24,Industrials,0.32364
2020-06-24,Materials,0.09176
2020-06-24,RealEstate,0.20776
2020-06-24,Tech,0.36554000000000003
2020-06-24,Utilities,0.05464
2020-06-25,Comm,0.31922
2020-06-25,Consumer,0.06834
2020-06-25,Energy,-0.46828000000000003
2020-06-25,Financials,0.16756
2020-06-25,Healthcare,0.173
2020-06-25,Industrials,-0.24322
2020-06-25,Materials,0.09176
2020-06-25,RealEstate,0.05514
2020-06-25,Tech,-0.07849999999999999
2020-06-25,Utilities,0.0341
2020-06-26,Comm,0.17736
2020-06-26,Consumer,0.50086
2020-06-26,Energy,0.31222
2020-06-26,Financials,-0.30300000000000005
2020-06-26,Healthcare,0.28992
2020-06-26,Industrials,0.02237999999999999
2020-06-26,Materials,0.17214000000000002
2020-06-26,RealEstate,0.05514
2020-06-26,Tech,-0.31522
2020-06-26,Utilities,0.05464
2020-06-29,Comm,0.43878000000000006
2020-06-29,Consumer,0.17304
2020-06-29,Energy,0.15295999999999998
2020-06-29,Financials,-0.08202000000000001
2020-06-29,Healthcare,0.022420000000000006
2020-06-29,Industrials,-0.15218
2020-06-29,Materials,0.14838
2020-06-29,RealEstate,-0.0646
2020-06-29,Tech,-0.1682
2020-06-29,Utilities,0.068
2020-06-30,Comm,0.15992
2020-06-30,Consumer,0.43431999999999993
2020-06-30,Energy,-0.11143999999999998
2020-06-30,Financials,0.39516
2020-06-30,Healthcare,0.40766
2020-06-30,Industrials,0.1293
2020-06-30,Materials,0.04526
2020-06-30,RealEstate,-0.07224
2020-06-30,Tech,0.24167999999999998
2020-06-30,Utilities,0.068
2020-07-01,Comm,0.22982
2020-07-01,Consumer,0.14182
2020-07-01,Energy,0.25342000000000003
2020-07-01,Financials,0.023500000000000004
2020-07-01,Healthcare,0.16541999999999998
2020-07-01,Industrials,-0.00905999999999999
2020-07-01,Materials,0.04046
2020-07-01,RealEstate,0.14436
2020-07-01,Tech,0.43057999999999996
2020-07-01,Utilities,0.068
2020-07-02,Comm,0.02268
2020-07-02,Consumer,-0.1638
2020-07-02,Energy,0.17556
2020-07-02,Financials,-0.23653999999999997
2020-07-02,Healthcare,0.51216
2020-07-02,Industrials,0.29886
2020-07-02,Materials,0.04046
2020-07-02,RealEstate,0.14436
2020-07-02,Tech,0.26433999999999996
2020-07-02,Utilities,0.20122
2020-07-06,Comm,0.05073999999999999
2020-07-06,Consumer,0.31104000000000004
2020-07-06,Energy,0.21267999999999998
2020-07-06,Financials,0.38722
2020-07-06,Healthcare,0.33694
2020-07-06,Industrials,-0.12636
2020-07-06,Materials,0.04046
2020-07-06,RealEstate,-0.0256
2020-07-06,Tech,0.4223
2020-07-06,Utilities,0.36341999999999997
2020-07-07,Comm,0.13602
2020-07-07,Consumer,0.08195999999999999
2020-07-07,Energy,0.3544
2020-07-07,Financials,-0.02258000000000001
2020-07-07,Healthcare,0.39371999999999996
2020-07-07,Industrials,-0.1476
2020-07-07,Materials,-0.07098
2020-07-07,RealEstate,-0.06364
2020-07-07,Tech,0.26656
2020-07-07,Utilities,0.51688
2020-07-08,Comm,0.21094
2020-07-08,Consumer,0.25214
2020-07-08,Energy,0.09563999999999998
2020-07-08,Financials,0.13113999999999998
2020-07-08,Healthcare,0.32204
2020-07-08,Industrials,0.16706000000000001
2020-07-08,Materials,-0.07098
2020-07-08,RealEstate,0.08648000000000002
2020-07-08,Tech,0.47462
2020-07-08,Utilities,-0.00958000000000001
2020-07-09,Comm,-0.26975999999999994
2020-07-09,Consumer,0.5601200000000001
2020-07-09,Energy,0.18378
2020-07-09,Financials,0.36404000000000003
2020-07-09,Healthcare,0.33365999999999996
2020-07-09,Industrials,0.27236000000000005
2020-07-09,Materials,0.19041999999999998
2020-07-09,RealEstate,0.03024
2020-07-09,Tech,0.263
2020-07-09,Utilities,-0.04611999999999998
2020-07-10,Comm,0.08492000000000002
2020-07-10,Consumer,0.21270000000000003
2020-07-10,Energy,0.34672000000000003
2020-07-10,Financials,0.4636
2020-07-10,Healthcare,0.18576
2020-07-10,Industrials,0.14502000000000004
2020-07-10,Materials,0.07604
2020-07-10,RealEstate,-0.11988000000000001
2020-07-10,Tech,0.37839999999999996
2020-07-10,Utilities,0.10533999999999999
2020-07-13,Comm,-0.06367999999999999
2020-07-13,Consumer,-0.06366000000000001
2020-07-13,Energy,0.2508
2020-07-13,Financials,0.17842
2020-07-13,Healthcare,0.39112
2020-07-13,Industrials,-0.17114
2020-07-13,Materials,0.04046
2020-07-13,RealEstate,-0.10444
2020-07-13,Tech,0.14592
2020-07-13,Utilities,0.14728
2020-07-14,Comm,0.12304000000000001
2020-07-14,Consumer,0.32904
2020-07-14,Energy,0.35774
2020-07-14,Financials,0.16356
2020-07-14,Healthcare,0.16758
2020-07-14,Industrials,0.42254
2020-07-14,Materials,0.04046
2020-07-14,RealEstate,-0.10444
2020-07-14,Tech,0.47524
2020-07-14,Utilities,-0.007520000000000004
2020-07-15,Comm,0.1641
2020-07-15,Consumer,0.27603999999999995
2020-07-15,Energy,0.29278
2020-07-15,Financials,0.18050000000000002
2020-07-15,Healthcare,0.25294
2020-07-15,Industrials,0.23478000000000004
2020-07-15,Materials,0.04046
2020-07-15,RealEstate,0.01544
2020-07-15,Tech,0.35388000000000003
2020-07-15,Utilities,0.0737
2020-07-16,Comm,0.15453999999999998
2020-07-16,Consumer,0.42148
2020-07-16,Energy,-0.15543999999999997
2020-07-16,Financials,0.76814
2020-07-16,Healthcare,0.34118
2020-07-16,Industrials,0.2866
2020-07-16,Materials,0.04046
2020-07-16,RealEstate,0.01714
2020-07-16,Tech,0.273
2020-07-16,Utilities,0.36432000000000003
2020-07-17,Comm,0.16440000000000002
2020-07-17,Consumer,0.32521999999999995
2020-07-17,Energy,0.35694
2020-07-17,Financials,0.22574
2020-07-17,Healthcare,0.24122
2020-07-17,Industrials,0.04074
2020-07-17,Materials,0.01032
2020-07-17,RealEstate,0.01714
2020-07-17,Tech,0.10846000000000003
2020-07-17,Utilities,0.11438
2020-07-20,Comm,0.028259999999999997
2020-07-20,Consumer,0.17556000000000002
2020-07-20,Energy,0.05434
2020-07-20,Financials,-0.04154
2020-07-20,Healthcare,-0.09996000000000002
2020-07-20,Industrials,-0.044919999999999995
2020-07-20,Materials,0.01032
2020-07-20,RealEstate,0.01714
2020-07-20,Tech,0.0070599999999999994
2020-07-20,Utilities,0.30619999999999997
2020-07-21,Comm,0.25427999999999995
2020-07-21,Consumer,0.39332
2020-07-21,Energy,0.37160000000000004
2020-07-21,Financials,0.26514
2020-07-21,Healthcare,0.17298
2020-07-21,Industrials,0.07623999999999997
2020-07-21,Materials,0.01032
2020-07-21,RealEstate,0.01714
2020-07-21,Tech,0.4962
2020-07-21,Utilities,0.07171999999999998
2020-07-22,Comm,0.35296000000000005
2020-07-22,Consumer,0.67438
2020-07-22,Energy,0.7112999999999999
2020-07-22,Financials,0.43334
2020-07-22,Healthcare,0.51436
2020-07-22,Industrials,0.3976
2020-07-22,Materials,0.01032
2020-07-22,RealEstate,0.10522000000000001
2020-07-22,Tech,0.51384
2020-07-22,Utilities,0.09125999999999998
2020-07-23,Comm,0.26414
2020-07-23,Consumer,0.24925999999999998
2020-07-23,Energy,0.30247999999999997
2020-07-23,Financials,0.23163999999999998
2020-07-23,Healthcare,0.64494
2020-07-23,Industrials,-0.05021999999999999
2020-07-23,Materials,0.06495999999999999
2020-07-23,RealEstate,0.18158
2020-07-23,Tech,0.43914
2020-07-23,Utilities,0.09125999999999998
2020-07-24,Comm,-0.12487999999999999
2020-07-24,Consumer,0.27592
2020-07-24,Energy,0.03416
2020-07-24,Financials,0.0
2020-07-24,Healthcare,-0.03259999999999998
2020-07-24,Industrials,0.18536
2020-07-24,Materials,-0.027119999999999995
2020-07-24,RealEstate,0.14728
2020-07-24,Tech,0.584
2020-07-24,Utilities,0.14896
2020-07-27,Comm,0.02634000000000001
2020-07-27,Consumer,-0.09363999999999999
2020-07-27,Energy,0.19098
2020-07-27,Financials,-0.06948
2020-07-27,Healthcare,0.32176
2020-07-27,Industrials,0.17946
2020-07-27,Materials,0.20804
2020-07-27,RealEstate,0.059199999999999996
2020-07-27,Tech,0.2942
2020-07-27,Utilities,0.4316
2020-07-28,Comm,0.029300000000000014
2020-07-28,Consumer,0.32436000000000004
2020-07-28,Energy,0.15892
2020-07-28,Financials,0.28862
2020-07-28,Healthcare,-0.036
2020-07-28,Industrials,0.31128
2020-07-28,Materials,0.09878
2020-07-28,RealEstate,0.1341
2020-07-28,Tech,0.61416
2020-07-28,Utilities,0.20072
2020-07-29,Comm,0.154
2020-07-29,Consumer,0.37751999999999997
2020-07-29,Energy,0.0706
2020-07-29,Financials,0.15642
2020-07-29,Healthcare,0.23094
2020-07-29,Industrials,0.02618
2020-07-29,Materials,0.16898
2020-07-29,RealEstate,0.1341
2020-07-29,Tech,0.4462400000000001
2020-07-29,Utilities,0.3731
2020-07-30,Comm,-0.09347999999999998
2020-07-30,Consumer,0.21476
2020-07-30,Energy,0.2604
2020-07-30,Financials,0.13832
2020-07-30,Healthcare,0.10556000000000001
2020-07-30,Industrials,0.44444
2020-07-30,Materials,0.13999999999999999
2020-07-30,RealEstate,0.12476000000000001
2020-07-30,Tech,0.77674
2020-07-30,Utilities,0.27942
2020-07-31,Comm,0.27024
2020-07-31,Consumer,0.43360000000000004
2020-07-31,Energy,0.2704
2020-07-31,Financials,0.31484
2020-07-31,Healthcare,0.02038
2020-07-31,Industrials,0.46315999999999996
2020-07-31,Materials,0.11424000000000004
2020-07-31,RealEstate,-0.09534000000000001
2020-07-31,Tech,0.26820000000000005
2020-07-31,Utilities,0.25294
2020-08-03,Comm,0.22018
2020-08-03,Consumer,0.19268000000000002
2020-08-03,Energy,-0.16086
2020-08-03,Financials,0.12305999999999999
2020-08-03,Healthcare,0.32717999999999997
2020-08-03,Industrials,0.043940000000000014
2020-08-03,Materials,0.11424000000000004
2020-08-03,RealEstate,0.02183999999999999
2020-08-03,Tech,0.22258
2020-08-03,Utilities,0.33194
2020-08-04,Comm,0.60812
2020-08-04,Consumer,0.35394000000000003
2020-08-04,Energy,-0.025739999999999996
2020-08-04,Financials,0.14346
2020-08-04,Healthcare,0.25895999999999997
2020-08-04,Industrials,-0.34626
2020-08-04,Materials,0.30297999999999997
2020-08-04,RealEstate,-0.01032
2020-08-04,Tech,0.6016
2020-08-04,Utilities,0.37473999999999996
2020-08-05,Comm,0.05852
2020-08-05,Consumer,0.45502000000000004
2020-08-05,Energy,0.08382
2020-08-05,Financials,0.06326000000000001
2020-08-05,Healthcare,0.15896
2020-08-05,Industrials,-0.20606
2020-08-05,Materials,0.20648
2020-08-05,RealEstate,-0.1302
2020-08-05,Tech,0.63748
2020-08-05,Utilities,0.38978
2020-08-06,Comm,0.25674
2020-08-06,Consumer,0.06694000000000001
2020-08-06,Energy,0.47598
2020-08-06,Financials,0.23864000000000002
2020-08-06,Healthcare,-0.017899999999999992
2020-08-06,Industrials,0.14278
2020-08-06,Materials,0.03865999999999999
2020-08-06,RealEstate,0.04887999999999999
2020-08-06,Tech,0.52366
2020-08-06,Utilities,0.07242
2020-08-07,Comm,0.37686000000000003
2020-08-07,Consumer,0.19982000000000003
2020-08-07,Energy,0.42354
2020-08-07,Financials,0.06332000000000002
2020-08-07,Healthcare,0.49394
2020-08-07,Industrials,0.25396
2020-08-07,Materials,0.18722
2020-08-07,RealEstate,0.0
2020-08-07,Tech,0.10664000000000003
2020-08-07,Utilities,0.19174
2020-08-10,Comm,0.27774
2020-08-10,Consumer,0.38842
2020-08-10,Energy,0.10928
2020-08-10,Financials,-0.07248000000000002
2020-08-10,Healthcare,0.48472
2020-08-10,Industrials,0.1621
2020-08-10,Materials,0.18722
2020-08-10,RealEstate,0.35462000000000005
2020-08-10,Tech,0.2989
2020-08-10,Utilities,0.09878
2020-08-11,Comm,0.38276
2020-08-11,Consumer,0.43251999999999996
2020-08-11,Energy,0.09184
2020-08-11,Financials,0.42328
2020-08-11,Healthcare,0.26294
2020-08-11,Industrials,0.0951
2020-08-11,Materials,0.29032
2020-08-11,RealEstate,0.29542
2020-08-11,Tech,0.36532
2020-08-11,Utilities,0.03406
2020-08-12,Comm,0.43658
2020-08-12,Consumer,0.39464
2020-08-12,Energy,0.3743
2020-08-12,Financials,0.45018
2020-08-12,Healthcare,0.10846
2020-08-12,Industrials,0.05184
2020-08-12,Materials,0.16294000000000003
2020-08-12,RealEstate,0.27368
2020-08-12,Tech,0.64976
2020-08-12,Utilities,0.17334
2020-08-13,Comm,0.3511
2020-08-13,Consumer,0.2646
2020-08-13,Energy,0.36106
2020-08-13,Financials,0.35962
2020-08-13,Healthcare,0.04046
2020-08-13,Industrials,-0.05082
2020-08-13,Materials,0.16294000000000003
2020-08-13,RealEstate,0.19329999999999997
2020-08-13,Tech,-0.07055999999999998
2020-08-13,Utilities,0.05464
2020-08-14,Comm,0.2502
2020-08-14,Consumer,0.23836
2020-08-14,Energy,0.2512
2020-08-14,Financials,-0.45384
2020-08-14,Healthcare,-0.13394
2020-08-14,Industrials,-0.20158
2020-08-14,Materials,0.16294000000000003
2020-08-14,RealEstate,0.19329999999999997
2020-08-14,Tech,0.14148
2020-08-14,Utilities,0.05464
2020-08-17,Comm,-0.06364
2020-08-17,Consumer,0.22843999999999998
2020-08-17,Energy,0.36846
2020-08-17,Financials,-0.050839999999999996
2020-08-17,Healthcare,0.04046
2020-08-17,Industrials,0.0803
2020-08-17,Materials,0.04046
2020-08-17,RealEstate,0.07636
2020-08-17,Tech,0.49354000000000003
2020-08-17,Utilities,0.25476
2020-08-18,Comm,0.27174
2020-08-18,Consumer,0.2892
2020-08-18,Energy,-0.07963999999999999
2020-08-18,Financials,0.11444000000000001
2020-08-18,Healthcare,0.3894
2020-08-18,Industrials,0.18392
2020-08-18,Materials,0.27136
2020-08-18,RealEstate,0.12738
2020-08-18,Tech,0.08838000000000001
2020-08-18,Utilities,0.3698
2020-08-19,Comm,0.09981999999999999
2020-08-19,Consumer,0.32911999999999997
2020-08-19,Energy,0.11383999999999998
2020-08-19,Financials,0.25196
2020-08-19,Healthcare,0.05618000000000001
2020-08-19,Industrials,0.46646
2020-08-19,Materials,0.15453999999999998
2020-08-19,RealEstate,0.28886
2020-08-19,Tech,0.21404
2020-08-19,Utilities,0.46132
2020-08-20,Comm,0.09981999999999999
2020-08-20,Consumer,0.50768
2020-08-20,Energy,0.17606
2020-08-20,Financials,0.0758
2020-08-20,Healthcare,0.37834
2020-08-20,Industrials,0.29788
2020-08-20,Materials,0.15453999999999998
2020-08-20,RealEstate,0.0
2020-08-20,Tech,0.15088
2020-08-20,Utilities,0.46132
2020-08-21,Comm,0.11368
2020-08-21,Consumer,0.32824
2020-08-21,Energy,0.20776
2020-08-21,Financials,0.48717999999999995
2020-08-21,Healthcare,0.008139999999999991
2020-08-21,Industrials,0.25854
2020-08-21,Materials,0.15453999999999998
2020-08-21,RealEstate,0.0
2020-08-21,Tech,0.18608000000000002
2020-08-21,Utilities,0.28959999999999997
2020-08-24,Comm,0.20171999999999998
2020-08-24,Consumer,0.44921999999999995
2020-08-24,Energy,0.15342
2020-08-24,Financials,0.57904
2020-08-24,Healthcare,0.10819999999999999
2020-08-24,Industrials,-0.0373
2020-08-24,Materials,0.12894
2020-08-24,RealEstate,-0.017159999999999998
2020-08-24,Tech,0.18962
2020-08-24,Utilities,0.3628
2020-08-25,Comm,0.0346
2020-08-25,Consumer,0.41411999999999993
2020-08-25,Energy,0.22009999999999996
2020-08-25,Financials,0.51544
2020-08-25,Healthcare,0.27466
2020-08-25,Industrials,0.47918000000000005
2020-08-25,Materials,0.1102
2020-08-25,RealEstate,-0.02054
2020-08-25,Tech,0.28708
2020-08-25,Utilities,0.16276
2020-08-26,Comm,-0.016159999999999997
2020-08-26,Consumer,0.06248
2020-08-26,Energy,0.15833999999999998
2020-08-26,Financials,0.49882
2020-08-26,Healthcare,0.36391999999999997
2020-08-26,Industrials,0.17524
2020-08-26,Materials,0.10022
2020-08-26,RealEstate,0.05
2020-08-26,Tech,0.18638000000000002
2020-08-26,Utilities,0.0886
2020-08-27,Comm,0.18148
2020-08-27,Consumer,0.37422
2020-08-27,Energy,0.30992
2020-08-27,Financials,0.29900000000000004
2020-08-27,Healthcare,0.09041999999999999
2020-08-27,Industrials,-0.0019399999999999973
2020-08-27,Materials,0.195
2020-08-27,RealEstate,0.09176
2020-08-27,Tech,0.32062
2020-08-27,Utilities,0.51164
2020-08-28,Comm,0.11682
2020-08-28,Consumer,0.19278
2020-08-28,Energy,-0.16340000000000002
2020-08-28,Financials,0.15808
2020-08-28,Healthcare,0.30198
2020-08-28,Industrials,0.28054
2020-08-28,Materials,0.1358
2020-08-28,RealEstate,0.24578000000000003
2020-08-28,Tech,0.38654
2020-08-28,Utilities,0.29644
2020-08-31,Comm,0.27
2020-08-31,Consumer,0.3296
2020-08-31,Energy,0.09069999999999999
2020-08-31,Financials,-0.1931
2020-08-31,Healthcare,-0.06495999999999999
2020-08-31,Industrials,0.19114
2020-08-31,Materials,0.05008
2020-08-31,RealEstate,0.11839999999999999
2020-08-31,Tech,0.48838
2020-08-31,Utilities,0.29644
2020-09-01,Comm,0.23912
2020-09-01,Consumer,0.17909999999999998
2020-09-01,Energy,0.07078000000000001
2020-09-01,Financials,0.11187999999999998
2020-09-01,Healthcare,0.3897
2020-09-01,Industrials,0.5474
2020-09-01,Materials,0.0
2020-09-01,RealEstate,0.30096
2020-09-01,Tech,0.53904
2020-09-01,Utilities,0.16706000000000001
2020-09-02,Comm,0.23125999999999997
2020-09-02,Consumer,0.38104
2020-09-02,Energy,0.12378
2020-09-02,Financials,0.12738
2020-09-02,Healthcare,0.32178
2020-09-02,Industrials,0.2734
2020-09-02,Materials,0.0
2020-09-02,RealEstate,0.04944
2020-09-02,Tech,0.18516
2020-09-02,Utilities,0.00516
2020-09-03,Comm,0.49104000000000003
2020-09-03,Consumer,0.54078
2020-09-03,Energy,0.0249
2020-09-03,Financials,0.2507
2020-09-03,Healthcare,-0.1763
2020-09-03,Industrials,0.33636
2020-09-03,Materials,0.0
2020-09-03,RealEstate,0.12168000000000001
2020-09-03,Tech,0.48638000000000003
2020-09-03,Utilities,0.35608
2020-09-04,Comm,0.34032
2020-09-04,Consumer,0.55266
2020-09-04,Energy,0.1634
2020-09-04,Financials,0.30962
2020-09-04,Healthcare,0.10149999999999999
2020-09-04,Industrials,0.22762000000000002
2020-09-04,Materials,0.03712
2020-09-04,RealEstate,0.12168000000000001
2020-09-04,Tech,0.46164000000000005
2020-09-04,Utilities,0.43396
2020-09-08,Comm,0.26878
2020-09-08,Consumer,0.061939999999999995
2020-09-08,Energy,0.049260000000000005
2020-09-08,Financials,-0.28334000000000004
2020-09-08,Healthcare,0.13862000000000002
2020-09-08,Industrials,0.08808
2020-09-08,Materials,0.059199999999999996
2020-09-08,RealEstate,0.22704
2020-09-08,Tech,0.40465999999999996
2020-09-08,Utilities,0.3325
2020-09-09,Comm,0.29312
2020-09-09,Consumer,0.58388
2020-09-09,Energy,0.02014
2020-09-09,Financials,0.18952000000000002
2020-09-09,Healthcare,0.22046000000000002
2020-09-09,Industrials,0.06758
2020-09-09,Materials,0.05
2020-09-09,RealEstate,0.28168000000000004
2020-09-09,Tech,0.51574
2020-09-09,Utilities,-0.027180000000000003
2020-09-10,Comm,0.32077999999999995
2020-09-10,Consumer,0.5055
2020-09-10,Energy,-0.0803
2020-09-10,Financials,-0.15252000000000002
2020-09-10,Healthcare,0.3127
2020-09-10,Industrials,0.09973999999999998
2020-09-10,Materials,0.05
2020-09-10,RealEstate,0.1567
2020-09-10,Tech,0.25220000000000004
2020-09-10,Utilities,-0.06996
2020-09-11,Comm,0.1941
2020-09-11,Consumer,0.25404
2020-09-11,Energy,0.14026
2020-09-11,Financials,0.01592
2020-09-11,Healthcare,0.352
2020-09-11,Industrials,0.1629
2020-09-11,Materials,0.11581999999999999
2020-09-11,RealEstate,0.1567
2020-09-11,Tech,0.45377999999999996
2020-09-11,Utilities,0.03932
2020-09-14,Comm,0.10386
2020-09-14,Consumer,0.28512
2020-09-14,Energy,0.34540000000000004
2020-09-14,Financials,-0.09458000000000001
2020-09-14,Healthcare,-0.09804
2020-09-14,Industrials,0.08565999999999999
2020-09-14,Materials,0.0066200000000000035
2020-09-14,RealEstate,-0.029879999999999997
2020-09-14,Tech,0.47962
2020-09-14,Utilities,0.03932
2020-09-15,Comm,0.18886
2020-09-15,Consumer,0.38782
2020-09-15,Energy,0.19894
2020-09-15,Financials,0.04758
2020-09-15,Healthcare,0.40031999999999995
2020-09-15,Industrials,0.19574
2020-09-15,Materials,0.0843
2020-09-15,RealEstate,0.22248
2020-09-15,Tech,0.4189
2020-09-15,Utilities,0.10176
2020-09-16,Comm,0.08924000000000001
2020-09-16,Consumer,0.2954
2020-09-16,Energy,0.18892
2020-09-16,Financials,0.28746
2020-09-16,Healthcare,0.23609999999999998
2020-09-16,Industrials,0.07072
2020-09-16,Materials,0.0843
2020-09-16,RealEstate,0.22616
2020-09-16,Tech,-0.14916000000000001
2020-09-16,Utilities,0.024639999999999995
2020-09-17,Comm,0.21151999999999999
2020-09-17,Consumer,0.46053999999999995
2020-09-17,Energy,0.4027
2020-09-17,Financials,-0.04545999999999999
2020-09-17,Healthcare,-0.08940000000000001
2020-09-17,Industrials,0.58226
2020-09-17,Materials,0.0
2020-09-17,RealEstate,0.12738
2020-09-17,Tech,0.2959
2020-09-17,Utilities,0.09396
2020-09-18,Comm,0.26444
2020-09-18,Consumer,0.75022
2020-09-18,Energy,0.32456
2020-09-18,Financials,0.17174
2020-09-18,Healthcare,0.15852
2020-09-18,Industrials,0.57968
2020-09-18,Materials,0.16065999999999997
2020-09-18,RealEstate,-0.12248
2020-09-18,Tech,0.5372399999999999
2020-09-18,Utilities,0.09396
2020-09-21,Comm,0.16648
2020-09-21,Consumer,-0.03306
2020-09-21,Energy,0.3505
2020-09-21,Financials,0.20532
2020-09-21,Healthcare,-0.06575999999999997
2020-09-21,Industrials,0.29795999999999995
2020-09-21,Materials,0.16065999999999997
2020-09-21,RealEstate,0.08808
2020-09-21,Tech,0.28768000000000005
2020-09-21,Utilities,-0.05464
2020-09-22,Comm,0.3373
2020-09-22,Consumer,-0.018740000000000024
2020-09-22,Energy,-0.00646000000000001
2020-09-22,Financials,0.14864
2020-09-22,Healthcare,-0.35995999999999995
2020-09-22,Industrials,0.03268000000000001
2020-09-22,Materials,0.29872
2020-09-22,RealEstate,0.08808
2020-09-22,Tech,0.29863999999999996
2020-09-22,Utilities,0.05684
2020-09-23,Comm,0.27314
2020-09-23,Consumer,0.62688
2020-09-23,Energy,0.15178
2020-09-23,Financials,0.09816
2020-09-23,Healthcare,0.24423999999999996
2020-09-23,Industrials,0.3327
2020-09-23,Materials,0.29872
2020-09-23,RealEstate,0.0
2020-09-23,Tech,0.24236
2020-09-23,Utilities,0.033440000000000004
2020-09-24,Comm,0.17548
2020-09-24,Consumer,0.3987
2020-09-24,Energy,0.20548000000000002
2020-09-24,Financials,0.2091
2020-09-24,Healthcare,0.22366000000000003
2020-09-24,Industrials,0.22934000000000002
2020-09-24,Materials,0.22236000000000003
2020-09-24,RealEstate,0.0
2020-09-24,Tech,0.28982
2020-09-24,Utilities,-0.05464
2020-09-25,Comm,0.28281999999999996
2020-09-25,Consumer,0.28248
2020-09-25,Energy,0.38536000000000004
2020-09-25,Financials,0.36866
2020-09-25,Healthcare,-0.14488
2020-09-25,Industrials,-0.06324
2020-09-25,Materials,0.27749999999999997
2020-09-25,RealEstate,0.0
2020-09-25,Tech,0.41074
2020-09-25,Utilities,0.0
2020-09-28,Comm,-0.015779999999999995
2020-09-28,Consumer,0.0002599999999999936
2020-09-28,Energy,0.02998
2020-09-28,Financials,0.21854
2020-09-28,Healthcare,0.12404
2020-09-28,Industrials,-0.08087999999999998
2020-09-28,Materials,0.16784000000000002
2020-09-28,RealEstate,0.0
2020-09-28,Tech,0.04184000000000001
2020-09-28,Utilities,0.0
2020-09-29,Comm,0.47468000000000005
2020-09-29,Consumer,0.20448000000000005
2020-09-29,Energy,0.24922
2020-09-29,Financials,0.58228
2020-09-29,Healthcare,0.33458
2020-09-29,Industrials,0.33566
2020-09-29,Materials,-0.03992
2020-09-29,RealEstate,0.04046
2020-09-29,Tech,0.75462
2020-09-29,Utilities,0.18248000000000003
2020-09-30,Comm,0.33306
2020-09-30,Consumer,0.62798
2020-09-30,Energy,0.40614
2020-09-30,Financials,-0.01661999999999999
2020-09-30,Healthcare,0.43822
2020-09-30,Industrials,0.15304
2020-09-30,Materials,-0.03992
2020-09-30,RealEstate,0.0
2020-09-30,Tech,0.5679000000000001
2020-09-30,Utilities,0.0598
2020-10-01,Comm,0.17758
2020-10-01,Consumer,0.59526
2020-10-01,Energy,0.013619999999999993
2020-10-01,Financials,-0.10398
2020-10-01,Healthcare,0.35704
2020-10-01,Industrials,0.50692
2020-10-01,Materials,-0.08038
2020-10-01,RealEstate,0.07636
2020-10-01,Tech,0.3924
2020-10-01,Utilities,0.47946
2020-10-02,Comm,0.08472
2020-10-02,Consumer,0.19586
2020-10-02,Energy,0.29372
2020-10-02,Financials,0.32772
2020-10-02,Healthcare,0.1633
2020-10-02,Industrials,0.64424
2020-10-02,Materials,-0.08038
2020-10-02,RealEstate,0.07636
2020-10-02,Tech,0.31604
2020-10-02,Utilities,0.27494
2020-10-05,Comm,-0.12972
2020-10-05,Consumer,0.44876000000000005
2020-10-05,Energy,0.58108
2020-10-05,Financials,0.6256
2020-10-05,Healthcare,0.11241999999999999
2020-10-05,Industrials,0.37004000000000004
2020-10-05,Materials,-0.08038
2020-10-05,RealEstate,0.07636
2020-10-05,Tech,0.37666000000000005
2020-10-05,Utilities,0.40514
2020-10-06,Comm,0.22643999999999997
2020-10-06,Consumer,0.3125
2020-10-06,Energy,0.62514
2020-10-06,Financials,0.39516
2020-10-06,Healthcare,0.32389999999999997
2020-10-06,Industrials,0.53146
2020-10-06,Materials,0.08442
2020-10-06,RealEstate,0.11438
2020-10-06,Tech,0.35208
2020-10-06,Utilities,0.5449200000000001
2020-10-07,Comm,0.189
2020-10-07,Consumer,0.54268
2020-10-07,Energy,0.09358000000000002
2020-10-07,Financials,0.43309999999999993
2020-10-07,Healthcare,0.15245999999999998
2020-10-07,Industrials,0.014599999999999991
2020-10-07,Materials,0.08442
2020-10-07,RealEstate,0.20246
2020-10-07,Tech,0.04592
2020-10-07,Utilities,0.51498
2020-10-08,Comm,0.35324
2020-10-08,Consumer,0.40274
2020-10-08,Energy,0.18886
2020-10-08,Financials,0.48868
2020-10-08,Healthcare,0.41624
2020-10-08,Industrials,0.03814000000000001
2020-10-08,Materials,-0.08038
2020-10-08,RealEstate,0.20246
2020-10-08,Tech,0.53402
2020-10-08,Utilities,0.38072
2020-10-09,Comm,-0.04669999999999999
2020-10-09,Consumer,0.28168000000000004
2020-10-09,Energy,0.53122
2020-10-09,Financials,0.42366000000000004
2020-10-09,Healthcare,-0.009600000000000004
2020-10-09,Industrials,0.1654
2020-10-09,Materials,-0.08038
2020-10-09,RealEstate,0.20246
2020-10-09,Tech,0.5393600000000001
2020-10-09,Utilities,0.15676
2020-10-12,Comm,0.40082000000000007
2020-10-12,Consumer,0.046139999999999994
2020-10-12,Energy,0.53122
2020-10-12,Financials,0.6089399999999999
2020-10-12,Healthcare,0.03920000000000001
2020-10-12,Industrials,0.31228
2020-10-12,Materials,-0.08038
2020-10-12,RealEstate,0.20246
2020-10-12,Tech,0.48475999999999997
2020-10-12,Utilities,0.23768000000000003
2020-10-13,Comm,-0.12798
2020-10-13,Consumer,0.758
2020-10-13,Energy,0.39146000000000003
2020-10-13,Financials,0.7135400000000001
2020-10-13,Healthcare,0.19494
2020-10-13,Industrials,0.17507999999999999
2020-10-13,Materials,0.08092
2020-10-13,RealEstate,0.11438
2020-10-13,Tech,0.43445999999999996
2020-10-13,Utilities,0.3879
2020-10-14,Comm,-0.24164
2020-10-14,Consumer,0.05018
2020-10-14,Energy,-0.12728
2020-10-14,Financials,0.42847999999999997
2020-10-14,Healthcare,-0.09069999999999999
2020-10-14,Industrials,0.45858
2020-10-14,Materials,0.08092
2020-10-14,RealEstate,0.11438
2020-10-14,Tech,0.12978
2020-10-14,Utilities,0.18822
2020-10-15,Comm,0.36104
2020-10-15,Consumer,0.24341999999999997
2020-10-15,Energy,0.05464
2020-10-15,Financials,0.54356
2020-10-15,Healthcare,0.12212
2020-10-15,Industrials,0.36310000000000003
2020-10-15,Materials,0.15764
2020-10-15,RealEstate,0.21971999999999997
2020-10-15,Tech,0.25158
2020-10-15,Utilities,0.32068
2020-10-16,Comm,0.41281999999999996
2020-10-16,Consumer,0.31314000000000003
2020-10-16,Energy,0.45671999999999996
2020-10-16,Financials,0.45766
2020-10-16,Healthcare,0.34186
2020-10-16,Industrials,0.24299999999999997
2020-10-16,Materials,0.16034
2020-10-16,RealEstate,0.21971999999999997
2020-10-16,Tech,0.46896000000000004
2020-10-16,Utilities,0.38042
2020-10-19,Comm,0.27321999999999996
2020-10-19,Consumer,0.45576
2020-10-19,Energy,0.36532
2020-10-19,Financials,0.6868399999999999
2020-10-19,Healthcare,0.23144
2020-10-19,Industrials,0.43802
2020-10-19,Materials,0.3206
2020-10-19,RealEstate,0.21971999999999997
2020-10-19,Tech,0.24100000000000002
2020-10-19,Utilities,0.38042
2020-10-20,Comm,0.48792
2020-10-20,Consumer,0.6578200000000001
2020-10-20,Energy,0.023439999999999996
2020-10-20,Financials,0.24712
2020-10-20,Healthcare,0.38466
2020-10-20,Industrials,0.57894
2020-10-20,Materials,0.52256
2020-10-20,RealEstate,0.21971999999999997
2020-10-20,Tech,0.11572
2020-10-20,Utilities,0.44272
2020-10-21,Comm,0.34614
2020-10-21,Consumer,0.5023799999999999
2020-10-21,Energy,0.13268
2020-10-21,Financials,0.53276
2020-10-21,Healthcare,0.54782
2020-10-21,Industrials,0.20903999999999998
2020-10-21,Materials,0.52256
2020-10-21,RealEstate,0.25072
2020-10-21,Tech,0.23266
2020-10-21,Utilities,0.21139999999999998
2020-10-22,Comm,0.31134
2020-10-22,Consumer,0.7006600000000001
2020-10-22,Energy,0.17666
2020-10-22,Financials,0.1989
2020-10-22,Healthcare,0.50554
2020-10-22,Industrials,0.10451999999999999
2020-10-22,Materials,0.34222
2020-10-22,RealEstate,0.30992
2020-10-22,Tech,0.32794
2020-10-22,Utilities,0.29012000000000004
2020-10-23,Comm,0.17836
2020-10-23,Consumer,0.10428
2020-10-23,Energy,0.21036000000000002
2020-10-23,Financials,0.12284000000000002
2020-10-23,Healthcare,0.29610000000000003
2020-10-23,Industrials,-0.08924
2020-10-23,Materials,0.45316
2020-10-23,RealEstate,0.025499999999999988
2020-10-23,Tech,0.58816
2020-10-23,Utilities,0.15596
2020-10-26,Comm,0.3336
2020-10-26,Consumer,0.57248
2020-10-26,Energy,-0.03002
2020-10-26,Financials,0.39615999999999996
2020-10-26,Healthcare,0.13006
2020-10-26,Industrials,0.39733999999999997
2020-10-26,Materials,0.36508
2020-10-26,RealEstate,0.025499999999999988
2020-10-26,Tech,0.53774
2020-10-26,Utilities,0.15811999999999998
2020-10-27,Comm,0.11146
2020-10-27,Consumer,0.28281999999999996
2020-10-27,Energy,0.15218
2020-10-27,Financials,0.2184
2020-10-27,Healthcare,0.20758000000000001
2020-10-27,Industrials,0.46098
2020-10-27,Materials,0.2452
2020-10-27,RealEstate,0.04009999999999998
2020-10-27,Tech,0.13677999999999998
2020-10-27,Utilities,0.03300000000000001
2020-10-28,Comm,-0.03403999999999998
2020-10-28,Consumer,0.14558
2020-10-28,Energy,0.025459999999999993
2020-10-28,Financials,0.038340000000000006
2020-10-28,Healthcare,0.24323999999999998
2020-10-28,Industrials,-0.16834
2020-10-28,Materials,0.2452
2020-10-28,RealEstate,0.04009999999999998
2020-10-28,Tech,0.29928
2020-10-28,Utilities,-0.0733
2020-10-29,Comm,0.15382
2020-10-29,Consumer,0.34872000000000003
2020-10-29,Energy,-0.2097
2020-10-29,Financials,0.22102
2020-10-29,Healthcare,0.25868
2020-10-29,Industrials,-0.030459999999999997
2020-10-29,Materials,0.2452
2020-10-29,RealEstate,0.14616
2020-10-29,Tech,0.46312
2020-10-29,Utilities,-0.12794
2020-10-30,Comm,0.39764
2020-10-30,Consumer,0.19314
2020-10-30,Energy,-0.29118
2020-10-30,Financials,0.15472000000000002
2020-10-30,Healthcare,0.5356
2020-10-30,Industrials,-0.20656
2020-10-30,Materials,0.33266
2020-10-30,RealEstate,0.05464
2020-10-30,Tech,0.37552
2020-10-30,Utilities,0.0040000000000000036
2020-11-02,Comm,0.33809999999999996
2020-11-02,Consumer,0.45027999999999996
2020-11-02,Energy,0.10091999999999998
2020-11-02,Financials,0.25044
2020-11-02,Healthcare,0.33142
2020-11-02,Industrials,0.09536000000000001
2020-11-02,Materials,0.33266
2020-11-02,RealEstate,0.05464
2020-11-02,Tech,0.25739999999999996
2020-11-02,Utilities,-0.01866
2020-11-03,Comm,0.0995
2020-11-03,Consumer,0.26555999999999996
2020-11-03,Energy,0.1522
2020-11-03,Financials,0.16577999999999998
2020-11-03,Healthcare,0.35228000000000004
2020-11-03,Industrials,0.49138000000000004
2020-11-03,Materials,0.3963
2020-11-03,RealEstate,0.05464
2020-11-03,Tech,0.343
2020-11-03,Utilities,0.007519999999999994
2020-11-04,Comm,-0.085
2020-11-04,Consumer,0.48111999999999994
2020-11-04,Energy,0.03058000000000003
2020-11-04,Financials,0.3785
2020-11-04,Healthcare,0.34804
2020-11-04,Industrials,0.41274
2020-11-04,Materials,0.44736000000000004
2020-11-04,RealEstate,0.05464
2020-11-04,Tech,0.27772
2020-11-04,Utilities,-0.06484000000000001
2020-11-05,Comm,-0.06808
2020-11-05,Consumer,0.35359999999999997
2020-11-05,Energy,0.41753999999999997
2020-11-05,Financials,0.51574
2020-11-05,Healthcare,0.42298
2020-11-05,Industrials,0.39648000000000005
2020-11-05,Materials,0.27016
2020-11-05,RealEstate,0.0
2020-11-05,Tech,0.49274000000000007
2020-11-05,Utilities,-0.22565999999999997
2020-11-06,Comm,0.05655999999999998
2020-11-06,Consumer,0.15811999999999998
2020-11-06,Energy,0.17456
2020-11-06,Financials,0.23176000000000002
2020-11-06,Healthcare,-0.02247999999999999
2020-11-06,Industrials,0.23818
2020-11-06,Materials,0.27016
2020-11-06,RealEstate,0.08038
2020-11-06,Tech,0.42184
2020-11-06,Utilities,0.22416
2020-11-09,Comm,0.49078
2020-11-09,Consumer,0.23606
2020-11-09,Energy,0.19261999999999999
2020-11-09,Financials,0.26424
2020-11-09,Healthcare,0.0
2020-11-09,Industrials,-0.06364
2020-11-09,Materials,0.25695999999999997
2020-11-09,RealEstate,0.09966
2020-11-09,Tech,0.38514
2020-11-09,Utilities,0.17712
2020-11-10,Comm,0.49256
2020-11-10,Consumer,0.18841999999999998
2020-11-10,Energy,0.54586
2020-11-10,Financials,0.20373999999999998
2020-11-10,Healthcare,0.34154
2020-11-10,Industrials,0.6105400000000001
2020-11-10,Materials,0.25695999999999997
2020-11-10,RealEstate,0.20396
2020-11-10,Tech,0.16684000000000002
2020-11-10,Utilities,0.14486
2020-11-11,Comm,0.00038000000000002474
2020-11-11,Consumer,0.28706
2020-11-11,Energy,-0.08839999999999996
2020-11-11,Financials,0.34374
2020-11-11,Healthcare,0.30358
2020-11-11,Industrials,0.35562000000000005
2020-11-11,Materials,0.11063999999999999
2020-11-11,RealEstate,0.20396
2020-11-11,Tech,0.10286
2020-11-11,Utilities,0.16392
2020-11-12,Comm,0.06338000000000002
2020-11-12,Consumer,0.28448
2020-11-12,Energy,0.059540000000000017
2020-11-12,Financials,0.47994000000000003
2020-11-12,Healthcare,0.16333999999999999
2020-11-12,Industrials,0.13774000000000003
2020-11-12,Materials,0.23339999999999997
2020-11-12,RealEstate,0.26724000000000003
2020-11-12,Tech,0.41113999999999995
2020-11-12,Utilities,0.15997999999999998
2020-11-13,Comm,0.3052
2020-11-13,Consumer,0.47569999999999996
2020-11-13,Energy,0.5687
2020-11-13,Financials,0.53416
2020-11-13,Healthcare,0.037380000000000004
2020-11-13,Industrials,0.0005999999999999894
2020-11-13,Materials,0.08808
2020-11-13,RealEstate,0.26724000000000003
2020-11-13,Tech,0.5293
2020-11-13,Utilities,0.38304
2020-11-16,Comm,0.4979
2020-11-16,Consumer,0.5604
2020-11-16,Energy,0.5172800000000001
2020-11-16,Financials,0.14386000000000002
2020-11-16,Healthcare,0.22648000000000001
2020-11-16,Industrials,0.17600000000000002
2020-11-16,Materials,0.23646000000000003
2020-11-16,RealEstate,0.16454
2020-11-16,Tech,0.19244
2020-11-16,Utilities,0.38304
2020-11-17,Comm,0.2512
2020-11-17,Consumer,0.5614600000000001
2020-11-17,Energy,0.6909
2020-11-17,Financials,0.45966000000000007
2020-11-17,Healthcare,0.07511999999999999
2020-11-17,Industrials,0.6028
2020-11-17,Materials,0.28564
2020-11-17,RealEstate,0.10533999999999999
2020-11-17,Tech,0.53904
2020-11-17,Utilities,0.10590000000000002
2020-11-18,Comm,0.27304
2020-11-18,Consumer,0.63906
2020-11-18,Energy,0.45582
2020-11-18,Financials,-0.029259999999999987
2020-11-18,Healthcare,-0.18178
2020-11-18,Industrials,0.14136
2020-11-18,Materials,0.27494
2020-11-18,RealEstate,0.10533999999999999
2020-11-18,Tech,0.62718
2020-11-18,Utilities,0.10590000000000002
2020-11-19,Comm,0.016720000000000002
2020-11-19,Consumer,0.59272
2020-11-19,Energy,0.43011999999999995
2020-11-19,Financials,0.24762
2020-11-19,Healthcare,0.30100000000000005
2020-11-19,Industrials,0.02632000000000001
2020-11-19,Materials,0.27494
2020-11-19,RealEstate,0.19341999999999998
2020-11-19,Tech,0.50378
2020-11-19,Utilities,0.16566
2020-11-20,Comm,-0.12191999999999999
2020-11-20,Consumer,0.16092
2020-11-20,Energy,0.40469999999999995
2020-11-20,Financials,0.33568
2020-11-20,Healthcare,0.28134000000000003
2020-11-20,Industrials,0.02510000000000001
2020-11-20,Materials,0.1706
2020-11-20,RealEstate,0.19341999999999998
2020-11-20,Tech,0.09814
2020-11-20,Utilities,-0.14794000000000002
2020-11-23,Comm,-0.10255999999999998
2020-11-23,Consumer,0.38404000000000005
2020-11-23,Energy,0.27276
2020-11-23,Financials,0.3351
2020-11-23,Healthcare,0.09966
2020-11-23,Industrials,0.15531999999999999
2020-11-23,Materials,0.1706
2020-11-23,RealEstate,0.19341999999999998
2020-11-23,Tech,0.3548
2020-11-23,Utilities,-0.0843
2020-11-24,Comm,-0.015960000000000002
2020-11-24,Consumer,0.7090799999999999
2020-11-24,Energy,0.0692
2020-11-24,Financials,0.08708
2020-11-24,Healthcare,0.6376000000000001
2020-11-24,Industrials,0.40852000000000005
2020-11-24,Materials,0.04046
2020-11-24,RealEstate,0.10533999999999999
2020-11-24,Tech,0.3459
2020-11-24,Utilities,0.052059999999999995
2020-11-25,Comm,0.030179999999999995
2020-11-25,Consumer,0.25734
2020-11-25,Energy,-0.27590000000000003
2020-11-25,Financials,0.41484
2020-11-25,Healthcare,0.36848000000000003
2020-11-25,Industrials,0.16904
2020-11-25,Materials,0.12854000000000002
2020-11-25,RealEstate,0.21971999999999997
2020-11-25,Tech,0.2408
2020-11-25,Utilities,0.17682
2020-11-27,Comm,0.28002000000000005
2020-11-27,Consumer,0.47919999999999996
2020-11-27,Energy,0.18602
2020-11-27,Financials,-0.04054
2020-11-27,Healthcare,0.08038
2020-11-27,Industrials,0.40621999999999997
2020-11-27,Materials,0.20122
2020-11-27,RealEstate,0.21971999999999997
2020-11-27,Tech,0.32552000000000003
2020-11-27,Utilities,0.2351
2020-11-30,Comm,0.30104
2020-11-30,Consumer,0.48922
2020-11-30,Energy,0.37338
2020-11-30,Financials,0.38096
2020-11-30,Healthcare,-0.0629
2020-11-30,Industrials,0.36426
2020-11-30,Materials,0.20122
2020-11-30,RealEstate,0.11039999999999998
2020-11-30,Tech,0.38926
2020-11-30,Utilities,0.25236000000000003
2020-12-01,Comm,0.30726
2020-12-01,Consumer,0.5123800000000001
2020-12-01,Energy,0.69504
2020-12-01,Financials,-0.09101999999999999
2020-12-01,Healthcare,0.3564
2020-12-01,Industrials,0.12597999999999998
2020-12-01,Materials,0.1613
2020-12-01,RealEstate,0.1343
2020-12-01,Tech,0.29436
2020-12-01,Utilities,0.193
2020-12-02,Comm,0.30114
2020-12-02,Consumer,0.48873999999999995
2020-12-02,Energy,0.31082
2020-12-02,Financials,0.42923999999999995
2020-12-02,Healthcare,0.08038
2020-12-02,Industrials,0.3304
2020-12-02,Materials,0.16294000000000003
2020-12-02,RealEstate,0.16183999999999998
2020-12-02,Tech,0.26274000000000003
2020-12-02,Utilities,0.24764
2020-12-03,Comm,0.11428
2020-12-03,Consumer,-0.004559999999999997
2020-12-03,Energy,0.44264000000000003
2020-12-03,Financials,0.10744000000000001
2020-12-03,Healthcare,0.57118
2020-12-03,Industrials,0.08158000000000001
2020-12-03,Materials,0.26592000000000005
2020-12-03,RealEstate,0.25873999999999997
2020-12-03,Tech,0.37178
2020-12-03,Utilities,0.36761999999999995
2020-12-04,Comm,0.36463999999999996
2020-12-04,Consumer,0.40878
2020-12-04,Energy,-0.012199999999999989
2020-12-04,Financials,0.33272
2020-12-04,Healthcare,0.47565999999999997
2020-12-04,Industrials,0.3507
2020-12-04,Materials,0.26592000000000005
2020-12-04,RealEstate,0.31794
2020-12-04,Tech,0.38024
2020-12-04,Utilities,0.36761999999999995
2020-12-07,Comm,0.50566
2020-12-07,Consumer,0.21056
2020-12-07,Energy,0.11982
2020-12-07,Financials,-0.04036000000000001
2020-12-07,Healthcare,0.51748
2020-12-07,Industrials,-0.00958000000000001
2020-12-07,Materials,0.26592000000000005
2020-12-07,RealEstate,0.24158
2020-12-07,Tech,0.48529999999999995
2020-12-07,Utilities,0.2794
2020-12-08,Comm,0.30518
2020-12-08,Consumer,0.34362
2020-12-08,Energy,0.41719999999999996
2020-12-08,Financials,0.16821999999999998
2020-12-08,Healthcare,0.17302
2020-12-08,Industrials,0.32714
2020-12-08,Materials,0.26592000000000005
2020-12-08,RealEstate,0.33692
2020-12-08,Tech,0.39304
2020-12-08,Utilities,0.28403999999999996
2020-12-09,Comm,0.11662000000000002
2020-12-09,Consumer,0.29938000000000003
2020-12-09,Energy,0.1803
2020-12-09,Financials,0.08686
2020-12-09,Healthcare,0.31718
2020-12-09,Industrials,-0.19354
2020-12-09,Materials,0.24032
2020-12-09,RealEstate,0.27772
2020-12-09,Tech,0.3518
2020-12-09,Utilities,0.29369999999999996
2020-12-10,Comm,0.44884
2020-12-10,Consumer,0.17171999999999998
2020-12-10,Energy,0.2571
2020-12-10,Financials,0.16766
2020-12-10,Healthcare,0.09364000000000001
2020-12-10,Industrials,-0.28704
2020-12-10,Materials,0.39408000000000004
2020-12-10,RealEstate,0.21488000000000002
2020-12-10,Tech,0.65624
2020-12-10,Utilities,0.46856
2020-12-11,Comm,0.28102
2020-12-11,Consumer,0.5004
2020-12-11,Energy,0.5331400000000001
2020-12-11,Financials,0.37161999999999995
2020-12-11,Healthcare,0.19746000000000002
2020-12-11,Industrials,0.022360000000000005
2020-12-11,Materials,0.32511999999999996
2020-12-11,RealEstate,0.21488000000000002
2020-12-11,Tech,0.5525599999999999
2020-12-11,Utilities,0.371
2020-12-14,Comm,0.2629
2020-12-14,Consumer,0.16048
2020-12-14,Energy,-0.49867999999999996
2020-12-14,Financials,0.3028
2020-12-14,Healthcare,0.48251999999999995
2020-12-14,Industrials,0.03745999999999998
2020-12-14,Materials,0.18168
2020-12-14,RealEstate,0.00516
2020-12-14,Tech,0.1139
2020-12-14,Utilities,0.32336
2020-12-15,Comm,0.37664
2020-12-15,Consumer,0.18638
2020-12-15,Energy,0.24794
2020-12-15,Financials,0.30872
2020-12-15,Healthcare,0.22508000000000003
2020-12-15,Industrials,0.37658
2020-12-15,Materials,0.18168
2020-12-15,RealEstate,0.08152
2020-12-15,Tech,0.3962
2020-12-15,Utilities,0.18409999999999999
2020-12-16,Comm,0.53878
2020-12-16,Consumer,0.58
2020-12-16,Energy,0.31718
2020-12-16,Financials,0.46952
2020-12-16,Healthcare,0.40774
2020-12-16,Industrials,0.43708
2020-12-16,Materials,0.0
2020-12-16,RealEstate,0.11383999999999998
2020-12-16,Tech,0.22126
2020-12-16,Utilities,0.18409999999999999
2020-12-17,Comm,0.35684
2020-12-17,Consumer,0.42786
2020-12-17,Energy,0.08152000000000001
2020-12-17,Financials,0.356
2020-12-17,Healthcare,0.64914
2020-12-17,Industrials,0.48262
2020-12-17,Materials,0.0
2020-12-17,RealEstate,0.21078000000000002
2020-12-17,Tech,0.18638000000000002
2020-12-17,Utilities,0.18409999999999999
2020-12-18,Comm,0.47614
2020-12-18,Consumer,0.2233
2020-12-18,Energy,0.11717999999999999
2020-12-18,Financials,0.73298
2020-12-18,Healthcare,0.22518
2020-12-18,Industrials,0.60352
2020-12-18,Materials,0.08808
2020-12-18,RealEstate,0.0
2020-12-18,Tech,0.5329200000000001
2020-12-18,Utilities,0.25236000000000003
2020-12-21,Comm,0.20026000000000002
2020-12-21,Consumer,0.77052
2020-12-21,Energy,-0.013360000000000006
2020-12-21,Financials,0.16956
2020-12-21,Healthcare,0.23304
2020-12-21,Industrials,0.20246
2020-12-21,Materials,0.09069999999999999
2020-12-21,RealEstate,0.09534000000000001
2020-12-21,Tech,0.44894
2020-12-21,Utilities,0.22616
2020-12-22,Comm,0.24876
2020-12-22,Consumer,0.45334
2020-12-22,Energy,0.32414
2020-12-22,Financials,-0.3991
2020-12-22,Healthcare,0.31738
2020-12-22,Industrials,0.56792
2020-12-22,Materials,0.30388000000000004
2020-12-22,RealEstate,0.14998
2020-12-22,Tech,0.49434000000000006
2020-12-22,Utilities,0.35313999999999995
2020-12-23,Comm,0.029559999999999996
2020-12-23,Consumer,0.07050000000000001
2020-12-23,Energy,-0.33952
2020-12-23,Financials,-0.03011999999999999
2020-12-23,Healthcare,-0.10884
2020-12-23,Industrials,0.30524
2020-12-23,Materials,0.12138
2020-12-23,RealEstate,0.14998
2020-12-23,Tech,0.41016
2020-12-23,Utilities,0.26696
2020-12-24,Comm,0.129
2020-12-24,Consumer,0.45754
2020-12-24,Energy,0.08402
2020-12-24,Financials,0.3139
2020-12-24,Healthcare,0.22876
2020-12-24,Industrials,0.47142
2020-12-24,Materials,0.12138
2020-12-24,RealEstate,0.14998
2020-12-24,Tech,0.43773999999999996
2020-12-24,Utilities,0.2624
2020-12-28,Comm,0.12266000000000002
2020-12-28,Consumer,0.6466000000000001
2020-12-28,Energy,0.30474
2020-12-28,Financials,0.38262
2020-12-28,Healthcare,0.32392000000000004
2020-12-28,Industrials,0.58224
2020-12-28,Materials,0.12138
2020-12-28,RealEstate,0.14272
2020-12-28,Tech,0.45248
2020-12-28,Utilities,0.2624
2020-12-29,Comm,0.07193999999999999
2020-12-29,Consumer,0.74032
2020-12-29,Energy,0.34308
2020-12-29,Financials,0.43332
2020-12-29,Healthcare,0.27886
2020-12-29,Industrials,0.5586
2020-12-29,Materials,0.04046
2020-12-29,RealEstate,0.0341
2020-12-29,Tech,0.55914
2020-12-29,Utilities,0.44510000000000005
2020-12-30,Comm,0.28278
2020-12-30,Consumer,0.55416
2020-12-30,Energy,0.23674
2020-12-30,Financials,-0.33083999999999997
2020-12-30,Healthcare,0.15484
2020-12-30,Industrials,0.36706000000000005
2020-12-30,Materials,0.1358
2020-12-30,RealEstate,0.05464
2020-12-30,Tech,-0.08043999999999998
2020-12-30,Utilities,0.44510000000000005
2020-12-31,Comm,0.35526
2020-12-31,Consumer,0.59164
2020-12-31,Energy,0.0364
2020-12-31,Financials,0.03512
2020-12-31,Healthcare,0.1613
2020-12-31,Industrials,0.21627999999999997
2020-12-31,Materials,0.19944
2020-12-31,RealEstate,0.0
2020-12-31,Tech,0.63626
2020-12-31,Utilities,0.35702
2021-01-04,Comm,0.47652
2021-01-04,Consumer,0.7527
2021-01-04,Energy,0.10868
2021-01-04,Financials,0.59878
2021-01-04,Healthcare,0.33608000000000005
2021-01-04,Industrials,0.21376
2021-01-04,Materials,0.21617999999999998
2021-01-04,RealEstate,0.12498000000000001
2021-01-04,Tech,0.42416
2021-01-04,Utilities,0.2701
2021-01-05,Comm,0.28016
2021-01-05,Consumer,0.22915999999999997
2021-01-05,Energy,0.23032
2021-01-05,Financials,0.5509000000000001
2021-01-05,Healthcare,0.39683999999999997
2021-01-05,Industrials,0.32589999999999997
2021-01-05,Materials,0.08808
2021-01-05,RealEstate,0.0
2021-01-05,Tech,0.43106
2021-01-05,Utilities,0.31174
2021-01-06,Comm,0.24698000000000003
2021-01-06,Consumer,0.24853999999999998
2021-01-06,Energy,0.22054
2021-01-06,Financials,0.50876
2021-01-06,Healthcare,0.5212
2021-01-06,Industrials,0.43406
2021-01-06,Materials,0.12264
2021-01-06,RealEstate,0.0
2021-01-06,Tech,0.31765999999999994
2021-01-06,Utilities,0.25476
2021-01-07,Comm,0.35296
2021-01-07,Consumer,0.346
2021-01-07,Energy,-0.10598
2021-01-07,Financials,0.62168
2021-01-07,Healthcare,0.14578000000000002
2021-01-07,Industrials,0.57926
2021-01-07,Materials,0.20693999999999999
2021-01-07,RealEstate,0.059199999999999996
2021-01-07,Tech,0.5769
2021-01-07,Utilities,0.25476
2021-01-08,Comm,0.34426
2021-01-08,Consumer,0.42458
2021-01-08,Energy,0.12430000000000001
2021-01-08,Financials,0.37328
2021-01-08,Healthcare,-0.013180000000000015
2021-01-08,Industrials,-0.04854000000000001
2021-01-08,Materials,0.0707
2021-01-08,RealEstate,0.059199999999999996
2021-01-08,Tech,0.14074
2021-01-08,Utilities,0.18202000000000002
2021-01-11,Comm,0.1288
2021-01-11,Consumer,0.49838000000000005
2021-01-11,Energy,0.32696
2021-01-11,Financials,0.46648000000000006
2021-01-11,Healthcare,-0.004600000000000004
2021-01-11,Industrials,-0.08834
2021-01-11,Materials,0.19358
2021-01-11,RealEstate,0.11383999999999998
2021-01-11,Tech,0.2274
2021-01-11,Utilities,0.36917999999999995
2021-01-12,Comm,0.4241400000000001
2021-01-12,Consumer,0.39814000000000005
2021-01-12,Energy,0.18563999999999997
2021-01-12,Financials,0.38704
2021-01-12,Healthcare,0.045620000000000015
2021-01-12,Industrials,-0.04710000000000001
2021-01-12,Materials,0.10593999999999999
2021-01-12,RealEstate,0.17246
2021-01-12,Tech,0.37088
2021-01-12,Utilities,0.31079999999999997
2021-01-13,Comm,0.043220000000000015
2021-01-13,Consumer,0.4758800000000001
2021-01-13,Energy,0.03074
2021-01-13,Financials,0.11372
2021-01-13,Healthcare,0.15612
2021-01-13,Industrials,0.36794
2021-01-13,Materials,0.15342
2021-01-13,RealEstate,0.13677999999999998
2021-01-13,Tech,0.25898000000000004
2021-01-13,Utilities,0.43915999999999994
2021-01-14,Comm,-0.014939999999999998
2021-01-14,Consumer,0.40469999999999995
2021-01-14,Energy,0.36668
2021-01-14,Financials,0.27759999999999996
2021-01-14,Healthcare,0.29464
2021-01-14,Industrials,0.41244
2021-01-14,Materials,0.09878
2021-01-14,RealEstate,0.25606
2021-01-14,Tech,0.5259400000000001
2021-01-14,Utilities,0.22418
2021-01-15,Comm,0.09888
2021-01-15,Consumer,0.28184
2021-01-15,Energy,0.23156
2021-01-15,Financials,0.05706
2021-01-15,Healthcare,0.22643999999999997
2021-01-15,Industrials,0.44444
2021-01-15,Materials,0.09878
2021-01-15,RealEstate,0.19685999999999998
2021-01-15,Tech,0.51728
2021-01-15,Utilities,0.07558000000000001
2021-01-19,Comm,0.11454
2021-01-19,Consumer,0.48804
2021-01-19,Energy,0.45562
2021-01-19,Financials,0.72216
2021-01-19,Healthcare,0.15411999999999998
2021-01-19,Industrials,0.07342
2021-01-19,Materials,0.09878
2021-01-19,RealEstate,0.24176000000000003
2021-01-19,Tech,0.47786
2021-01-19,Utilities,0.24001999999999998
2021-01-20,Comm,0.2617
2021-01-20,Consumer,0.28336
2021-01-20,Energy,0.42674
2021-01-20,Financials,0.61844
2021-01-20,Healthcare,0.19478
2021-01-20,Industrials,-0.06751999999999998
2021-01-20,Materials,-0.07134000000000003
2021-01-20,RealEstate,0.12738
2021-01-20,Tech,0.38382000000000005
2021-01-20,Utilities,0.14272
2021-01-21,Comm,-0.25994
2021-01-21,Consumer,-0.28274
2021-01-21,Energy,0.29118000000000005
2021-01-21,Financials,0.32595999999999997
2021-01-21,Healthcare,0.44382
2021-01-21,Industrials,0.059199999999999996
2021-01-21,Materials,0.030779999999999995
2021-01-21,RealEstate,0.18712
2021-01-21,Tech,0.48428000000000004
2021-01-21,Utilities,0.12854000000000002
2021-01-22,Comm,-0.25292
2021-01-22,Consumer,-0.018459999999999987
2021-01-22,Energy,-0.34290000000000004
2021-01-22,Financials,0.2552
2021-01-22,Healthcare,0.2083
2021-01-22,Industrials,0.07438
2021-01-22,Materials,-0.017220000000000003
2021-01-22,RealEstate,0.18712
2021-01-22,Tech,0.61362
2021-01-22,Utilities,0.12854000000000002
2021-01-25,Comm,0.11674
2021-01-25,Consumer,0.25066
2021-01-25,Energy,0.20682
2021-01-25,Financials,0.14986000000000002
2021-01-25,Healthcare,0.12738
2021-01-25,Industrials,0.04329999999999999
2021-01-25,Materials,0.05502
2021-01-25,RealEstate,0.18712
2021-01-25,Tech,0.21080000000000002
2021-01-25,Utilities,0.09966
2021-01-26,Comm,0.3545
2021-01-26,Consumer,0.21902
2021-01-26,Energy,0.27149999999999996
2021-01-26,Financials,0.42018000000000005
2021-01-26,Healthcare,0.16794
2021-01-26,Industrials,0.42898
2021-01-26,Materials,0.0679
2021-01-26,RealEstate,0.34240000000000004
2021-01-26,Tech,0.5424
2021-01-26,Utilities,0.23411999999999997
2021-01-27,Comm,0.025820000000000003
2021-01-27,Consumer,0.2852
2021-01-27,Energy,0.4963
2021-01-27,Financials,0.55216
2021-01-27,Healthcare,-0.09646
2021-01-27,Industrials,0.7066600000000001
2021-01-27,Materials,-0.02994
2021-01-27,RealEstate,0.4016
2021-01-27,Tech,0.53876
2021-01-27,Utilities,0.21748000000000003
2021-01-28,Comm,-0.020239999999999998
2021-01-28,Consumer,0.18164
2021-01-28,Energy,0.40976
2021-01-28,Financials,-0.01752
2021-01-28,Healthcare,0.30964
2021-01-28,Industrials,0.036520000000000004
2021-01-28,Materials,-0.039779999999999996
2021-01-28,RealEstate,0.39228
2021-01-28,Tech,0.61932
2021-01-28,Utilities,0.3379
2021-01-29,Comm,0.59914
2021-01-29,Consumer,0.37017999999999995
2021-01-29,Energy,0.36025999999999997
2021-01-29,Financials,0.22746
2021-01-29,Healthcare,0.28368
2021-01-29,Industrials,0.34448
2021-01-29,Materials,0.25868
2021-01-29,RealEstate,0.25458
2021-01-29,Tech,0.11238000000000001
2021-01-29,Utilities,0.27198
2021-02-01,Comm,0.21118
2021-02-01,Consumer,0.41802
2021-02-01,Energy,-0.40878
2021-02-01,Financials,0.35074
2021-02-01,Healthcare,-0.11467999999999998
2021-02-01,Industrials,0.50832
2021-02-01,Materials,0.1102
2021-02-01,RealEstate,0.13542
2021-02-01,Tech,0.34518
2021-02-01,Utilities,0.15324
2021-02-02,Comm,0.5861799999999999
2021-02-02,Consumer,0.15846
2021-02-02,Energy,0.40001999999999993
2021-02-02,Financials,0.29574
2021-02-02,Healthcare,0.34972000000000003
2021-02-02,Industrials,-0.07638
2021-02-02,Materials,0.08038
2021-02-02,RealEstate,0.18418
2021-02-02,Tech,0.6581400000000001
2021-02-02,Utilities,0.18166
2021-02-03,Comm,0.24164
2021-02-03,Consumer,0.44154
2021-02-03,Energy,0.1613
2021-02-03,Financials,0.46102
2021-02-03,Healthcare,0.3295
2021-02-03,Industrials,0.17212
2021-02-03,Materials,0.08038
2021-02-03,RealEstate,0.09966
2021-02-03,Tech,0.5695
2021-02-03,Utilities,0.2363
2021-02-04,Comm,0.06658
2021-02-04,Consumer,0.17819999999999997
2021-02-04,Energy,0.00830000000000002
2021-02-04,Financials,0.43654000000000004
2021-02-04,Healthcare,0.30326
2021-02-04,Industrials,0.28156
2021-02-04,Materials,0.02064
2021-02-04,RealEstate,0.22296
2021-02-04,Tech,0.58818
2021-02-04,Utilities,0.055339999999999986
2021-02-05,Comm,-0.009980000000000011
2021-02-05,Consumer,0.29562
2021-02-05,Energy,0.19405999999999998
2021-02-05,Financials,-0.11932000000000001
2021-02-05,Healthcare,0.0118
2021-02-05,Industrials,0.40465999999999996
2021-02-05,Materials,0.02064
2021-02-05,RealEstate,0.12084000000000002
2021-02-05,Tech,0.40996000000000005
2021-02-05,Utilities,0.26656
2021-02-08,Comm,0.01058
2021-02-08,Consumer,-0.45552000000000004
2021-02-08,Energy,0.12662
2021-02-08,Financials,0.12635999999999997
2021-02-08,Healthcare,0.5341400000000001
2021-02-08,Industrials,0.10129999999999999
2021-02-08,Materials,0.01032
2021-02-08,RealEstate,0.19476
2021-02-08,Tech,0.51632
2021-02-08,Utilities,0.30996
2021-02-09,Comm,0.027639999999999998
2021-02-09,Consumer,0.43027999999999994
2021-02-09,Energy,0.18894
2021-02-09,Financials,0.08381999999999999
2021-02-09,Healthcare,0.02372000000000001
2021-02-09,Industrials,0.4889
2021-02-09,Materials,0.08453999999999999
2021-02-09,RealEstate,0.28978000000000004
2021-02-09,Tech,0.40472
2021-02-09,Utilities,0.32280000000000003
2021-02-10,Comm,0.13240000000000002
2021-02-10,Consumer,0.26894
2021-02-10,Energy,0.33687999999999996
2021-02-10,Financials,0.009739999999999993
2021-02-10,Healthcare,0.35768000000000005
2021-02-10,Industrials,0.22010000000000002
2021-02-10,Materials,0.2807
2021-02-10,RealEstate,0.22214
2021-02-10,Tech,0.39006
2021-02-10,Utilities,0.37744
2021-02-11,Comm,-0.0982
2021-02-11,Consumer,0.4328
2021-02-11,Energy,0.1678
2021-02-11,Financials,-0.06562000000000001
2021-02-11,Healthcare,0.31264000000000003
2021-02-11,Industrials,0.14764
2021-02-11,Materials,0.37245999999999996
2021-02-11,RealEstate,0.22214
2021-02-11,Tech,0.29460000000000003
2021-02-11,Utilities,0.32938
2021-02-12,Comm,0.30326
2021-02-12,Consumer,0.50804
2021-02-12,Energy,0.10528
2021-02-12,Financials,0.21679999999999996
2021-02-12,Healthcare,-0.02014
2021-02-12,Industrials,-0.055339999999999986
2021-02-12,Materials,0.37245999999999996
2021-02-12,RealEstate,0.08808
2021-02-12,Tech,0.44814
2021-02-12,Utilities,-0.018379999999999997
2021-02-16,Comm,0.24108000000000002
2021-02-16,Consumer,0.23034
2021-02-16,Energy,0.07342
2021-02-16,Financials,0.025739999999999996
2021-02-16,Healthcare,0.13758
2021-02-16,Industrials,0.43542000000000003
2021-02-16,Materials,0.37245999999999996
2021-02-16,RealEstate,0.5176999999999999
2021-02-16,Tech,0.38328
2021-02-16,Utilities,0.27027999999999996
2021-02-17,Comm,0.49992000000000003
2021-02-17,Consumer,0.39504
2021-02-17,Energy,0.39825999999999995
2021-02-17,Financials,0.30938
2021-02-17,Healthcare,0.1997
2021-02-17,Industrials,-0.30522
2021-02-17,Materials,0.19554
2021-02-17,RealEstate,0.55984
2021-02-17,Tech,0.2447
2021-02-17,Utilities,0.48624
2021-02-18,Comm,0.28142
2021-02-18,Consumer,0.3049
2021-02-18,Energy,-0.04786
2021-02-18,Financials,0.57802
2021-02-18,Healthcare,0.27706
2021-02-18,Industrials,-0.17458
2021-02-18,Materials,0.23712
2021-02-18,RealEstate,0.34438
2021-02-18,Tech,0.47292000000000006
2021-02-18,Utilities,0.40628000000000003
2021-02-19,Comm,0.2753
2021-02-19,Consumer,0.42922000000000005
2021-02-19,Energy,0.31938
2021-02-19,Financials,0.27046000000000003
2021-02-19,Healthcare,0.18250000000000002
2021-02-19,Industrials,0.16025999999999999
2021-02-19,Materials,0.37098
2021-02-19,RealEstate,0.34438
2021-02-19,Tech,0.18246
2021-02-19,Utilities,0.33538
2021-02-22,Comm,0.18639999999999998
2021-02-22,Consumer,0.46790000000000004
2021-02-22,Energy,0.61034
2021-02-22,Financials,0.33764000000000005
2021-02-22,Healthcare,0.2817
2021-02-22,Industrials,0.31022
2021-02-22,Materials,0.28700000000000003
2021-02-22,RealEstate,0.068
2021-02-22,Tech,0.35760000000000003
2021-02-22,Utilities,0.48034
2021-02-23,Comm,0.25806
2021-02-23,Consumer,0.41218000000000005
2021-02-23,Energy,0.49516
2021-02-23,Financials,0.07014000000000001
2021-02-23,Healthcare,0.3696
2021-02-23,Industrials,0.2897
2021-02-23,Materials,-0.05005999999999999
2021-02-23,RealEstate,0.0
2021-02-23,Tech,0.48125999999999997
2021-02-23,Utilities,0.4793
2021-02-24,Comm,0.45716
2021-02-24,Consumer,0.43278
2021-02-24,Energy,0.5422
2021-02-24,Financials,0.07866
2021-02-24,Healthcare,0.07718
2021-02-24,Industrials,0.22474
2021-02-24,Materials,0.04975999999999999
2021-02-24,RealEstate,0.04046
2021-02-24,Tech,0.63642
2021-02-24,Utilities,0.32595999999999997
2021-02-25,Comm,0.0029799999999999827
2021-02-25,Consumer,0.19036
2021-02-25,Energy,0.03724000000000001
2021-02-25,Financials,0.26882
2021-02-25,Healthcare,0.19962
2021-02-25,Industrials,-0.11850000000000001
2021-02-25,Materials,-0.03062
2021-02-25,RealEstate,0.068
2021-02-25,Tech,0.40114
2021-02-25,Utilities,0.05008
2021-02-26,Comm,0.0050000000000000044
2021-02-26,Consumer,0.41098
2021-02-26,Energy,0.12366000000000002
2021-02-26,Financials,0.52536
2021-02-26,Healthcare,0.43390000000000006
2021-02-26,Industrials,0.04735999999999998
2021-02-26,Materials,0.0
2021-02-26,RealEstate,0.12738
2021-02-26,Tech,0.14479999999999998
2021-02-26,Utilities,0.05464
2021-03-01,Comm,0.17753999999999998
2021-03-01,Consumer,0.3717
2021-03-01,Energy,0.14272
2021-03-01,Financials,0.22426000000000004
2021-03-01,Healthcare,0.005580000000000003
2021-03-01,Industrials,0.052660000000000005
2021-03-01,Materials,0.059199999999999996
2021-03-01,RealEstate,0.07034
2021-03-01,Tech,0.19952
2021-03-01,Utilities,-0.059199999999999996
2021-03-02,Comm,0.10173999999999998
2021-03-02,Consumer,0.52304
2021-03-02,Energy,0.6227199999999999
2021-03-02,Financials,0.21456
2021-03-02,Healthcare,0.30434
2021-03-02,Industrials,0.2184
2021-03-02,Materials,0.055339999999999986
2021-03-02,RealEstate,0.46886
2021-03-02,Tech,0.35884
2021-03-02,Utilities,0.037380000000000004
2021-03-03,Comm,0.27152000000000004
2021-03-03,Consumer,0.19
2021-03-03,Energy,0.05106000000000001
2021-03-03,Financials,0.58062
2021-03-03,Healthcare,0.45686
2021-03-03,Industrials,-0.014419999999999999
2021-03-03,Materials,0.055339999999999986
2021-03-03,RealEstate,0.34148
2021-03-03,Tech,0.049420000000000006
2021-03-03,Utilities,-0.07003999999999999
2021-03-04,Comm,0.18672
2021-03-04,Consumer,0.25945999999999997
2021-03-04,Energy,0.2915
2021-03-04,Financials,0.0050000000000000044
2021-03-04,Healthcare,0.43006
2021-03-04,Industrials,0.1593
2021-03-04,Materials,0.055339999999999986
2021-03-04,RealEstate,0.00516
2021-03-04,Tech,0.28208
2021-03-04,Utilities,0.029620000000000014
2021-03-05,Comm,0.20973999999999998
2021-03-05,Consumer,-0.11806000000000001
2021-03-05,Energy,0.27544
2021-03-05,Financials,0.15598
2021-03-05,Healthcare,0.0070599999999999994
2021-03-05,Industrials,0.29181999999999997
2021-03-05,Materials,0.16454
2021-03-05,RealEstate,0.11148
2021-03-05,Tech,0.21136
2021-03-05,Utilities,0.23264
2021-03-08,Comm,0.18041999999999997
2021-03-08,Consumer,0.36168
2021-03-08,Energy,0.36541999999999997
2021-03-08,Financials,0.3056
2021-03-08,Healthcare,-0.11594
2021-03-08,Industrials,0.009020000000000005
2021-03-08,Materials,0.068
2021-03-08,RealEstate,0.0
2021-03-08,Tech,0.31036
2021-03-08,Utilities,0.22671999999999998
2021-03-09,Comm,0.02659999999999999
2021-03-09,Consumer,0.22662
2021-03-09,Energy,0.31572
2021-03-09,Financials,0.16978
2021-03-09,Healthcare,0.21915999999999997
2021-03-09,Industrials,0.40518
2021-03-09,Materials,0.17908
2021-03-09,RealEstate,0.22386
2021-03-09,Tech,0.5393
2021-03-09,Utilities,0.10588
2021-03-10,Comm,0.33566
2021-03-10,Consumer,0.35426
2021-03-10,Energy,-0.07968000000000001
2021-03-10,Financials,0.07764
2021-03-10,Healthcare,0.059199999999999996
2021-03-10,Industrials,0.50618
2021-03-10,Materials,0.11988000000000001
2021-03-10,RealEstate,0.22386
2021-03-10,Tech,0.07762
2021-03-10,Utilities,0.0468
2021-03-11,Comm,0.24026
2021-03-11,Consumer,0.36463999999999996
2021-03-11,Energy,0.28328
2021-03-11,Financials,0.31248
2021-03-11,Healthcare,0.20288
2021-03-11,Industrials,-0.20506000000000002
2021-03-11,Materials,0.20544
2021-03-11,RealEstate,0.25944
2021-03-11,Tech,0.27090000000000003
2021-03-11,Utilities,0.23768000000000003
2021-03-12,Comm,0.30932
2021-03-12,Consumer,0.37078
2021-03-12,Energy,0.52962
2021-03-12,Financials,0.24486
2021-03-12,Healthcare,-0.14040000000000002
2021-03-12,Industrials,0.46563999999999994
2021-03-12,Materials,0.25402
2021-03-12,RealEstate,0.32308
2021-03-12,Tech,0.34198
2021-03-12,Utilities,0.23768000000000003
2021-03-15,Comm,0.19826000000000002
2021-03-15,Consumer,0.39662000000000003
2021-03-15,Energy,0.46243999999999996
2021-03-15,Financials,0.22552000000000003
2021-03-15,Healthcare,-0.23824
2021-03-15,Industrials,0.5947199999999999
2021-03-15,Materials,0.22513999999999998
2021-03-15,RealEstate,0.08768000000000001
2021-03-15,Tech,0.35722
2021-03-15,Utilities,0.30992000000000003
2021-03-16,Comm,0.19152
2021-03-16,Consumer,0.72626
2021-03-16,Energy,0.45502000000000004
2021-03-16,Financials,0.41692
2021-03-16,Healthcare,0.49623999999999996
2021-03-16,Industrials,0.53362
2021-03-16,Materials,0.16594
2021-03-16,RealEstate,0.3514
2021-03-16,Tech,0.31118
2021-03-16,Utilities,0.4082800000000001
2021-03-17,Comm,0.19822
2021-03-17,Consumer,0.4355399999999999
2021-03-17,Energy,0.06806000000000001
2021-03-17,Financials,0.07651999999999999
2021-03-17,Healthcare,0.33104
2021-03-17,Industrials,0.10998000000000001
2021-03-17,Materials,0.08556
2021-03-17,RealEstate,0.10354000000000001
2021-03-17,Tech,-0.01531999999999999
2021-03-17,Utilities,0.26124
2021-03-18,Comm,0.19004
2021-03-18,Consumer,0.36776
2021-03-18,Energy,0.22818
2021-03-18,Financials,0.30916
2021-03-18,Healthcare,0.24574
2021-03-18,Industrials,-0.008620000000000006
2021-03-18,Materials,0.14020000000000002
2021-03-18,RealEstate,-0.03598
2021-03-18,Tech,0.51366
2021-03-18,Utilities,0.26124
2021-03-19,Comm,-0.05923999999999998
2021-03-19,Consumer,0.32822
2021-03-19,Energy,0.015660000000000007
2021-03-19,Financials,0.21642
2021-03-19,Healthcare,0.19083999999999998
2021-03-19,Industrials,0.020120000000000006
2021-03-19,Materials,0.14020000000000002
2021-03-19,RealEstate,0.17936000000000002
2021-03-19,Tech,0.36956
2021-03-19,Utilities,0.18666
2021-03-22,Comm,0.23836
2021-03-22,Consumer,0.29246
2021-03-22,Energy,0.52568
2021-03-22,Financials,0.03812000000000002
2021-03-22,Healthcare,0.36713999999999997
2021-03-22,Industrials,-0.09031999999999998
2021-03-22,Materials,0.12264
2021-03-22,RealEstate,0.17936000000000002
2021-03-22,Tech,0.2932
2021-03-22,Utilities,0.18666
2021-03-23,Comm,0.04826
2021-03-23,Consumer,0.28144
2021-03-23,Energy,0.21434000000000003
2021-03-23,Financials,0.49358
2021-03-23,Healthcare,0.25084
2021-03-23,Industrials,0.18906
2021-03-23,Materials,0.131
2021-03-23,RealEstate,0.17936000000000002
2021-03-23,Tech,0.3894
2021-03-23,Utilities,0.18666
2021-03-24,Comm,0.19413999999999998
2021-03-24,Consumer,0.32172
2021-03-24,Energy,-0.53796
2021-03-24,Financials,0.38520000000000004
2021-03-24,Healthcare,0.11446
2021-03-24,Industrials,0.07610000000000001
2021-03-24,Materials,-0.05
2021-03-24,RealEstate,0.025019999999999997
2021-03-24,Tech,0.41150000000000003
2021-03-24,Utilities,0.1072
2021-03-25,Comm,0.31466
2021-03-25,Consumer,0.5319200000000001
2021-03-25,Energy,-0.12308
2021-03-25,Financials,0.42606
2021-03-25,Healthcare,0.17994000000000002
2021-03-25,Industrials,-0.009060000000000012
2021-03-25,Materials,0.05464
2021-03-25,RealEstate,0.025019999999999997
2021-03-25,Tech,0.2624
2021-03-25,Utilities,0.1072
2021-03-26,Comm,-0.01544
2021-03-26,Consumer,0.02345999999999999
2021-03-26,Energy,0.23445999999999997
2021-03-26,Financials,0.11617999999999999
2021-03-26,Healthcare,0.14908000000000002
2021-03-26,Industrials,-0.009060000000000012
2021-03-26,Materials,0.18436
2021-03-26,RealEstate,0.15088
2021-03-26,Tech,0.08946
2021-03-26,Utilities,0.24753999999999995
2021-03-29,Comm,0.011619999999999986
2021-03-29,Consumer,-0.14148
2021-03-29,Energy,0.58304
2021-03-29,Financials,0.52722
2021-03-29,Healthcare,0.008819999999999991
2021-03-29,Industrials,0.13328
2021-03-29,Materials,0.011319999999999997
2021-03-29,RealEstate,0.15088
2021-03-29,Tech,0.27766
2021-03-29,Utilities,0.30674
2021-03-30,Comm,0.37714
2021-03-30,Consumer,0.88202
2021-03-30,Energy,0.32462
2021-03-30,Financials,0.15096000000000004
2021-03-30,Healthcare,0.5454399999999999
2021-03-30,Industrials,0.50954
2021-03-30,Materials,0.011319999999999997
2021-03-30,RealEstate,0.11878
2021-03-30,Tech,0.53842
2021-03-30,Utilities,0.31239999999999996
2021-03-31,Comm,0.14892
2021-03-31,Consumer,0.3641
2021-03-31,Energy,0.38672000000000006
2021-03-31,Financials,0.18539999999999998
2021-03-31,Healthcare,0.22311999999999999
2021-03-31,Industrials,0.20953999999999998
2021-03-31,Materials,0.011319999999999997
2021-03-31,RealEstate,0.08668
2021-03-31,Tech,0.49376
2021-03-31,Utilities,0.32784
2021-04-01,Comm,0.04046
2021-04-01,Consumer,0.35308
2021-04-01,Energy,0.37192000000000003
2021-04-01,Financials,0.29752
2021-04-01,Healthcare,0.13640000000000002
2021-04-01,Industrials,0.44374
2021-04-01,Materials,0.12972
2021-04-01,RealEstate,0.08668
2021-04-01,Tech,0.39726
2021-04-01,Utilities,0.13502
2021-04-05,Comm,0.11778
2021-04-05,Consumer,0.21318
2021-04-05,Energy,-0.4438000000000001
2021-04-05,Financials,0.40700000000000003
2021-04-05,Healthcare,0.02422
2021-04-05,Industrials,0.20518
2021-04-05,Materials,0.0
2021-04-05,RealEstate,0.027839999999999993
2021-04-05,Tech,0.20862000000000003
2021-04-05,Utilities,0.2465
2021-04-06,Comm,0.6818799999999999
2021-04-06,Consumer,0.43423999999999996
2021-04-06,Energy,0.10233999999999999
2021-04-06,Financials,0.5255799999999999
2021-04-06,Healthcare,0.47686
2021-04-06,Industrials,0.56602
2021-04-06,Materials,0.10963999999999999
2021-04-06,RealEstate,-0.08364000000000002
2021-04-06,Tech,0.5460200000000001
2021-04-06,Utilities,0.18966
2021-04-07,Comm,0.48512000000000005
2021-04-07,Consumer,0.56566
2021-04-07,Energy,0.08629999999999997
2021-04-07,Financials,-0.04160000000000001
2021-04-07,Healthcare,0.4243
2021-04-07,Industrials,-0.030459999999999997
2021-04-07,Materials,0.14522
2021-04-07,RealEstate,0.07053999999999998
2021-04-07,Tech,0.3002
2021-04-07,Utilities,0.10928
2021-04-08,Comm,0.22688000000000003
2021-04-08,Consumer,0.03841999999999999
2021-04-08,Energy,-0.10456000000000001
2021-04-08,Financials,0.22271999999999997
2021-04-08,Healthcare,0.2877
2021-04-08,Industrials,0.13434000000000001
2021-04-08,Materials,-0.08725999999999999
2021-04-08,RealEstate,0.2624
2021-04-08,Tech,0.37438000000000005
2021-04-08,Utilities,0.10928
2021-04-09,Comm,0.3437
2021-04-09,Consumer,0.79942
2021-04-09,Energy,0.07392
2021-04-09,Financials,0.09176
2021-04-09,Healthcare,0.22915999999999997
2021-04-09,Industrials,0.03907999999999999
2021-04-09,Materials,0.16572
2021-04-09,RealEstate,0.16706
2021-04-09,Tech,0.24372
2021-04-09,Utilities,0.2944
2021-04-12,Comm,0.17034
2021-04-12,Consumer,0.504
2021-04-12,Energy,-0.17114
2021-04-12,Financials,0.2517
2021-04-12,Healthcare,0.23836
2021-04-12,Industrials,0.47203999999999996
2021-04-12,Materials,0.16572
2021-04-12,RealEstate,0.16706
2021-04-12,Tech,0.44756
2021-04-12,Utilities,0.2944
2021-04-13,Comm,-0.09047999999999999
2021-04-13,Consumer,0.58574
2021-04-13,Energy,0.07350000000000001
2021-04-13,Financials,0.57706
2021-04-13,Healthcare,0.20766
2021-04-13,Industrials,0.35313999999999995
2021-04-13,Materials,0.15642
2021-04-13,RealEstate,0.20804
2021-04-13,Tech,0.3865
2021-04-13,Utilities,0.32344
2021-04-14,Comm,0.38488
2021-04-14,Consumer,0.35768
2021-04-14,Energy,0.37282000000000004
2021-04-14,Financials,0.649
2021-04-14,Healthcare,-0.06826000000000002
2021-04-14,Industrials,0.53834
2021-04-14,Materials,0.15642
2021-04-14,RealEstate,0.19771999999999998
2021-04-14,Tech,0.38132
2021-04-14,Utilities,0.16392
2021-04-15,Comm,0.22132000000000002
2021-04-15,Consumer,-0.027659999999999997
2021-04-15,Energy,0.17176
2021-04-15,Financials,0.52694
2021-04-15,Healthcare,-0.035199999999999995
2021-04-15,Industrials,0.42729999999999996
2021-04-15,Materials,0.11750000000000001
2021-04-15,RealEstate,0.12972
2021-04-15,Tech,0.26880000000000004
2021-04-15,Utilities,0.39818
2021-04-16,Comm,0.24186000000000002
2021-04-16,Consumer,-0.06708
2021-04-16,Energy,0.02906000000000001
2021-04-16,Financials,0.37618
2021-04-16,Healthcare,0.17816
2021-04-16,Industrials,0.62124
2021-04-16,Materials,0.11750000000000001
2021-04-16,RealEstate,0.09176
2021-04-16,Tech,0.46464
2021-04-16,Utilities,0.41532
2021-04-19,Comm,0.31018
2021-04-19,Consumer,0.54872
2021-04-19,Energy,0.09338
2021-04-19,Financials,0.67038
2021-04-19,Healthcare,0.0007800000000000015
2021-04-19,Industrials,0.04880000000000001
2021-04-19,Materials,0.07704
2021-04-19,RealEstate,0.09176
2021-04-19,Tech,0.24767999999999998
2021-04-19,Utilities,0.41532
2021-04-20,Comm,-0.04346
2021-04-20,Consumer,0.11351999999999998
2021-04-20,Energy,-0.020099999999999986
2021-04-20,Financials,0.54722
2021-04-20,Healthcare,0.06974
2021-04-20,Industrials,0.46264000000000005
2021-04-20,Materials,0.3733
2021-04-20,RealEstate,0.15539999999999998
2021-04-20,Tech,0.29946
2021-04-20,Utilities,0.34234
2021-04-21,Comm,0.15424
2021-04-21,Consumer,0.20817999999999998
2021-04-21,Energy,0.17709999999999998
2021-04-21,Financials,0.50796
2021-04-21,Healthcare,0.18712
2021-04-21,Industrials,0.07188000000000001
2021-04-21,Materials,0.36814
2021-04-21,RealEstate,0.15539999999999998
2021-04-21,Tech,0.46596000000000004
2021-04-21,Utilities,0.25976
2021-04-22,Comm,0.03269999999999999
2021-04-22,Consumer,0.19998
2021-04-22,Energy,0.14052
2021-04-22,Financials,0.3706
2021-04-22,Healthcare,0.31802
2021-04-22,Industrials,0.10921999999999998
2021-04-22,Materials,0.27968000000000004
2021-04-22,RealEstate,0.15539999999999998
2021-04-22,Tech,0.23933999999999997
2021-04-22,Utilities,0.30901999999999996
2021-04-23,Comm,0.33786
2021-04-23,Consumer,0.58956
2021-04-23,Energy,0.06058
2021-04-23,Financials,0.38574
2021-04-23,Healthcare,0.11164
2021-04-23,Industrials,0.11280000000000001
2021-04-23,Materials,0.41538
2021-04-23,RealEstate,0.14401999999999998
2021-04-23,Tech,0.57152
2021-04-23,Utilities,0.14658
2021-04-26,Comm,0.36564
2021-04-26,Consumer,0.38926
2021-04-26,Energy,0.098
2021-04-26,Financials,0.4532999999999999
2021-04-26,Healthcare,0.04348
2021-04-26,Industrials,0.14987999999999999
2021-04-26,Materials,0.43982
2021-04-26,RealEstate,0.29968
2021-04-26,Tech,0.44022000000000006
2021-04-26,Utilities,-0.0014800000000000008
2021-04-27,Comm,0.17396000000000003
2021-04-27,Consumer,0.54694
2021-04-27,Energy,-0.1157
2021-04-27,Financials,0.61674
2021-04-27,Healthcare,0.55146
2021-04-27,Industrials,0.17126000000000002
2021-04-27,Materials,0.43982
2021-04-27,RealEstate,0.11148
2021-04-27,Tech,0.59382
2021-04-27,Utilities,0.11438
2021-04-28,Comm,0.17192000000000002
2021-04-28,Consumer,0.31452
2021-04-28,Energy,-0.005159999999999998
2021-04-28,Financials,0.47162
2021-04-28,Healthcare,0.33494
2021-04-28,Industrials,0.65904
2021-04-28,Materials,0.48888
2021-04-28,RealEstate,0.11148
2021-04-28,Tech,0.19841999999999999
2021-04-28,Utilities,0.06548000000000001
2021-04-29,Comm,0.40062
2021-04-29,Consumer,0.47090000000000004
2021-04-29,Energy,0.41807999999999995
2021-04-29,Financials,0.14794000000000002
2021-04-29,Healthcare,0.10802
2021-04-29,Industrials,-0.23531999999999997
2021-04-29,Materials,0.51228
2021-04-29,RealEstate,0.39534
2021-04-29,Tech,0.35826
2021-04-29,Utilities,0.14998
2021-04-30,Comm,0.46606000000000003
2021-04-30,Consumer,0.07634000000000003
2021-04-30,Energy,0.44758
2021-04-30,Financials,0.27258
2021-04-30,Healthcare,0.454
2021-04-30,Industrials,0.12176000000000001
2021-04-30,Materials,0.30404
2021-04-30,RealEstate,0.29218
2021-04-30,Tech,0.3681
2021-04-30,Utilities,0.14998
2021-05-03,Comm,0.41638000000000003
2021-05-03,Consumer,0.35186
2021-05-03,Energy,0.50334
2021-05-03,Financials,0.38668
2021-05-03,Healthcare,0.40262000000000003
2021-05-03,Industrials,0.09578
2021-05-03,Materials,0.19958
2021-05-03,RealEstate,0.36158
2021-05-03,Tech,0.33748
2021-05-03,Utilities,0.3587
2021-05-04,Comm,0.49556000000000006
2021-05-04,Consumer,0.31416
2021-05-04,Energy,0.25476
2021-05-04,Financials,0.32584
2021-05-04,Healthcare,0.53762
2021-05-04,Industrials,0.03053999999999999
2021-05-04,Materials,0.04432
2021-05-04,RealEstate,0.37956
2021-05-04,Tech,0.44867999999999997
2021-05-04,Utilities,0.60136
2021-05-05,Comm,0.49288
2021-05-05,Consumer,0.30135999999999996
2021-05-05,Energy,0.17558
2021-05-05,Financials,0.38554
2021-05-05,Healthcare,0.24118
2021-05-05,Industrials,0.05474000000000001
2021-05-05,Materials,-0.11438
2021-05-05,RealEstate,0.37956
2021-05-05,Tech,0.22172
2021-05-05,Utilities,0.5345000000000001
2021-05-06,Comm,0.37435999999999997
2021-05-06,Consumer,-0.010320000000000018
2021-05-06,Energy,0.12408
2021-05-06,Financials,0.26846
2021-05-06,Healthcare,0.22918
2021-05-06,Industrials,0.5518
2021-05-06,Materials,0.057440000000000005
2021-05-06,RealEstate,0.07194
2021-05-06,Tech,0.3481
2021-05-06,Utilities,0.26450000000000007
2021-05-07,Comm,0.38708
2021-05-07,Consumer,0.385
2021-05-07,Energy,0.41159999999999997
2021-05-07,Financials,0.26254
2021-05-07,Healthcare,0.04385999999999999
2021-05-07,Industrials,0.41635999999999995
2021-05-07,Materials,0.27262
2021-05-07,RealEstate,0.008300000000000007
2021-05-07,Tech,0.44542000000000004
2021-05-07,Utilities,0.26450000000000007
2021-05-10,Comm,0.27762000000000003
2021-05-10,Consumer,0.09423999999999999
2021-05-10,Energy,-0.025580000000000012
2021-05-10,Financials,0.010600000000000009
2021-05-10,Healthcare,-0.020079999999999997
2021-05-10,Industrials,-0.004680000000000006
2021-05-10,Materials,0.27262
2021-05-10,RealEstate,0.008300000000000007
2021-05-10,Tech,0.33574000000000004
2021-05-10,Utilities,0.16848000000000002
2021-05-11,Comm,-0.03806
2021-05-11,Consumer,0.22676
2021-05-11,Energy,0.43198
2021-05-11,Financials,0.11196000000000002
2021-05-11,Healthcare,0.14323999999999998
2021-05-11,Industrials,0.36074
2021-05-11,Materials,0.1967
2021-05-11,RealEstate,0.008300000000000007
2021-05-11,Tech,0.36497999999999997
2021-05-11,Utilities,0.47766000000000003
2021-05-12,Comm,0.48448
2021-05-12,Consumer,0.07636000000000001
2021-05-12,Energy,-0.15938000000000002
2021-05-12,Financials,-0.026060000000000007
2021-05-12,Healthcare,0.03288
2021-05-12,Industrials,0.19194
2021-05-12,Materials,0.33286
2021-05-12,RealEstate,-0.0044399999999999995
2021-05-12,Tech,0.15624
2021-05-12,Utilities,0.47766000000000003
2021-05-13,Comm,0.22847999999999996
2021-05-13,Consumer,0.030459999999999997
2021-05-13,Energy,0.32618
2021-05-13,Financials,0.19386
2021-05-13,Healthcare,0.46421999999999997
2021-05-13,Industrials,0.17298
2021-05-13,Materials,0.29548
2021-05-13,RealEstate,0.07594
2021-05-13,Tech,0.32208000000000003
2021-05-13,Utilities,0.41652000000000006
2021-05-14,Comm,0.22847999999999996
2021-05-14,Consumer,0.6162
2021-05-14,Energy,0.18848
2021-05-14,Financials,0.19622
2021-05-14,Healthcare,0.20134000000000002
2021-05-14,Industrials,0.15808
2021-05-14,Materials,0.1967
2021-05-14,RealEstate,0.059199999999999996
2021-05-14,Tech,0.14592
2021-05-14,Utilities,0.28512
2021-05-17,Comm,0.05
2021-05-17,Consumer,0.02754000000000001
2021-05-17,Energy,-0.055220000000000005
2021-05-17,Financials,0.24366000000000004
2021-05-17,Healthcare,0.18494000000000002
2021-05-17,Industrials,0.11135999999999999
2021-05-17,Materials,0.2559
2021-05-17,RealEstate,0.059199999999999996
2021-05-17,Tech,0.28881999999999997
2021-05-17,Utilities,0.27726
2021-05-18,Comm,0.058800000000000005
2021-05-18,Consumer,0.44727999999999996
2021-05-18,Energy,0.50464
2021-05-18,Financials,0.57232
2021-05-18,Healthcare,0.19478
2021-05-18,Industrials,-0.02472
2021-05-18,Materials,0.30886
2021-05-18,RealEstate,0.059199999999999996
2021-05-18,Tech,0.33222
2021-05-18,Utilities,0.20090000000000002
2021-05-19,Comm,-0.048039999999999985
2021-05-19,Consumer,-0.10002
2021-05-19,Energy,0.05094
2021-05-19,Financials,0.46247999999999995
2021-05-19,Healthcare,0.23936000000000002
2021-05-19,Industrials,0.0528
2021-05-19,Materials,0.22576000000000002
2021-05-19,RealEstate,0.0
2021-05-19,Tech,0.36152
2021-05-19,Utilities,0.07224
2021-05-20,Comm,0.36476000000000003
2021-05-20,Consumer,0.056679999999999994
2021-05-20,Energy,0.01532
2021-05-20,Financials,0.7163999999999999
2021-05-20,Healthcare,0.17136
2021-05-20,Industrials,0.11657999999999999
2021-05-20,Materials,0.065
2021-05-20,RealEstate,0.0
2021-05-20,Tech,0.12618000000000001
2021-05-20,Utilities,0.2104
2021-05-21,Comm,0.3674
2021-05-21,Consumer,0.6315999999999999
2021-05-21,Energy,0.14974
2021-05-21,Financials,0.49813999999999997
2021-05-21,Healthcare,0.36644
2021-05-21,Industrials,0.13894
2021-05-21,Materials,0.14538
2021-05-21,RealEstate,0.0
2021-05-21,Tech,0.5320400000000001
2021-05-21,Utilities,0.25054
2021-05-24,Comm,0.42035999999999996
2021-05-24,Consumer,0.3116
2021-05-24,Energy,0.11882
2021-05-24,Financials,0.07914
2021-05-24,Healthcare,0.34126
2021-05-24,Industrials,0.36028000000000004
2021-05-24,Materials,0.20902000000000004
2021-05-24,RealEstate,0.0
2021-05-24,Tech,0.39764
2021-05-24,Utilities,0.24176000000000003
2021-05-25,Comm,0.15616
2021-05-25,Consumer,0.71192
2021-05-25,Energy,0.2068
2021-05-25,Financials,0.11148
2021-05-25,Healthcare,0.71552
2021-05-25,Industrials,0.3741
2021-05-25,Materials,0.12854000000000002
2021-05-25,RealEstate,0.09966
2021-05-25,Tech,0.69996
2021-05-25,Utilities,0.36554000000000003
2021-05-26,Comm,0.32667999999999997
2021-05-26,Consumer,0.41342
2021-05-26,Energy,0.36660000000000004
2021-05-26,Financials,0.4404199999999999
2021-05-26,Healthcare,0.42986
2021-05-26,Industrials,0.27598
2021-05-26,Materials,0.12083999999999999
2021-05-26,RealEstate,0.31132
2021-05-26,Tech,0.11535999999999999
2021-05-26,Utilities,0.30579999999999996
2021-05-27,Comm,0.42016
2021-05-27,Consumer,0.3758
2021-05-27,Energy,0.6338
2021-05-27,Financials,0.219
2021-05-27,Healthcare,0.23965999999999998
2021-05-27,Industrials,0.11938
2021-05-27,Materials,0.12083999999999999
2021-05-27,RealEstate,0.0
2021-05-27,Tech,0.48438
2021-05-27,Utilities,0.27124000000000004
2021-05-28,Comm,0.36906
2021-05-28,Consumer,0.5307
2021-05-28,Energy,0.2387
2021-05-28,Financials,0.14794000000000002
2021-05-28,Healthcare,0.38366
2021-05-28,Industrials,0.25606
2021-05-28,Materials,0.14282
2021-05-28,RealEstate,-0.02054
2021-05-28,Tech,0.5128600000000001
2021-05-28,Utilities,0.26802000000000004
2021-06-01,Comm,0.7778
2021-06-01,Consumer,0.43154000000000003
2021-06-01,Energy,0.17896
2021-06-01,Financials,0.2545
2021-06-01,Healthcare,0.32476000000000005
2021-06-01,Industrials,0.07224
2021-06-01,Materials,0.14538
2021-06-01,RealEstate,0.20112000000000002
2021-06-01,Tech,0.5105999999999999
2021-06-01,Utilities,0.22142
2021-06-02,Comm,0.7388399999999999
2021-06-02,Consumer,0.7240800000000001
2021-06-02,Energy,0.37206
2021-06-02,Financials,0.4817600000000001
2021-06-02,Healthcare,0.5807800000000001
2021-06-02,Industrials,0.31479999999999997
2021-06-02,Materials,0.12688000000000002
2021-06-02,RealEstate,0.18568
2021-06-02,Tech,0.37302
2021-06-02,Utilities,0.30922
2021-06-03,Comm,0.21546000000000004
2021-06-03,Consumer,0.42935999999999996
2021-06-03,Energy,0.58716
2021-06-03,Financials,0.45389999999999997
2021-06-03,Healthcare,0.15886
2021-06-03,Industrials,0.17894
2021-06-03,Materials,0.07224
2021-06-03,RealEstate,0.3155
2021-06-03,Tech,0.40616
2021-06-03,Utilities,0.32877999999999996
2021-06-04,Comm,0.039200000000000006
2021-06-04,Consumer,0.48840000000000006
2021-06-04,Energy,0.40047999999999995
2021-06-04,Financials,-0.00826
2021-06-04,Healthcare,0.21967999999999996
2021-06-04,Industrials,0.2655
2021-06-04,Materials,0.16076
2021-06-04,RealEstate,0.16021999999999997
2021-06-04,Tech,0.30152
2021-06-04,Utilities,0.068
2021-06-07,Comm,0.5382
2021-06-07,Consumer,0.28568
2021-06-07,Energy,0.11717999999999999
2021-06-07,Financials,0.37826
2021-06-07,Healthcare,0.20407999999999998
2021-06-07,Industrials,0.27284
2021-06-07,Materials,0.16076
2021-06-07,RealEstate,0.13904
2021-06-07,Tech,0.39028
2021-06-07,Utilities,0.23762
2021-06-08,Comm,0.29290000000000005
2021-06-08,Consumer,0.27702
2021-06-08,Energy,-0.51194
2021-06-08,Financials,0.4022
2021-06-08,Healthcare,0.14102
2021-06-08,Industrials,0.27466
2021-06-08,Materials,0.24943999999999997
2021-06-08,RealEstate,0.22996
2021-06-08,Tech,0.72514
2021-06-08,Utilities,0.23762
2021-06-09,Comm,0.4887
2021-06-09,Consumer,0.18653999999999998
2021-06-09,Energy,0.07446
2021-06-09,Financials,0.34956
2021-06-09,Healthcare,0.08334
2021-06-09,Industrials,0.25277999999999995
2021-06-09,Materials,0.14448
2021-06-09,RealEstate,0.22996
2021-06-09,Tech,0.51492
2021-06-09,Utilities,0.12498000000000001
2021-06-10,Comm,0.31966
2021-06-10,Consumer,0.14219999999999997
2021-06-10,Energy,0.016620000000000003
2021-06-10,Financials,0.6442
2021-06-10,Healthcare,-0.15996
2021-06-10,Industrials,0.11298000000000001
2021-06-10,Materials,0.14448
2021-06-10,RealEstate,0.06952
2021-06-10,Tech,0.2683
2021-06-10,Utilities,0.05464
2021-06-11,Comm,0.08266
2021-06-11,Consumer,0.30238
2021-06-11,Energy,0.17994
2021-06-11,Financials,0.3556
2021-06-11,Healthcare,0.33849999999999997
2021-06-11,Industrials,0.18894
2021-06-11,Materials,0.07224
2021-06-11,RealEstate,0.15928
2021-06-11,Tech,0.51084
2021-06-11,Utilities,0.05464
2021-06-14,Comm,0.10454
2021-06-14,Consumer,0.09534000000000001
2021-06-14,Energy,0.07984000000000002
2021-06-14,Financials,0.54534
2021-06-14,Healthcare,0.22321999999999997
2021-06-14,Industrials,0.4238799999999999
2021-06-14,Materials,0.07224
2021-06-14,RealEstate,0.0
2021-06-14,Tech,0.1889
2021-06-14,Utilities,0.0
2021-06-15,Comm,0.11206
2021-06-15,Consumer,0.40162
2021-06-15,Energy,0.52874
2021-06-15,Financials,0.11957999999999999
2021-06-15,Healthcare,0.39893999999999996
2021-06-15,Industrials,0.06364
2021-06-15,Materials,0.27598
2021-06-15,RealEstate,-0.01544
2021-06-15,Tech,0.26627999999999996
2021-06-15,Utilities,0.25882
2021-06-16,Comm,0.13555999999999999
2021-06-16,Consumer,0.5618000000000001
2021-06-16,Energy,0.39512
2021-06-16,Financials,0.22324000000000002
2021-06-16,Healthcare,0.48578
2021-06-16,Industrials,0.03588
2021-06-16,Materials,0.27598
2021-06-16,RealEstate,-0.059199999999999996
2021-06-16,Tech,0.2263
2021-06-16,Utilities,0.25186000000000003
2021-06-17,Comm,0.50376
2021-06-17,Consumer,0.27412000000000003
2021-06-17,Energy,0.47302
2021-06-17,Financials,-0.003799999999999992
2021-06-17,Healthcare,0.27646
2021-06-17,Industrials,0.16152000000000002
2021-06-17,Materials,0.07636
2021-06-17,RealEstate,0.059199999999999996
2021-06-17,Tech,0.47696000000000005
2021-06-17,Utilities,0.12688000000000002
2021-06-18,Comm,0.5451
2021-06-18,Consumer,0.08580000000000002
2021-06-18,Energy,0.02203999999999997
2021-06-18,Financials,0.2254
2021-06-18,Healthcare,0.1481
2021-06-18,Industrials,0.04526
2021-06-18,Materials,0.18838
2021-06-18,RealEstate,0.09534000000000001
2021-06-18,Tech,0.13646
2021-06-18,Utilities,0.20726
2021-06-21,Comm,0.22944
2021-06-21,Consumer,0.56624
2021-06-21,Energy,0.2617
2021-06-21,Financials,0.28259999999999996
2021-06-21,Healthcare,0.29379999999999995
2021-06-21,Industrials,-0.014179999999999998
2021-06-21,Materials,0.25214
2021-06-21,RealEstate,0.2122
2021-06-21,Tech,0.46516
2021-06-21,Utilities,0.20726
2021-06-22,Comm,0.43028000000000005
2021-06-22,Consumer,0.22269999999999998
2021-06-22,Energy,0.39136
2021-06-22,Financials,0.10470000000000002
2021-06-22,Healthcare,0.60954
2021-06-22,Industrials,0.41694
2021-06-22,Materials,0.19293999999999997
2021-06-22,RealEstate,0.2122
2021-06-22,Tech,0.5081
2021-06-22,Utilities,0.31792
2021-06-23,Comm,0.16254
2021-06-23,Consumer,0.00613999999999999
2021-06-23,Energy,0.34077999999999997
2021-06-23,Financials,-0.30296
2021-06-23,Healthcare,0.40397999999999995
2021-06-23,Industrials,0.1081
2021-06-23,Materials,0.21803999999999996
2021-06-23,RealEstate,0.018739999999999996
2021-06-23,Tech,0.47088
2021-06-23,Utilities,0.31792
2021-06-24,Comm,0.13876
2021-06-24,Consumer,0.42694
2021-06-24,Energy,0.24967999999999999
2021-06-24,Financials,0.18335999999999997
2021-06-24,Healthcare,0.28624
2021-06-24,Industrials,0.23176000000000002
2021-06-24,Materials,0.21803999999999996
2021-06-24,RealEstate,0.018739999999999996
2021-06-24,Tech,0.44304000000000004
2021-06-24,Utilities,0.18248000000000003
2021-06-25,Comm,-0.014900000000000002
2021-06-25,Consumer,0.476
2021-06-25,Energy,0.23679999999999998
2021-06-25,Financials,0.6594800000000001
2021-06-25,Healthcare,0.3623
2021-06-25,Industrials,0.04046
2021-06-25,Materials,0.1553
2021-06-25,RealEstate,-0.057620000000000005
2021-06-25,Tech,0.66908
2021-06-25,Utilities,0.38498
2021-06-28,Comm,0.05324000000000002
2021-06-28,Consumer,0.25194
2021-06-28,Energy,0.40196
2021-06-28,Financials,-0.09838
2021-06-28,Healthcare,0.25556
2021-06-28,Industrials,0.10333999999999999
2021-06-28,Materials,0.16065999999999997
2021-06-28,RealEstate,0.11818
2021-06-28,Tech,0.60488
2021-06-28,Utilities,0.3624
2021-06-29,Comm,0.56764
2021-06-29,Consumer,0.50268
2021-06-29,Energy,-0.04139999999999999
2021-06-29,Financials,0.10896000000000002
2021-06-29,Healthcare,0.1678
2021-06-29,Industrials,0.40906000000000003
2021-06-29,Materials,0.07636
2021-06-29,RealEstate,0.023300000000000005
2021-06-29,Tech,0.34214
2021-06-29,Utilities,0.19133999999999998
2021-06-30,Comm,0.46984000000000004
2021-06-30,Consumer,-0.15336
2021-06-30,Energy,0.6456200000000001
2021-06-30,Financials,0.454
2021-06-30,Healthcare,0.023880000000000002
2021-06-30,Industrials,0.25018
2021-06-30,Materials,0.08152
2021-06-30,RealEstate,-0.017159999999999998
2021-06-30,Tech,0.60002
2021-06-30,Utilities,0.32389999999999997
2021-07-01,Comm,0.43952
2021-07-01,Consumer,0.18568
2021-07-01,Energy,0.36258
2021-07-01,Financials,0.33984000000000003
2021-07-01,Healthcare,0.23762
2021-07-01,Industrials,0.15072000000000002
2021-07-01,Materials,0.08152
2021-07-01,RealEstate,-0.017159999999999998
2021-07-01,Tech,0.43735999999999997
2021-07-01,Utilities,0.28076
2021-07-02,Comm,0.14714
2021-07-02,Consumer,0.25908
2021-07-02,Energy,0.19380000000000003
2021-07-02,Financials,0.24576000000000003
2021-07-02,Healthcare,0.1272
2021-07-02,Industrials,0.34086
2021-07-02,Materials,0.04562
2021-07-02,RealEstate,0.42752
2021-07-02,Tech,0.40732
2021-07-02,Utilities,0.28076
2021-07-06,Comm,0.0216
2021-07-06,Consumer,0.34354
2021-07-06,Energy,0.46192
2021-07-06,Financials,0.17896
2021-07-06,Healthcare,0.50076
2021-07-06,Industrials,0.05184
2021-07-06,Materials,0.10482
2021-07-06,RealEstate,0.6750999999999999
2021-07-06,Tech,-0.03325999999999999
2021-07-06,Utilities,0.23662
2021-07-07,Comm,0.18224
2021-07-07,Consumer,0.26671999999999996
2021-07-07,Energy,-0.13142
2021-07-07,Financials,-0.39132
2021-07-07,Healthcare,0.31104000000000004
2021-07-07,Industrials,0.09691999999999999
2021-07-07,Materials,0.06128
2021-07-07,RealEstate,0.46334
2021-07-07,Tech,0.56064
2021-07-07,Utilities,0.27271999999999996
2021-07-08,Comm,0.17226000000000002
2021-07-08,Consumer,0.38522
2021-07-08,Energy,-0.004239999999999999
2021-07-08,Financials,-0.23897999999999997
2021-07-08,Healthcare,0.33668
2021-07-08,Industrials,0.19202
2021-07-08,Materials,0.006640000000000002
2021-07-08,RealEstate,0.4550599999999999
2021-07-08,Tech,0.43464
2021-07-08,Utilities,0.24016
2021-07-09,Comm,0.15668
2021-07-09,Consumer,0.0032199999999999785
2021-07-09,Energy,0.26226
2021-07-09,Financials,0.34074
2021-07-09,Healthcare,0.26874
2021-07-09,Industrials,0.25342000000000003
2021-07-09,Materials,0.01032
2021-07-09,RealEstate,0.28786
2021-07-09,Tech,0.5144200000000001
2021-07-09,Utilities,0.26794
2021-07-12,Comm,0.35608
2021-07-12,Consumer,0.38058000000000003
2021-07-12,Energy,0.3519
2021-07-12,Financials,0.64458
2021-07-12,Healthcare,0.14638
2021-07-12,Industrials,0.12498000000000001
2021-07-12,Materials,0.01032
2021-07-12,RealEstate,0.11604
2021-07-12,Tech,0.3587
2021-07-12,Utilities,0.32258
2021-07-13,Comm,0.18372000000000002
2021-07-13,Consumer,0.25204
2021-07-13,Energy,0.36766
2021-07-13,Financials,0.45044000000000006
2021-07-13,Healthcare,0.10207999999999999
2021-07-13,Industrials,0.20373999999999998
2021-07-13,Materials,0.07636
2021-07-13,RealEstate,0.05684
2021-07-13,Tech,0.36252
2021-07-13,Utilities,0.19356
2021-07-14,Comm,0.23346
2021-07-14,Consumer,0.47606000000000004
2021-07-14,Energy,0.08460000000000001
2021-07-14,Financials,0.55968
2021-07-14,Healthcare,0.22957999999999998
2021-07-14,Industrials,-0.08556
2021-07-14,Materials,0.0
2021-07-14,RealEstate,0.05684
2021-07-14,Tech,0.47078
2021-07-14,Utilities,0.17618
2021-07-15,Comm,0.068
2021-07-15,Consumer,0.020700000000000007
2021-07-15,Energy,0.15342
2021-07-15,Financials,0.58642
2021-07-15,Healthcare,0.3329
2021-07-15,Industrials,0.08808
2021-07-15,Materials,0.0
2021-07-15,RealEstate,0.04046
2021-07-15,Tech,0.32336
2021-07-15,Utilities,0.11680000000000001
2021-07-16,Comm,0.08982
2021-07-16,Consumer,0.22494
2021-07-16,Energy,0.17307999999999998
2021-07-16,Financials,0.3877
2021-07-16,Healthcare,0.13976
2021-07-16,Industrials,0.0
2021-07-16,Materials,0.08038
2021-07-16,RealEstate,0.0
2021-07-16,Tech,0.28508
2021-07-16,Utilities,0.13872
2021-07-19,Comm,0.1645
2021-07-19,Consumer,0.30526
2021-07-19,Energy,0.08887999999999999
2021-07-19,Financials,0.22479999999999997
2021-07-19,Healthcare,0.30232000000000003
2021-07-19,Industrials,0.15012
2021-07-19,Materials,0.20758000000000001
2021-07-19,RealEstate,0.0
2021-07-19,Tech,0.49610000000000004
2021-07-19,Utilities,0.36352
2021-07-20,Comm,0.5093
2021-07-20,Consumer,0.15671999999999997
2021-07-20,Energy,-0.34872000000000003
2021-07-20,Financials,0.17602
2021-07-20,Healthcare,0.09111999999999998
2021-07-20,Industrials,0.11717999999999999
2021-07-20,Materials,0.15173999999999999
2021-07-20,RealEstate,-0.11438
2021-07-20,Tech,-0.003300000000000003
2021-07-20,Utilities,0.014600000000000002
2021-07-21,Comm,0.55264
2021-07-21,Consumer,0.21452
2021-07-21,Energy,0.6980000000000001
2021-07-21,Financials,0.58922
2021-07-21,Healthcare,0.01992
2021-07-21,Industrials,0.11717999999999999
2021-07-21,Materials,0.14914
2021-07-21,RealEstate,-0.11438
2021-07-21,Tech,0.30266000000000004
2021-07-21,Utilities,-0.02954
2021-07-22,Comm,0.29878
2021-07-22,Consumer,0.26280000000000003
2021-07-22,Energy,0.63142
2021-07-22,Financials,0.57912
2021-07-22,Healthcare,0.0
2021-07-22,Industrials,0.17018
2021-07-22,Materials,0.03315999999999999
2021-07-22,RealEstate,-0.11438
2021-07-22,Tech,0.45852000000000004
2021-07-22,Utilities,-0.07264
2021-07-23,Comm,0.47517999999999994
2021-07-23,Consumer,0.30192
2021-07-23,Energy,0.3646
2021-07-23,Financials,0.24903999999999998
2021-07-23,Healthcare,0.10846
2021-07-23,Industrials,0.19858
2021-07-23,Materials,0.27044
2021-07-23,RealEstate,0.059199999999999996
2021-07-23,Tech,0.45
2021-07-23,Utilities,0.1908
2021-07-26,Comm,0.24108000000000002
2021-07-26,Consumer,0.5872200000000001
2021-07-26,Energy,0.64168
2021-07-26,Financials,0.2816
2021-07-26,Healthcare,-0.05
2021-07-26,Industrials,0.22876
2021-07-26,Materials,0.18236000000000002
2021-07-26,RealEstate,0.059199999999999996
2021-07-26,Tech,0.15622000000000003
2021-07-26,Utilities,0.2338
2021-07-27,Comm,0.20190000000000002
2021-07-27,Consumer,0.53396
2021-07-27,Energy,0.38795999999999997
2021-07-27,Financials,0.19682
2021-07-27,Healthcare,0.29498
2021-07-27,Industrials,-0.07744000000000001
2021-07-27,Materials,0.30924
2021-07-27,RealEstate,0.20780000000000004
2021-07-27,Tech,0.5647800000000001
2021-07-27,Utilities,0.52946
2021-07-28,Comm,0.2017
2021-07-28,Consumer,0.61986
2021-07-28,Energy,0.23496
2021-07-28,Financials,0.52932
2021-07-28,Healthcare,-0.19332
2021-07-28,Industrials,0.4510199999999999
2021-07-28,Materials,0.43735999999999997
2021-07-28,RealEstate,0.20780000000000004
2021-07-28,Tech,0.22492
2021-07-28,Utilities,0.40804
2021-07-29,Comm,0.06495999999999999
2021-07-29,Consumer,0.6729
2021-07-29,Energy,0.42382
2021-07-29,Financials,0.29344000000000003
2021-07-29,Healthcare,0.07636000000000001
2021-07-29,Industrials,0.45741999999999994
2021-07-29,Materials,0.43735999999999997
2021-07-29,RealEstate,0.20780000000000004
2021-07-29,Tech,0.5866399999999999
2021-07-29,Utilities,0.26334
2021-07-30,Comm,0.48342
2021-07-30,Consumer,0.5088999999999999
2021-07-30,Energy,0.17212
2021-07-30,Financials,0.34236
2021-07-30,Healthcare,0.46231999999999995
2021-07-30,Industrials,0.33096
2021-07-30,Materials,0.40932
2021-07-30,RealEstate,-0.068
2021-07-30,Tech,0.32208
2021-07-30,Utilities,0.09878
2021-08-02,Comm,0.13334000000000001
2021-08-02,Consumer,0.0723
2021-08-02,Energy,0.53946
2021-08-02,Financials,0.060880000000000004
2021-08-02,Healthcare,0.34014
2021-08-02,Industrials,0.44408000000000003
2021-08-02,Materials,0.42806
2021-08-02,RealEstate,-0.068
2021-08-02,Tech,0.32676
2021-08-02,Utilities,0.0
2021-08-03,Comm,0.21417999999999998
2021-08-03,Consumer,0.3953
2021-08-03,Energy,0.17628
2021-08-03,Financials,0.62244
2021-08-03,Healthcare,0.40743999999999997
2021-08-03,Industrials,0.21882000000000001
2021-08-03,Materials,0.36654
2021-08-03,RealEstate,0.003939999999999999
2021-08-03,Tech,0.45377999999999996
2021-08-03,Utilities,-0.09022
2021-08-04,Comm,0.33042
2021-08-04,Consumer,0.35356
2021-08-04,Energy,0.41506
2021-08-04,Financials,0.40882000000000007
2021-08-04,Healthcare,0.44292
2021-08-04,Industrials,0.21882000000000001
2021-08-04,Materials,0.64776
2021-08-04,RealEstate,0.12111999999999998
2021-08-04,Tech,0.5662200000000001
2021-08-04,Utilities,-0.09022
2021-08-05,Comm,0.31466000000000005
2021-08-05,Consumer,0.09036000000000001
2021-08-05,Energy,0.17738
2021-08-05,Financials,0.07448
2021-08-05,Healthcare,0.2931
2021-08-05,Industrials,0.13524
2021-08-05,Materials,0.0
2021-08-05,RealEstate,0.12111999999999998
2021-08-05,Tech,0.20831999999999998
2021-08-05,Utilities,0.044800000000000006
2021-08-06,Comm,0.15858
2021-08-06,Consumer,0.55828
2021-08-06,Energy,0.26993999999999996
2021-08-06,Financials,0.031900000000000005
2021-08-06,Healthcare,0.43844000000000005
2021-08-06,Industrials,0.17714
2021-08-06,Materials,0.0
2021-08-06,RealEstate,0.12111999999999998
2021-08-06,Tech,0.46248000000000006
2021-08-06,Utilities,0.25568
2021-08-09,Comm,0.12996000000000002
2021-08-09,Consumer,0.43984000000000006
2021-08-09,Energy,0.07629999999999999
2021-08-09,Financials,-0.11278000000000002
2021-08-09,Healthcare,0.23784
2021-08-09,Industrials,0.0652
2021-08-09,Materials,0.0
2021-08-09,RealEstate,0.11839999999999999
2021-08-09,Tech,0.39794
2021-08-09,Utilities,0.42018000000000005
2021-08-10,Comm,0.4593999999999999
2021-08-10,Consumer,0.43022
2021-08-10,Energy,-0.053180000000000005
2021-08-10,Financials,0.25804
2021-08-10,Healthcare,0.28192
2021-08-10,Industrials,0.25934
2021-08-10,Materials,0.02812
2021-08-10,RealEstate,0.09785999999999999
2021-08-10,Tech,0.3283
2021-08-10,Utilities,0.31032000000000004
2021-08-11,Comm,0.05938
2021-08-11,Consumer,0.24256000000000003
2021-08-11,Energy,-0.18724000000000002
2021-08-11,Financials,0.3371
2021-08-11,Healthcare,0.1089
2021-08-11,Industrials,0.17082000000000003
2021-08-11,Materials,0.05464
2021-08-11,RealEstate,0.35112
2021-08-11,Tech,0.21198
2021-08-11,Utilities,0.2008
2021-08-12,Comm,0.14340000000000003
2021-08-12,Consumer,0.06100000000000001
2021-08-12,Energy,0.3007
2021-08-12,Financials,0.27405999999999997
2021-08-12,Healthcare,0.21756000000000003
2021-08-12,Industrials,0.0736
2021-08-12,Materials,0.05369999999999999
2021-08-12,RealEstate,0.34025999999999995
2021-08-12,Tech,0.18638000000000002
2021-08-12,Utilities,0.2008
2021-08-13,Comm,0.54556
2021-08-13,Consumer,0.23437999999999998
2021-08-13,Energy,0.03048
2021-08-13,Financials,0.46021999999999996
2021-08-13,Healthcare,0.30476000000000003
2021-08-13,Industrials,-0.11466000000000001
2021-08-13,Materials,0.08038
2021-08-13,RealEstate,0.29412
2021-08-13,Tech,0.42560000000000003
2021-08-13,Utilities,0.1575
2021-08-16,Comm,0.47058
2021-08-16,Consumer,0.79836
2021-08-16,Energy,0.059199999999999996
2021-08-16,Financials,0.25286
2021-08-16,Healthcare,0.16148
2021-08-16,Industrials,-0.04887999999999999
2021-08-16,Materials,0.08038
2021-08-16,RealEstate,0.29412
2021-08-16,Tech,0.39276
2021-08-16,Utilities,0.23186
2021-08-17,Comm,-0.1299
2021-08-17,Consumer,0.40031999999999995
2021-08-17,Energy,0.21328
2021-08-17,Financials,0.25276
2021-08-17,Healthcare,0.31252
2021-08-17,Industrials,0.14508
2021-08-17,Materials,0.04046
2021-08-17,RealEstate,0.15556
2021-08-17,Tech,0.41746
2021-08-17,Utilities,0.30898
2021-08-18,Comm,-0.05019999999999999
2021-08-18,Consumer,0.35444
2021-08-18,Energy,-0.2823
2021-08-18,Financials,0.046639999999999994
2021-08-18,Healthcare,0.3073
2021-08-18,Industrials,0.26998
2021-08-18,Materials,0.14350000000000002
2021-08-18,RealEstate,0.25034
2021-08-18,Tech,-0.06606000000000001
2021-08-18,Utilities,0.27208
2021-08-19,Comm,-0.05062000000000002
2021-08-19,Consumer,0.19232
2021-08-19,Energy,0.06202
2021-08-19,Financials,0.19626000000000002
2021-08-19,Healthcare,0.31688
2021-08-19,Industrials,-0.09696
2021-08-19,Materials,0.12294000000000001
2021-08-19,RealEstate,0.51568
2021-08-19,Tech,0.5912
2021-08-19,Utilities,0.27208
2021-08-20,Comm,-0.03328000000000002
2021-08-20,Consumer,0.36482000000000003
2021-08-20,Energy,0.0008800000000000141
2021-08-20,Financials,0.45709999999999995
2021-08-20,Healthcare,0.19112
2021-08-20,Industrials,-0.07136
2021-08-20,Materials,0.09676
2021-08-20,RealEstate,0.46690000000000004
2021-08-20,Tech,0.27646
2021-08-20,Utilities,0.27208
2021-08-23,Comm,0.15950000000000003
2021-08-23,Consumer,0.29912
2021-08-23,Energy,-0.40602
2021-08-23,Financials,-0.03715999999999999
2021-08-23,Healthcare,0.15946000000000002
2021-08-23,Industrials,-0.22949999999999998
2021-08-23,Materials,0.1049
2021-08-23,RealEstate,0.42076
2021-08-23,Tech,-0.14429999999999998
2021-08-23,Utilities,0.39674
2021-08-24,Comm,0.3525
2021-08-24,Consumer,0.0512
2021-08-24,Energy,0.51922
2021-08-24,Financials,0.45038
2021-08-24,Healthcare,-0.01552
2021-08-24,Industrials,0.13731999999999997
2021-08-24,Materials,0.24822000000000002
2021-08-24,RealEstate,0.34102
2021-08-24,Tech,0.3506
2021-08-24,Utilities,0.10622000000000001
2021-08-25,Comm,0.41944
2021-08-25,Consumer,0.13696
2021-08-25,Energy,0.046419999999999996
2021-08-25,Financials,0.41396
2021-08-25,Healthcare,0.25694
2021-08-25,Industrials,0.24712
2021-08-25,Materials,0.12083999999999999
2021-08-25,RealEstate,0.35022000000000003
2021-08-25,Tech,0.15702
2021-08-25,Utilities,0.024480000000000002
2021-08-26,Comm,0.43116000000000004
2021-08-26,Consumer,0.51024
2021-08-26,Energy,0.1372
2021-08-26,Financials,0.36096
2021-08-26,Healthcare,0.05234
2021-08-26,Industrials,0.23693999999999998
2021-08-26,Materials,0.04046
2021-08-26,RealEstate,0.317
2021-08-26,Tech,0.05464
2021-08-26,Utilities,0.07954
2021-08-27,Comm,0.40103999999999995
2021-08-27,Consumer,0.37808
2021-08-27,Energy,0.0516
2021-08-27,Financials,-0.1672
2021-08-27,Healthcare,0.14
2021-08-27,Industrials,0.0
2021-08-27,Materials,0.09966
2021-08-27,RealEstate,0.317
2021-08-27,Tech,0.49871999999999994
2021-08-27,Utilities,0.07954
2021-08-30,Comm,0.6596
2021-08-30,Consumer,0.19214
2021-08-30,Energy,-0.0386
2021-08-30,Financials,0.25882
2021-08-30,Healthcare,0.33224
2021-08-30,Industrials,0.31696
2021-08-30,Materials,0.19844
2021-08-30,RealEstate,0.13832
2021-08-30,Tech,-0.025880000000000004
2021-08-30,Utilities,0.12954
2021-08-31,Comm,0.35242
2021-08-31,Consumer,0.53316
2021-08-31,Energy,-0.36778000000000005
2021-08-31,Financials,0.16784000000000002
2021-08-31,Healthcare,0.22302
2021-08-31,Industrials,0.24738
2021-08-31,Materials,0.11148
2021-08-31,RealEstate,0.07225999999999999
2021-08-31,Tech,0.61088
2021-08-31,Utilities,0.45432000000000006
2021-09-01,Comm,0.26434
2021-09-01,Consumer,0.25498
2021-09-01,Energy,0.13772
2021-09-01,Financials,0.35406
2021-09-01,Healthcare,-0.0903
2021-09-01,Industrials,0.50058
2021-09-01,Materials,0.17948
2021-09-01,RealEstate,0.03865999999999999
2021-09-01,Tech,0.013859999999999994
2021-09-01,Utilities,0.15276
2021-09-02,Comm,0.26434
2021-09-02,Consumer,0.50208
2021-09-02,Energy,-0.34196
2021-09-02,Financials,0.23662
2021-09-02,Healthcare,0.21284
2021-09-02,Industrials,0.3338
2021-09-02,Materials,0.11148
2021-09-02,RealEstate,0.0933
2021-09-02,Tech,0.07974
2021-09-02,Utilities,0.16522
2021-09-03,Comm,0.19428
2021-09-03,Consumer,0.18314
2021-09-03,Energy,0.74786
2021-09-03,Financials,0.48
2021-09-03,Healthcare,0.36476
2021-09-03,Industrials,0.22598
2021-09-03,Materials,0.0
2021-09-03,RealEstate,0.0933
2021-09-03,Tech,0.41631999999999997
2021-09-03,Utilities,0.21376
2021-09-07,Comm,0.26756
2021-09-07,Consumer,0.45382
2021-09-07,Energy,0.18892
2021-09-07,Financials,0.21991999999999998
2021-09-07,Healthcare,0.36476
2021-09-07,Industrials,0.19478
2021-09-07,Materials,0.0
2021-09-07,RealEstate,0.044419999999999994
2021-09-07,Tech,0.43845999999999996
2021-09-07,Utilities,0.2684
2021-09-08,Comm,0.51934
2021-09-08,Consumer,0.6245200000000001
2021-09-08,Energy,0.19268
2021-09-08,Financials,0.050839999999999996
2021-09-08,Healthcare,0.07656000000000003
2021-09-08,Industrials,0.31277999999999995
2021-09-08,Materials,0.08038
2021-09-08,RealEstate,0.2563
2021-09-08,Tech,0.6113799999999999
2021-09-08,Utilities,0.0718
2021-09-09,Comm,0.44812
2021-09-09,Consumer,0.42847999999999997
2021-09-09,Energy,0.40122
2021-09-09,Financials,0.25382
2021-09-09,Healthcare,-0.09278
2021-09-09,Industrials,0.36107999999999996
2021-09-09,Materials,-0.15567999999999999
2021-09-09,RealEstate,0.23756
2021-09-09,Tech,0.4343
2021-09-09,Utilities,0.017159999999999998
2021-09-10,Comm,-0.22534
2021-09-10,Consumer,0.27759999999999996
2021-09-10,Energy,0.47874
2021-09-10,Financials,-0.297
2021-09-10,Healthcare,-0.02921999999999998
2021-09-10,Industrials,0.15674
2021-09-10,Materials,-0.12725999999999998
2021-09-10,RealEstate,0.1971
2021-09-10,Tech,0.39536
2021-09-10,Utilities,0.017159999999999998
2021-09-13,Comm,0.26382
2021-09-13,Consumer,0.48022
2021-09-13,Energy,-0.07146000000000001
2021-09-13,Financials,-0.12125999999999997
2021-09-13,Healthcare,-0.13638
2021-09-13,Industrials,-0.059919999999999994
2021-09-13,Materials,-0.19526
2021-09-13,RealEstate,0.29231999999999997
2021-09-13,Tech,-0.16978
2021-09-13,Utilities,0.11262000000000001
2021-09-14,Comm,0.4859
2021-09-14,Consumer,0.54158
2021-09-14,Energy,0.3457
2021-09-14,Financials,0.24668
2021-09-14,Healthcare,0.73094
2021-09-14,Industrials,0.15674
2021-09-14,Materials,0.08670000000000001
2021-09-14,RealEstate,0.0
2021-09-14,Tech,0.26514
2021-09-14,Utilities,0.12042000000000001
2021-09-15,Comm,0.31168
2021-09-15,Consumer,0.52156
2021-09-15,Energy,0.07264
2021-09-15,Financials,0.10714000000000001
2021-09-15,Healthcare,0.59326
2021-09-15,Industrials,0.059199999999999996
2021-09-15,Materials,0.21642
2021-09-15,RealEstate,0.20424000000000003
2021-09-15,Tech,0.41074
2021-09-15,Utilities,0.06578
2021-09-16,Comm,0.04753999999999999
2021-09-16,Consumer,0.15910000000000002
2021-09-16,Energy,-0.14300000000000002
2021-09-16,Financials,0.44308
2021-09-16,Healthcare,0.49198000000000003
2021-09-16,Industrials,0.11194000000000001
2021-09-16,Materials,0.21642
2021-09-16,RealEstate,0.10212000000000002
2021-09-16,Tech,0.2994
2021-09-16,Utilities,0.43908
2021-09-17,Comm,0.08838
2021-09-17,Consumer,0.2081
2021-09-17,Energy,-0.13616
2021-09-17,Financials,0.1772
2021-09-17,Healthcare,0.4448
2021-09-17,Industrials,0.13957999999999998
2021-09-17,Materials,0.10533999999999999
2021-09-17,RealEstate,0.014100000000000001
2021-09-17,Tech,0.31404
2021-09-17,Utilities,0.39484
2021-09-20,Comm,0.36474
2021-09-20,Consumer,0.47430000000000005
2021-09-20,Energy,-0.04463999999999999
2021-09-20,Financials,0.27718000000000004
2021-09-20,Healthcare,0.09772
2021-09-20,Industrials,0.059199999999999996
2021-09-20,Materials,0.18372000000000002
2021-09-20,RealEstate,-0.08556
2021-09-20,Tech,0.07526000000000001
2021-09-20,Utilities,0.33120000000000005
2021-09-21,Comm,0.67512
2021-09-21,Consumer,0.4384
2021-09-21,Energy,0.18456
2021-09-21,Financials,-0.24733999999999998
2021-09-21,Healthcare,0.08114000000000003
2021-09-21,Industrials,-0.029099999999999994
2021-09-21,Materials,0.3238
2021-09-21,RealEstate,0.11717999999999999
2021-09-21,Tech,0.8177199999999999
2021-09-21,Utilities,0.27536
2021-09-22,Comm,0.29666000000000003
2021-09-22,Consumer,0.30712
2021-09-22,Energy,0.22388
2021-09-22,Financials,0.13232000000000002
2021-09-22,Healthcare,0.13288000000000003
2021-09-22,Industrials,-0.04526
2021-09-22,Materials,0.13616
2021-09-22,RealEstate,0.068
2021-09-22,Tech,0.45538
2021-09-22,Utilities,0.39972
2021-09-23,Comm,0.25844
2021-09-23,Consumer,0.49329999999999996
2021-09-23,Energy,0.31174
2021-09-23,Financials,0.15134
2021-09-23,Healthcare,-0.07669999999999999
2021-09-23,Industrials,0.08808
2021-09-23,Materials,0.07315999999999999
2021-09-23,RealEstate,0.14892
2021-09-23,Tech,0.31594
2021-09-23,Utilities,0.39972
2021-09-24,Comm,0.16442
2021-09-24,Consumer,0.59146
2021-09-24,Energy,0.34172
2021-09-24,Financials,0.15712
2021-09-24,Healthcare,0.26056
2021-09-24,Industrials,0.42736
2021-09-24,Materials,0.07315999999999999
2021-09-24,RealEstate,0.14892
2021-09-24,Tech,-0.09934000000000001
2021-09-24,Utilities,0.35214
2021-09-27,Comm,0.08068
2021-09-27,Consumer,0.10989999999999997
2021-09-27,Energy,-0.13108
2021-09-27,Financials,0.1464
2021-09-27,Healthcare,0.10478000000000001
2021-09-27,Industrials,0.186
2021-09-27,Materials,0.08038
2021-09-27,RealEstate,0.10846
2021-09-27,Tech,0.45592
2021-09-27,Utilities,0.35214
2021-09-28,Comm,0.25016
2021-09-28,Consumer,0.5786800000000001
2021-09-28,Energy,-0.08121999999999999
2021-09-28,Financials,0.51466
2021-09-28,Healthcare,0.48231999999999997
2021-09-28,Industrials,0.07771999999999998
2021-09-28,Materials,0.16076
2021-09-28,RealEstate,0.22462
2021-09-28,Tech,0.50454
2021-09-28,Utilities,0.3801
2021-09-29,Comm,0.43222000000000005
2021-09-29,Consumer,0.2996
2021-09-29,Energy,0.017479999999999985
2021-09-29,Financials,0.5522
2021-09-29,Healthcare,0.43439999999999995
2021-09-29,Industrials,0.21778
2021-09-29,Materials,0.08038
2021-09-29,RealEstate,0.32996
2021-09-29,Tech,0.37832
2021-09-29,Utilities,0.20328
2021-09-30,Comm,-0.05840000000000001
2021-09-30,Consumer,0.29182
2021-09-30,Energy,0.17918
2021-09-30,Financials,0.26408
2021-09-30,Healthcare,0.4606
2021-09-30,Industrials,0.31612
2021-09-30,Materials,0.08038
2021-09-30,RealEstate,0.16454
2021-09-30,Tech,0.63326
2021-09-30,Utilities,0.30862
2021-10-01,Comm,0.03111999999999999
2021-10-01,Consumer,0.04012
2021-10-01,Energy,0.28064
2021-10-01,Financials,0.22222
2021-10-01,Healthcare,0.12972
2021-10-01,Industrials,0.21698000000000003
2021-10-01,Materials,0.12498000000000001
2021-10-01,RealEstate,0.18004
2021-10-01,Tech,0.39346000000000003
2021-10-01,Utilities,-0.03243999999999999
2021-10-04,Comm,0.30748000000000003
2021-10-04,Consumer,0.49939999999999996
2021-10-04,Energy,0.43126
2021-10-04,Financials,0.37574
2021-10-04,Healthcare,0.18128
2021-10-04,Industrials,0.18395999999999998
2021-10-04,Materials,0.12498000000000001
2021-10-04,RealEstate,0.12083999999999999
2021-10-04,Tech,-0.15126
2021-10-04,Utilities,-0.01544
2021-10-05,Comm,0.03148000000000002
2021-10-05,Consumer,0.6745
2021-10-05,Energy,0.47947999999999996
2021-10-05,Financials,0.16976
2021-10-05,Healthcare,0.37828
2021-10-05,Industrials,0.09898
2021-10-05,Materials,0.12498000000000001
2021-10-05,RealEstate,0.0
2021-10-05,Tech,0.5644199999999999
2021-10-05,Utilities,-0.05197999999999999
2021-10-06,Comm,0.14662
2021-10-06,Consumer,-0.07121999999999999
2021-10-06,Energy,0.3657
2021-10-06,Financials,0.31067999999999996
2021-10-06,Healthcare,0.22721999999999998
2021-10-06,Industrials,0.059199999999999996
2021-10-06,Materials,-0.00411999999999999
2021-10-06,RealEstate,0.0
2021-10-06,Tech,0.36188000000000003
2021-10-06,Utilities,0.0663
2021-10-07,Comm,0.12796000000000002
2021-10-07,Consumer,0.65288
2021-10-07,Energy,0.5427
2021-10-07,Financials,0.16341999999999998
2021-10-07,Healthcare,0.30876
2021-10-07,Industrials,-0.37757999999999997
2021-10-07,Materials,0.29758000000000007
2021-10-07,RealEstate,0.19884
2021-10-07,Tech,0.36585999999999996
2021-10-07,Utilities,0.0663
2021-10-08,Comm,0.41702000000000006
2021-10-08,Consumer,0.16214
2021-10-08,Energy,0.07143999999999995
2021-10-08,Financials,0.26890000000000003
2021-10-08,Healthcare,0.41928
2021-10-08,Industrials,-0.22898000000000002
2021-10-08,Materials,0.19962
2021-10-08,RealEstate,0.19884
2021-10-08,Tech,-0.021320000000000006
2021-10-08,Utilities,0.16508
2021-10-11,Comm,0.017459999999999996
2021-10-11,Consumer,-0.023059999999999987
2021-10-11,Energy,0.23525999999999997
2021-10-11,Financials,0.14272
2021-10-11,Healthcare,0.2419
2021-10-11,Industrials,-0.12611999999999998
2021-10-11,Materials,0.30498
2021-10-11,RealEstate,0.32622
2021-10-11,Tech,0.23097999999999996
2021-10-11,Utilities,0.16508
2021-10-12,Comm,0.39358
2021-10-12,Consumer,0.48784
2021-10-12,Energy,0.04066000000000001
2021-10-12,Financials,0.67504
2021-10-12,Healthcare,0.04378
2021-10-12,Industrials,0.37551999999999996
2021-10-12,Materials,0.22708
2021-10-12,RealEstate,0.08038
2021-10-12,Tech,0.24901999999999996
2021-10-12,Utilities,0.36236
2021-10-13,Comm,0.50014
2021-10-13,Consumer,0.32906
2021-10-13,Energy,0.22842
2021-10-13,Financials,0.21878000000000003
2021-10-13,Healthcare,0.45074000000000003
2021-10-13,Industrials,0.29122
2021-10-13,Materials,0.014559999999999995
2021-10-13,RealEstate,0.08038
2021-10-13,Tech,0.67382
2021-10-13,Utilities,0.36236
2021-10-14,Comm,0.17354
2021-10-14,Consumer,0.2303
2021-10-14,Energy,0.33752
2021-10-14,Financials,0.53528
2021-10-14,Healthcare,-0.047660000000000015
2021-10-14,Industrials,0.1099
2021-10-14,Materials,0.23764000000000002
2021-10-14,RealEstate,0.25932
2021-10-14,Tech,0.39484
2021-10-14,Utilities,0.13442000000000004
2021-10-15,Comm,-0.05174000000000001
2021-10-15,Consumer,0.5841000000000001
2021-10-15,Energy,0.26246
2021-10-15,Financials,0.71072
2021-10-15,Healthcare,0.0
2021-10-15,Industrials,0.26934
2021-10-15,Materials,-0.08338000000000001
2021-10-15,RealEstate,0.19262
2021-10-15,Tech,0.26996000000000003
2021-10-15,Utilities,0.11388000000000002
2021-10-18,Comm,0.17896
2021-10-18,Consumer,0.66814
2021-10-18,Energy,0.40952
2021-10-18,Financials,0.649
2021-10-18,Healthcare,0.24177999999999997
2021-10-18,Industrials,0.42094000000000004
2021-10-18,Materials,-0.08338000000000001
2021-10-18,RealEstate,0.30906
2021-10-18,Tech,0.24272
2021-10-18,Utilities,0.22552000000000003
2021-10-19,Comm,0.43178
2021-10-19,Consumer,0.49732000000000004
2021-10-19,Energy,0.15458
2021-10-19,Financials,0.13667999999999997
2021-10-19,Healthcare,0.63988
2021-10-19,Industrials,0.21092
2021-10-19,Materials,-0.017600000000000015
2021-10-19,RealEstate,0.18658000000000002
2021-10-19,Tech,0.27196
2021-10-19,Utilities,0.34540000000000004
2021-10-20,Comm,0.29311999999999994
2021-10-20,Consumer,0.45202
2021-10-20,Energy,0.3414
2021-10-20,Financials,-0.2521
2021-10-20,Healthcare,0.22976000000000002
2021-10-20,Industrials,0.21664000000000003
2021-10-20,Materials,0.02285999999999999
2021-10-20,RealEstate,0.13555999999999999
2021-10-20,Tech,0.63956
2021-10-20,Utilities,0.07224
2021-10-21,Comm,0.36191999999999996
2021-10-21,Consumer,0.38008
2021-10-21,Energy,0.31054000000000004
2021-10-21,Financials,-0.02772
2021-10-21,Healthcare,0.30496
2021-10-21,Industrials,-0.00019999999999998909
2021-10-21,Materials,-0.03558
2021-10-21,RealEstate,0.18556
2021-10-21,Tech,0.22686
2021-10-21,Utilities,0.29154
2021-10-22,Comm,0.14464
2021-10-22,Consumer,0.17586
2021-10-22,Energy,0.17129999999999998
2021-10-22,Financials,0.09708
2021-10-22,Healthcare,0.39956
2021-10-22,Industrials,-0.0774
2021-10-22,Materials,0.14496
2021-10-22,RealEstate,0.15760000000000002
2021-10-22,Tech,0.31814
2021-10-22,Utilities,0.29154
2021-10-25,Comm,0.37854
2021-10-25,Consumer,0.27542
2021-10-25,Energy,0.38998
2021-10-25,Financials,-0.047680000000000014
2021-10-25,Healthcare,0.30474
2021-10-25,Industrials,0.25236000000000003
2021-10-25,Materials,0.21808
2021-10-25,RealEstate,0.2132
2021-10-25,Tech,0.5362600000000001
2021-10-25,Utilities,0.37842
2021-10-26,Comm,0.59734
2021-10-26,Consumer,0.46975999999999996
2021-10-26,Energy,0.59904
2021-10-26,Financials,0.29834
2021-10-26,Healthcare,0.14201999999999998
2021-10-26,Industrials,0.09952000000000001
2021-10-26,Materials,0.21105999999999997
2021-10-26,RealEstate,0.10998000000000001
2021-10-26,Tech,-0.10655999999999999
2021-10-26,Utilities,0.41044
2021-10-27,Comm,0.39878
2021-10-27,Consumer,0.11376
2021-10-27,Energy,0.5206000000000001
2021-10-27,Financials,0.45164
2021-10-27,Healthcare,-0.10003999999999999
2021-10-27,Industrials,0.34408
2021-10-27,Materials,0.13998
2021-10-27,RealEstate,0.18826
2021-10-27,Tech,0.36208
2021-10-27,Utilities,0.2915
2021-10-28,Comm,0.46592
2021-10-28,Consumer,0.39748
2021-10-28,Energy,0.06408
2021-10-28,Financials,0.2781
2021-10-28,Healthcare,0.34293999999999997
2021-10-28,Industrials,0.033099999999999984
2021-10-28,Materials,0.19068
2021-10-28,RealEstate,0.06806000000000001
2021-10-28,Tech,0.18768
2021-10-28,Utilities,0.21454
2021-10-29,Comm,0.31311999999999995
2021-10-29,Consumer,0.12608
2021-10-29,Energy,0.3906
2021-10-29,Financials,0.36496000000000006
2021-10-29,Healthcare,0.31492
2021-10-29,Industrials,0.44841999999999993
2021-10-29,Materials,0.12092
2021-10-29,RealEstate,0.13568
2021-10-29,Tech,0.49412
2021-10-29,Utilities,-0.015659999999999997
2021-11-01,Comm,0.4096
2021-11-01,Consumer,0.24846
2021-11-01,Energy,0.64552
2021-11-01,Financials,0.42732000000000003
2021-11-01,Healthcare,0.23970000000000002
2021-11-01,Industrials,0.13391999999999998
2021-11-01,Materials,0.08534
2021-11-01,RealEstate,0.18326
2021-11-01,Tech,0.40115999999999996
2021-11-01,Utilities,0.11936
2021-11-02,Comm,0.22366000000000003
2021-11-02,Consumer,0.2598
2021-11-02,Energy,0.38212
2021-11-02,Financials,0.4474
2021-11-02,Healthcare,0.49128
2021-11-02,Industrials,0.22083999999999998
2021-11-02,Materials,-0.03062
2021-11-02,RealEstate,-0.0044399999999999995
2021-11-02,Tech,0.56088
2021-11-02,Utilities,0.23079999999999998
2021-11-03,Comm,0.4787
2021-11-03,Consumer,0.44614000000000004
2021-11-03,Energy,0.13555999999999999
2021-11-03,Financials,0.048560000000000006
2021-11-03,Healthcare,0.4351
2021-11-03,Industrials,0.14564
2021-11-03,Materials,-0.06170000000000001
2021-11-03,RealEstate,0.03602
2021-11-03,Tech,0.3552
2021-11-03,Utilities,0.17616
2021-11-04,Comm,0.43708
2021-11-04,Consumer,0.54976
2021-11-04,Energy,0.32872
2021-11-04,Financials,0.23666
2021-11-04,Healthcare,0.41850000000000004
2021-11-04,Industrials,0.08286
2021-11-04,Materials,-0.06170000000000001
2021-11-04,RealEstate,0.03602
2021-11-04,Tech,0.6993
2021-11-04,Utilities,0.1187
2021-11-05,Comm,0.45118
2021-11-05,Consumer,0.26604
2021-11-05,Energy,0.48575999999999997
2021-11-05,Financials,0.4984
2021-11-05,Healthcare,0.46868
2021-11-05,Industrials,0.031100000000000006
2021-11-05,Materials,-0.14256000000000002
2021-11-05,RealEstate,0.22271999999999997
2021-11-05,Tech,0.6667
2021-11-05,Utilities,0.2717
2021-11-08,Comm,0.37317999999999996
2021-11-08,Consumer,0.5105999999999999
2021-11-08,Energy,0.38546
2021-11-08,Financials,0.2088
2021-11-08,Healthcare,0.55652
2021-11-08,Industrials,0.29008
2021-11-08,Materials,0.0668
2021-11-08,RealEstate,0.22271999999999997
2021-11-08,Tech,-0.08125999999999999
2021-11-08,Utilities,0.34052
2021-11-09,Comm,-0.2313
2021-11-09,Consumer,0.33433999999999997
2021-11-09,Energy,0.41432
2021-11-09,Financials,-0.0268
2021-11-09,Healthcare,0.44414
2021-11-09,Industrials,0.028739999999999988
2021-11-09,Materials,0.08808
2021-11-09,RealEstate,0.02054
2021-11-09,Tech,0.3201
2021-11-09,Utilities,0.12940000000000002
2021-11-10,Comm,-0.01454000000000002
2021-11-10,Consumer,0.25568
2021-11-10,Energy,0.15434
2021-11-10,Financials,0.052500000000000005
2021-11-10,Healthcare,0.3054
2021-11-10,Industrials,0.28578000000000003
2021-11-10,Materials,0.14728
2021-11-10,RealEstate,0.20223999999999998
2021-11-10,Tech,0.32758
2021-11-10,Utilities,0.014720000000000006
2021-11-11,Comm,-0.23237999999999998
2021-11-11,Consumer,0.11108
2021-11-11,Energy,-0.020159999999999977
2021-11-11,Financials,0.08575999999999999
2021-11-11,Healthcare,-0.06394000000000001
2021-11-11,Industrials,-0.12183999999999998
2021-11-11,Materials,0.2603
2021-11-11,RealEstate,0.20223999999999998
2021-11-11,Tech,0.33762
2021-11-11,Utilities,0.0951
2021-11-12,Comm,0.08747999999999997
2021-11-12,Consumer,0.28394
2021-11-12,Energy,0.11383999999999998
2021-11-12,Financials,0.05109999999999998
2021-11-12,Healthcare,0.2902
2021-11-12,Industrials,0.23196
2021-11-12,Materials,0.18922
2021-11-12,RealEstate,0.2964
2021-11-12,Tech,0.3917
2021-11-12,Utilities,0.04948
2021-11-15,Comm,0.12519999999999998
2021-11-15,Consumer,0.2003
2021-11-15,Energy,0.11383999999999998
2021-11-15,Financials,-0.06328000000000002
2021-11-15,Healthcare,0.18553999999999998
2021-11-15,Industrials,0.32372
2021-11-15,Materials,0.3141
2021-11-15,RealEstate,0.16812
2021-11-15,Tech,0.0413
2021-11-15,Utilities,0.13378
2021-11-16,Comm,0.33262
2021-11-16,Consumer,0.16626000000000002
2021-11-16,Energy,0.1311
2021-11-16,Financials,0.42300000000000004
2021-11-16,Healthcare,0.23027999999999998
2021-11-16,Industrials,0.3987
2021-11-16,Materials,0.26898
2021-11-16,RealEstate,0.34222
2021-11-16,Tech,0.41566000000000003
2021-11-16,Utilities,0.45607999999999993
2021-11-17,Comm,0.12374
2021-11-17,Consumer,0.38767999999999997
2021-11-17,Energy,-0.01774
2021-11-17,Financials,0.33398
2021-11-17,Healthcare,0.38248
2021-11-17,Industrials,0.29325999999999997
2021-11-17,Materials,0.26176
2021-11-17,RealEstate,0.20406
2021-11-17,Tech,0.65872
2021-11-17,Utilities,0.20591999999999996
2021-11-18,Comm,-0.00516
2021-11-18,Consumer,0.57218
2021-11-18,Energy,0.0747
2021-11-18,Financials,0.023419999999999996
2021-11-18,Healthcare,0.5947199999999999
2021-11-18,Industrials,0.20140000000000002
2021-11-18,Materials,0.37336
2021-11-18,RealEstate,0.24452
2021-11-18,Tech,0.41453999999999996
2021-11-18,Utilities,0.28803999999999996
2021-11-19,Comm,0.25944
2021-11-19,Consumer,0.5269199999999999
2021-11-19,Energy,0.013819999999999994
2021-11-19,Financials,0.54108
2021-11-19,Healthcare,0.06137999999999999
2021-11-19,Industrials,0.22649999999999998
2021-11-19,Materials,0.39896000000000004
2021-11-19,RealEstate,0.40352
2021-11-19,Tech,0.5253
2021-11-19,Utilities,0.059199999999999996
2021-11-22,Comm,0.15262
2021-11-22,Consumer,0.29956
2021-11-22,Energy,0.08048
2021-11-22,Financials,0.36252
2021-11-22,Healthcare,0.27732
2021-11-22,Industrials,0.07088
2021-11-22,Materials,0.3226
2021-11-22,RealEstate,0.40352
2021-11-22,Tech,0.29178000000000004
2021-11-22,Utilities,0.17637999999999998
2021-11-23,Comm,0.21017999999999998
2021-11-23,Consumer,0.54576
2021-11-23,Energy,-0.10955999999999999
2021-11-23,Financials,0.73404
2021-11-23,Healthcare,-0.005580000000000007
2021-11-23,Industrials,0.06816
2021-11-23,Materials,0.40991999999999995
2021-11-23,RealEstate,0.46512000000000003
2021-11-23,Tech,0.63686
2021-11-23,Utilities,0.33942
2021-11-24,Comm,0.1539
2021-11-24,Consumer,0.36254
2021-11-24,Energy,0.51752
2021-11-24,Financials,0.1368
2021-11-24,Healthcare,0.12584
2021-11-24,Industrials,0.1903
2021-11-24,Materials,0.19970000000000002
2021-11-24,RealEstate,0.46512000000000003
2021-11-24,Tech,0.53432
2021-11-24,Utilities,0.18518
2021-11-26,Comm,0.35832
2021-11-26,Consumer,0.22504
2021-11-26,Energy,0.24138
2021-11-26,Financials,0.17246
2021-11-26,Healthcare,-0.17255999999999996
2021-11-26,Industrials,0.09152
2021-11-26,Materials,0.08092
2021-11-26,RealEstate,0.43255999999999994
2021-11-26,Tech,0.08913999999999998
2021-11-26,Utilities,0.25318
2021-11-29,Comm,0.16484000000000001
2021-11-29,Consumer,0.70538
2021-11-29,Energy,-0.21066000000000001
2021-11-29,Financials,-0.16352
2021-11-29,Healthcare,-0.009239999999999993
2021-11-29,Industrials,-0.05129999999999999
2021-11-29,Materials,0.04046
2021-11-29,RealEstate,0.5194799999999999
2021-11-29,Tech,0.19024000000000002
2021-11-29,Utilities,0.25318
2021-11-30,Comm,-0.16836
2021-11-30,Consumer,0.05995999999999999
2021-11-30,Energy,0.18919999999999998
2021-11-30,Financials,0.11551999999999998
2021-11-30,Healthcare,0.36326
2021-11-30,Industrials,0.02026
2021-11-30,Materials,0.04046
2021-11-30,RealEstate,0.29535999999999996
2021-11-30,Tech,0.55176
2021-11-30,Utilities,0.40020000000000006
2021-12-01,Comm,-0.021100000000000008
2021-12-01,Consumer,0.48866
2021-12-01,Energy,0.10793999999999997
2021-12-01,Financials,0.47928
2021-12-01,Healthcare,0.28364
2021-12-01,Industrials,0.12398
2021-12-01,Materials,0.12083999999999999
2021-12-01,RealEstate,0.0
2021-12-01,Tech,0.35603999999999997
2021-12-01,Utilities,0.35975999999999997
2021-12-02,Comm,0.2426
2021-12-02,Consumer,-0.36568
2021-12-02,Energy,0.3114
2021-12-02,Financials,-0.0465
2021-12-02,Healthcare,0.07398000000000002
2021-12-02,Industrials,-0.12913999999999998
2021-12-02,Materials,-0.07942
2021-12-02,RealEstate,0.04046
2021-12-02,Tech,-0.009819999999999985
2021-12-02,Utilities,0.24762
2021-12-03,Comm,-0.07680000000000001
2021-12-03,Consumer,0.2999
2021-12-03,Energy,0.4969799999999999
2021-12-03,Financials,0.29122000000000003
2021-12-03,Healthcare,-0.06664
2021-12-03,Industrials,-0.005099999999999999
2021-12-03,Materials,-0.22566000000000003
2021-12-03,RealEstate,0.3233
2021-12-03,Tech,0.42384000000000005
2021-12-03,Utilities,0.12264
2021-12-06,Comm,-0.05294
2021-12-06,Consumer,0.65374
2021-12-06,Energy,0.23956
2021-12-06,Financials,0.18980000000000002
2021-12-06,Healthcare,0.40215999999999996
2021-12-06,Industrials,0.12738
2021-12-06,Materials,0.014179999999999998
2021-12-06,RealEstate,0.05069999999999999
2021-12-06,Tech,0.43062000000000006
2021-12-06,Utilities,0.27244
2021-12-07,Comm,0.16286
2021-12-07,Consumer,0.45411999999999997
2021-12-07,Energy,0.20322
2021-12-07,Financials,0.19978
2021-12-07,Healthcare,0.21364
2021-12-07,Industrials,0.32283999999999996
2021-12-07,Materials,0.09534000000000001
2021-12-07,RealEstate,0.04502
2021-12-07,Tech,0.71076
2021-12-07,Utilities,0.29946
2021-12-08,Comm,0.27058
2021-12-08,Consumer,-0.02942
2021-12-08,Energy,0.31798000000000004
2021-12-08,Financials,0.1673
2021-12-08,Healthcare,0.0736
2021-12-08,Industrials,0.26838
2021-12-08,Materials,0.09534000000000001
2021-12-08,RealEstate,-0.05464
2021-12-08,Tech,0.64074
2021-12-08,Utilities,0.38622
2021-12-09,Comm,0.40286
2021-12-09,Consumer,0.18674000000000002
2021-12-09,Energy,0.29484
2021-12-09,Financials,0.14006
2021-12-09,Healthcare,0.08218
2021-12-09,Industrials,0.05846
2021-12-09,Materials,0.08808
2021-12-09,RealEstate,-0.04544
2021-12-09,Tech,0.25986000000000004
2021-12-09,Utilities,0.33158
2021-12-10,Comm,0.24775999999999998
2021-12-10,Consumer,0.42969999999999997
2021-12-10,Energy,0.15474000000000002
2021-12-10,Financials,0.5525599999999999
2021-12-10,Healthcare,0.06118
2021-12-10,Industrials,0.16468
2021-12-10,Materials,0.23471999999999998
2021-12-10,RealEstate,0.18891999999999998
2021-12-10,Tech,0.37118
2021-12-10,Utilities,0.33158
2021-12-13,Comm,0.23676
2021-12-13,Consumer,0.166
2021-12-13,Energy,0.3289
2021-12-13,Financials,0.06254
2021-12-13,Healthcare,-0.041180000000000015
2021-12-13,Industrials,0.2137
2021-12-13,Materials,0.30272
2021-12-13,RealEstate,0.20424000000000003
2021-12-13,Tech,0.36958
2021-12-13,Utilities,0.3027
2021-12-14,Comm,0.06592
2021-12-14,Consumer,0.21448
2021-12-14,Energy,0.32264
2021-12-14,Financials,0.71862
2021-12-14,Healthcare,0.5015000000000001
2021-12-14,Industrials,-0.02994
2021-12-14,Materials,0.14838
2021-12-14,RealEstate,0.04046
2021-12-14,Tech,0.414
2021-12-14,Utilities,0.43823999999999996
2021-12-15,Comm,0.2085
2021-12-15,Consumer,0.34299999999999997
2021-12-15,Energy,0.3351
2021-12-15,Financials,0.25012
2021-12-15,Healthcare,0.17472000000000001
2021-12-15,Industrials,0.20826000000000003
2021-12-15,Materials,0.32802
2021-12-15,RealEstate,0.38330000000000003
2021-12-15,Tech,0.04284
2021-12-15,Utilities,0.25529999999999997
2021-12-16,Comm,0.19364
2021-12-16,Consumer,0.75736
2021-12-16,Energy,0.29775999999999997
2021-12-16,Financials,0.19468000000000002
2021-12-16,Healthcare,0.035660000000000004
2021-12-16,Industrials,0.11717999999999999
2021-12-16,Materials,0.22238000000000002
2021-12-16,RealEstate,0.28922000000000003
2021-12-16,Tech,0.6472
2021-12-16,Utilities,0.1464
2021-12-17,Comm,0.32358
2021-12-17,Consumer,0.6057400000000001
2021-12-17,Energy,0.07024
2021-12-17,Financials,-0.011760000000000015
2021-12-17,Healthcare,0.12394000000000001
2021-12-17,Industrials,-0.21880000000000002
2021-12-17,Materials,0.07936
2021-12-17,RealEstate,0.24986000000000003
2021-12-17,Tech,0.3843
2021-12-17,Utilities,0.09176
2021-12-20,Comm,0.10346
2021-12-20,Consumer,0.46719999999999995
2021-12-20,Energy,0.47054
2021-12-20,Financials,0.18306
2021-12-20,Healthcare,0.36992
2021-12-20,Industrials,0.010380000000000006
2021-12-20,Materials,0.07936
2021-12-20,RealEstate,0.22964
2021-12-20,Tech,-0.26833999999999997
2021-12-20,Utilities,0.0
2021-12-21,Comm,0.37439999999999996
2021-12-21,Consumer,0.28916
2021-12-21,Energy,0.12304
2021-12-21,Financials,0.0042200000000000015
2021-12-21,Healthcare,0.31958
2021-12-21,Industrials,0.06344000000000001
2021-12-21,Materials,0.07782
2021-12-21,RealEstate,0.26256
2021-12-21,Tech,0.42942
2021-12-21,Utilities,0.22271999999999997
2021-12-22,Comm,0.1272
2021-12-22,Consumer,0.571
2021-12-22,Energy,0.0684
2021-12-22,Financials,0.36488
2021-12-22,Healthcare,0.4558400000000001
2021-12-22,Industrials,0.16246
2021-12-22,Materials,0.07782
2021-12-22,RealEstate,0.27568000000000004
2021-12-22,Tech,0.48613999999999996
2021-12-22,Utilities,0.29096
2021-12-23,Comm,0.39874
2021-12-23,Consumer,0.04416
2021-12-23,Energy,0.16076
2021-12-23,Financials,0.24362
2021-12-23,Healthcare,0.03684
2021-12-23,Industrials,0.44942000000000004
2021-12-23,Materials,0.07782
2021-12-23,RealEstate,0.23521999999999998
2021-12-23,Tech,0.88526
2021-12-23,Utilities,0.22271999999999997
2021-12-27,Comm,0.32345999999999997
2021-12-27,Consumer,0.28624
2021-12-27,Energy,-0.09534000000000001
2021-12-27,Financials,0.20271999999999996
2021-12-27,Healthcare,0.44821999999999995
2021-12-27,Industrials,0.19141999999999998
2021-12-27,Materials,0.24504
2021-12-27,RealEstate,0.12083999999999999
2021-12-27,Tech,0.42650000000000005
2021-12-27,Utilities,0.15072000000000002
2021-12-28,Comm,0.36028
2021-12-28,Consumer,0.52504
2021-12-28,Energy,0.44132
2021-12-28,Financials,0.40404
2021-12-28,Healthcare,0.53144
2021-12-28,Industrials,0.43944
2021-12-28,Materials,0.07016
2021-12-28,RealEstate,0.021039999999999993
2021-12-28,Tech,0.37474
2021-12-28,Utilities,0.018739999999999996
2021-12-29,Comm,0.22712
2021-12-29,Consumer,-0.00024000000000001798
2021-12-29,Energy,-0.022320000000000007
2021-12-29,Financials,0.20779999999999998
2021-12-29,Healthcare,0.29575999999999997
2021-12-29,Industrials,0.11598
2021-12-29,Materials,0.34354
2021-12-29,RealEstate,0.10533999999999999
2021-12-29,Tech,0.69828
2021-12-29,Utilities,-0.00633999999999999
2021-12-30,Comm,0.10846
2021-12-30,Consumer,0.03658
2021-12-30,Energy,0.20764
2021-12-30,Financials,-0.04526
2021-12-30,Healthcare,0.29164
2021-12-30,Industrials,0.23886
2021-12-30,Materials,0.36558
2021-12-30,RealEstate,0.25498
2021-12-30,Tech,0.5337799999999999
2021-12-30,Utilities,0.07368000000000001
2021-12-31,Comm,0.42514
2021-12-31,Consumer,0.32064
2021-12-31,Energy,0.15997999999999998
2021-12-31,Financials,0.5886
2021-12-31,Healthcare,0.43141999999999997
2021-12-31,Industrials,0.19578
2021-12-31,Materials,0.34734
2021-12-31,RealEstate,0.24323999999999998
2021-12-31,Tech,0.52764
2021-12-31,Utilities,0.19562
2022-01-03,Comm,0.12054000000000001
2022-01-03,Consumer,0.06518
2022-01-03,Energy,0.39756
2022-01-03,Financials,0.19856000000000001
2022-01-03,Healthcare,0.15075999999999998
2022-01-03,Industrials,0.0843
2022-01-03,Materials,0.34734
2022-01-03,RealEstate,0.18734
2022-01-03,Tech,0.49973999999999996
2022-01-03,Utilities,0.32248
2022-01-04,Comm,-0.07392000000000001
2022-01-04,Consumer,0.31222000000000005
2022-01-04,Energy,0.18380000000000002
2022-01-04,Financials,0.14896
2022-01-04,Healthcare,0.59712
2022-01-04,Industrials,0.32608000000000004
2022-01-04,Materials,0.24821999999999997
2022-01-04,RealEstate,0.17121999999999998
2022-01-04,Tech,0.6262000000000001
2022-01-04,Utilities,0.15672
2022-01-05,Comm,0.18078
2022-01-05,Consumer,0.0
2022-01-05,Energy,0.22332000000000002
2022-01-05,Financials,0.36948
2022-01-05,Healthcare,0.19506
2022-01-05,Industrials,0.42497999999999997
2022-01-05,Materials,0.12738
2022-01-05,RealEstate,0.23042
2022-01-05,Tech,0.45566000000000006
2022-01-05,Utilities,0.20779999999999998
2022-01-06,Comm,0.4125
2022-01-06,Consumer,0.22918
2022-01-06,Energy,0.32708
2022-01-06,Financials,0.25461999999999996
2022-01-06,Healthcare,-0.004799999999999994
2022-01-06,Industrials,0.32080000000000003
2022-01-06,Materials,0.05464
2022-01-06,RealEstate,0.10682
2022-01-06,Tech,0.6784399999999999
2022-01-06,Utilities,0.14078
2022-01-07,Comm,0.5551
2022-01-07,Consumer,0.52276
2022-01-07,Energy,0.056519999999999994
2022-01-07,Financials,0.26189999999999997
2022-01-07,Healthcare,0.41626
2022-01-07,Industrials,0.23388
2022-01-07,Materials,0.16784000000000002
2022-01-07,RealEstate,0.22374
2022-01-07,Tech,0.31368
2022-01-07,Utilities,0.19998
2022-01-10,Comm,0.33912
2022-01-10,Consumer,0.14862
2022-01-10,Energy,0.36538
2022-01-10,Financials,0.16888
2022-01-10,Healthcare,0.50488
2022-01-10,Industrials,0.23802000000000004
2022-01-10,Materials,0.24822000000000002
2022-01-10,RealEstate,0.22374
2022-01-10,Tech,-0.01262000000000001
2022-01-10,Utilities,0.25060000000000004
2022-01-11,Comm,0.31908000000000003
2022-01-11,Consumer,0.38576
2022-01-11,Energy,0.34312
2022-01-11,Financials,0.48721999999999993
2022-01-11,Healthcare,0.51868
2022-01-11,Industrials,0.47729999999999995
2022-01-11,Materials,0.30742
2022-01-11,RealEstate,0.35112
2022-01-11,Tech,0.27696
2022-01-11,Utilities,0.5794400000000001
2022-01-12,Comm,0.23356
2022-01-12,Consumer,0.12204000000000001
2022-01-12,Energy,0.38289999999999996
2022-01-12,Financials,0.23432
2022-01-12,Healthcare,0.38888
2022-01-12,Industrials,0.20454
2022-01-12,Materials,0.22704
2022-01-12,RealEstate,0.06507999999999997
2022-01-12,Tech,0.50946
2022-01-12,Utilities,0.43474
2022-01-13,Comm,0.32504
2022-01-13,Consumer,0.21472000000000002
2022-01-13,Energy,0.54622
2022-01-13,Financials,0.62432
2022-01-13,Healthcare,0.32880000000000004
2022-01-13,Industrials,0.31623999999999997
2022-01-13,Materials,0.16784000000000002
2022-01-13,RealEstate,-0.10028000000000001
2022-01-13,Tech,0.6060800000000001
2022-01-13,Utilities,0.43474
2022-01-14,Comm,0.5160600000000001
2022-01-14,Consumer,0.488
2022-01-14,Energy,0.46338
2022-01-14,Financials,0.70172
2022-01-14,Healthcare,0.30486
2022-01-14,Industrials,0.15716
2022-01-14,Materials,0.32276000000000005
2022-01-14,RealEstate,-0.006319999999999992
2022-01-14,Tech,0.6699200000000001
2022-01-14,Utilities,0.41822
2022-01-18,Comm,0.136
2022-01-18,Consumer,-0.11042
2022-01-18,Energy,0.30722
2022-01-18,Financials,0.33812
2022-01-18,Healthcare,0.41018
2022-01-18,Industrials,0.39574
2022-01-18,Materials,0.32258
2022-01-18,RealEstate,0.16678
2022-01-18,Tech,0.5309
2022-01-18,Utilities,0.24114
2022-01-19,Comm,-0.30491999999999997
2022-01-19,Consumer,0.15718000000000001
2022-01-19,Energy,0.7627200000000001
2022-01-19,Financials,0.89168
2022-01-19,Healthcare,0.5872200000000001
2022-01-19,Industrials,0.10034000000000001
2022-01-19,Materials,0.18932000000000002
2022-01-19,RealEstate,-0.08038
2022-01-19,Tech,0.79728
2022-01-19,Utilities,0.6049800000000001
2022-01-20,Comm,0.29174
2022-01-20,Consumer,0.28872
2022-01-20,Energy,0.2432
2022-01-20,Financials,0.5276400000000001
2022-01-20,Healthcare,0.20064
2022-01-20,Industrials,0.18934
2022-01-20,Materials,0.37473999999999996
2022-01-20,RealEstate,0.18402000000000002
2022-01-20,Tech,0.82614
2022-01-20,Utilities,0.29050000000000004
2022-01-21,Comm,0.5698000000000001
2022-01-21,Consumer,0.35758
2022-01-21,Energy,0.44214000000000003
2022-01-21,Financials,0.41790000000000005
2022-01-21,Healthcare,0.05716
2022-01-21,Industrials,0.4091
2022-01-21,Materials,0.27199999999999996
2022-01-21,RealEstate,0.41468
2022-01-21,Tech,0.8589399999999999
2022-01-21,Utilities,0.52068
2022-01-24,Comm,0.55098
2022-01-24,Consumer,0.32322
2022-01-24,Energy,0.44938
2022-01-24,Financials,0.6459400000000001
2022-01-24,Healthcare,-0.223
2022-01-24,Industrials,0.22218
2022-01-24,Materials,0.1947
2022-01-24,RealEstate,0.39324
2022-01-24,Tech,0.6828000000000001
2022-01-24,Utilities,0.37995999999999996
2022-01-25,Comm,0.44514
2022-01-25,Consumer,0.42688
2022-01-25,Energy,0.09032
2022-01-25,Financials,0.71638
2022-01-25,Healthcare,0.0963
2022-01-25,Industrials,0.50542
2022-01-25,Materials,0.35851999999999995
2022-01-25,RealEstate,0.19748
2022-01-25,Tech,0.56552
2022-01-25,Utilities,0.17029999999999998
2022-01-26,Comm,0.16522
2022-01-26,Consumer,0.27552
2022-01-26,Energy,0.44695999999999997
2022-01-26,Financials,0.6335200000000001
2022-01-26,Healthcare,-0.1907
2022-01-26,Industrials,0.54496
2022-01-26,Materials,0.19476
2022-01-26,RealEstate,0.22763999999999998
2022-01-26,Tech,0.28747999999999996
2022-01-26,Utilities,0.46634000000000003
2022-01-27,Comm,0.5435399999999999
2022-01-27,Consumer,0.35518
2022-01-27,Energy,0.63122
2022-01-27,Financials,0.28512
2022-01-27,Healthcare,0.29964
2022-01-27,Industrials,0.23102
2022-01-27,Materials,0.15484
2022-01-27,RealEstate,0.23534000000000002
2022-01-27,Tech,0.6352599999999999
2022-01-27,Utilities,0.33453999999999995
2022-01-28,Comm,0.59082
2022-01-28,Consumer,0.13954
2022-01-28,Energy,0.40358
2022-01-28,Financials,0.6316599999999999
2022-01-28,Healthcare,0.53
2022-01-28,Industrials,0.3155
2022-01-28,Materials,0.44846
2022-01-28,RealEstate,0.55486
2022-01-28,Tech,0.55674
2022-01-28,Utilities,0.4678
2022-01-31,Comm,-0.15094000000000002
2022-01-31,Consumer,0.08496000000000001
2022-01-31,Energy,0.50652
2022-01-31,Financials,0.5562400000000001
2022-01-31,Healthcare,0.26374
2022-01-31,Industrials,0.50822
2022-01-31,Materials,0.28494
2022-01-31,RealEstate,0.061139999999999986
2022-01-31,Tech,0.65868
2022-01-31,Utilities,0.31544
2022-02-01,Comm,0.3889
2022-02-01,Consumer,0.6134000000000001
2022-02-01,Energy,0.44189999999999996
2022-02-01,Financials,0.1627
2022-02-01,Healthcare,0.59594
2022-02-01,Industrials,0.42135999999999996
2022-02-01,Materials,0.09807999999999999
2022-02-01,RealEstate,0.52222
2022-02-01,Tech,0.63654
2022-02-01,Utilities,0.34468
2022-02-02,Comm,0.18308
2022-02-02,Consumer,-0.20846
2022-02-02,Energy,0.42406000000000005
2022-02-02,Financials,0.22056
2022-02-02,Healthcare,0.15182
2022-02-02,Industrials,0.1534
2022-02-02,Materials,0.27562
2022-02-02,RealEstate,0.55146
2022-02-02,Tech,0.55654
2022-02-02,Utilities,0.50712
2022-02-03,Comm,0.40540000000000004
2022-02-03,Consumer,0.02295999999999998
2022-02-03,Energy,0.5088
2022-02-03,Financials,0.58022
2022-02-03,Healthcare,0.11850000000000001
2022-02-03,Industrials,0.38974
2022-02-03,Materials,0.22586000000000003
2022-02-03,RealEstate,0.15914
2022-02-03,Tech,0.76512
2022-02-03,Utilities,0.35428
2022-02-04,Comm,0.48694
2022-02-04,Consumer,0.32994
2022-02-04,Energy,0.06358000000000001
2022-02-04,Financials,0.28764
2022-02-04,Healthcare,0.24481999999999998
2022-02-04,Industrials,0.27590000000000003
2022-02-04,Materials,0.03456
2022-02-04,RealEstate,0.23693999999999998
2022-02-04,Tech,0.26748000000000005
2022-02-04,Utilities,0.48944
2022-02-07,Comm,0.14792
2022-02-07,Consumer,0.2992
2022-02-07,Energy,0.19202
2022-02-07,Financials,0.43598
2022-02-07,Healthcare,-0.16110000000000002
2022-02-07,Industrials,0.54556
2022-02-07,Materials,0.19064
2022-02-07,RealEstate,0.23693999999999998
2022-02-07,Tech,0.15764
2022-02-07,Utilities,0.4789
2022-02-08,Comm,0.5707800000000001
2022-02-08,Consumer,0.38764
2022-02-08,Energy,0.45334
2022-02-08,Financials,0.04266000000000001
2022-02-08,Healthcare,0.5229
2022-02-08,Industrials,0.39180000000000004
2022-02-08,Materials,0.19963999999999998
2022-02-08,RealEstate,0.12498000000000001
2022-02-08,Tech,0.19571999999999998
2022-02-08,Utilities,0.31548
2022-02-09,Comm,0.1877
2022-02-09,Consumer,0.69406
2022-02-09,Energy,0.7501
2022-02-09,Financials,0.45346000000000003
2022-02-09,Healthcare,0.34006
2022-02-09,Industrials,0.12368000000000001
2022-02-09,Materials,0.28121999999999997
2022-02-09,RealEstate,0.16678
2022-02-09,Tech,0.78858
2022-02-09,Utilities,0.41776
2022-02-10,Comm,0.28868
2022-02-10,Consumer,0.25458
2022-02-10,Energy,0.51204
2022-02-10,Financials,0.37808
2022-02-10,Healthcare,0.57436
2022-02-10,Industrials,-0.050019999999999995
2022-02-10,Materials,0.19482
2022-02-10,RealEstate,0.071
2022-02-10,Tech,0.40271999999999997
2022-02-10,Utilities,0.40894
2022-02-11,Comm,0.63778
2022-02-11,Consumer,0.4407
2022-02-11,Energy,0.14216
2022-02-11,Financials,0.08958
2022-02-11,Healthcare,-0.04735999999999998
2022-02-11,Industrials,0.014860000000000002
2022-02-11,Materials,-0.07224
2022-02-11,RealEstate,0.3548
2022-02-11,Tech,0.34778000000000003
2022-02-11,Utilities,0.44821999999999995
2022-02-14,Comm,0.06476
2022-02-14,Consumer,0.04246000000000001
2022-02-14,Energy,0.61494
2022-02-14,Financials,0.0073200000000000045
2022-02-14,Healthcare,0.4146599999999999
2022-02-14,Industrials,0.20972
2022-02-14,Materials,0.1915
2022-02-14,RealEstate,0.19
2022-02-14,Tech,0.11846000000000001
2022-02-14,Utilities,0.25692
2022-02-15,Comm,0.35853999999999997
2022-02-15,Consumer,0.6918599999999999
2022-02-15,Energy,0.53316
2022-02-15,Financials,-0.08579999999999999
2022-02-15,Healthcare,-0.14656
2022-02-15,Industrials,-0.33971999999999997
2022-02-15,Materials,0.068
2022-02-15,RealEstate,0.56048
2022-02-15,Tech,0.23322000000000004
2022-02-15,Utilities,0.4502
2022-02-16,Comm,0.43294
2022-02-16,Consumer,0.41669999999999996
2022-02-16,Energy,0.29732
2022-02-16,Financials,0.30908
2022-02-16,Healthcare,0.16877999999999999
2022-02-16,Industrials,-0.08918
2022-02-16,Materials,0.0
2022-02-16,RealEstate,0.47256
2022-02-16,Tech,0.6202
2022-02-16,Utilities,0.35656
2022-02-17,Comm,0.24724
2022-02-17,Consumer,0.45115999999999995
2022-02-17,Energy,0.5006
2022-02-17,Financials,0.29466000000000003
2022-02-17,Healthcare,0.4203
2022-02-17,Industrials,-0.1658
2022-02-17,Materials,-0.003920000000000002
2022-02-17,RealEstate,0.49108
2022-02-17,Tech,0.68772
2022-02-17,Utilities,0.26438
2022-02-18,Comm,0.30224
2022-02-18,Consumer,0.23796
2022-02-18,Energy,0.2323
2022-02-18,Financials,-0.30834
2022-02-18,Healthcare,0.45499999999999996
2022-02-18,Industrials,0.23149999999999998
2022-02-18,Materials,0.0
2022-02-18,RealEstate,0.12498000000000001
2022-02-18,Tech,0.29232
2022-02-18,Utilities,0.37176
2022-02-22,Comm,0.13194
2022-02-22,Consumer,-0.0015199999999999992
2022-02-22,Energy,0.08413999999999999
2022-02-22,Financials,0.24432
2022-02-22,Healthcare,0.38996000000000003
2022-02-22,Industrials,0.058219999999999994
2022-02-22,Materials,-0.23420000000000002
2022-02-22,RealEstate,-0.03558
2022-02-22,Tech,0.42942
2022-02-22,Utilities,0.18704
2022-02-23,Comm,-0.048339999999999994
2022-02-23,Consumer,0.38228
2022-02-23,Energy,0.44673999999999997
2022-02-23,Financials,-0.1326
2022-02-23,Healthcare,0.29266000000000003
2022-02-23,Industrials,0.41932
2022-02-23,Materials,0.3423
2022-02-23,RealEstate,0.31976
2022-02-23,Tech,0.6633
2022-02-23,Utilities,0.24525999999999998
2022-02-24,Comm,-0.13194
2022-02-24,Consumer,0.07642000000000002
2022-02-24,Energy,0.38100000000000006
2022-02-24,Financials,-0.05087999999999997
2022-02-24,Healthcare,0.05464
2022-02-24,Industrials,-0.05516
2022-02-24,Materials,0.30932
2022-02-24,RealEstate,0.20424000000000003
2022-02-24,Tech,0.5481
2022-02-24,Utilities,0.16932
2022-02-25,Comm,-0.026839999999999996
2022-02-25,Consumer,0.1254
2022-02-25,Energy,-0.28765999999999997
2022-02-25,Financials,0.06577999999999998
2022-02-25,Healthcare,0.3081
2022-02-25,Industrials,0.12968
2022-02-25,Materials,0.25012
2022-02-25,RealEstate,0.42123999999999995
2022-02-25,Tech,0.32508
2022-02-25,Utilities,0.10674000000000002
2022-02-28,Comm,0.04975999999999999
2022-02-28,Consumer,0.19664
2022-02-28,Energy,0.36832000000000004
2022-02-28,Financials,-0.09218000000000001
2022-02-28,Healthcare,-0.06364
2022-02-28,Industrials,0.09608000000000001
2022-02-28,Materials,0.0
2022-02-28,RealEstate,0.28022
2022-02-28,Tech,-0.08941999999999999
2022-02-28,Utilities,0.05332
2022-03-01,Comm,0.32916
2022-03-01,Consumer,0.72024
2022-03-01,Energy,0.39909999999999995
2022-03-01,Financials,-0.14066
2022-03-01,Healthcare,0.40978000000000003
2022-03-01,Industrials,0.12624
2022-03-01,Materials,0.0
2022-03-01,RealEstate,0.12810000000000002
2022-03-01,Tech,0.54264
2022-03-01,Utilities,0.28252
2022-03-02,Comm,0.25162000000000007
2022-03-02,Consumer,-0.029059999999999996
2022-03-02,Energy,0.00910000000000002
2022-03-02,Financials,-0.13723999999999997
2022-03-02,Healthcare,0.13713999999999998
2022-03-02,Industrials,0.233
2022-03-02,Materials,0.10212000000000002
2022-03-02,RealEstate,0.09784
2022-03-02,Tech,0.19139999999999996
2022-03-02,Utilities,0.20476
2022-03-03,Comm,0.14992
2022-03-03,Consumer,0.52064
2022-03-03,Energy,0.60854
2022-03-03,Financials,0.3338
2022-03-03,Healthcare,0.19390000000000002
2022-03-03,Industrials,0.19704000000000002
2022-03-03,Materials,0.1341
2022-03-03,RealEstate,0.13194
2022-03-03,Tech,0.45217999999999997
2022-03-03,Utilities,0.20476
2022-03-04,Comm,0.08782000000000001
2022-03-04,Consumer,0.35312
2022-03-04,Energy,0.45192
2022-03-04,Financials,0.36754
2022-03-04,Healthcare,0.017720000000000003
2022-03-04,Industrials,0.47268
2022-03-04,Materials,0.1341
2022-03-04,RealEstate,0.24420000000000003
2022-03-04,Tech,0.07626000000000001
2022-03-04,Utilities,-0.008999999999999998
2022-03-07,Comm,-0.018979999999999997
2022-03-07,Consumer,0.38204000000000005
2022-03-07,Energy,0.28668
2022-03-07,Financials,0.21911999999999998
2022-03-07,Healthcare,0.21231999999999998
2022-03-07,Industrials,0.28166
2022-03-07,Materials,0.018980000000000007
2022-03-07,RealEstate,0.4609
2022-03-07,Tech,0.13867999999999997
2022-03-07,Utilities,0.22732000000000002
2022-03-08,Comm,0.09944000000000001
2022-03-08,Consumer,0.47687999999999997
2022-03-08,Energy,0.39706
2022-03-08,Financials,-0.08168
2022-03-08,Healthcare,0.37766
2022-03-08,Industrials,0.28500000000000003
2022-03-08,Materials,0.04526
2022-03-08,RealEstate,0.22350000000000003
2022-03-08,Tech,0.22974
2022-03-08,Utilities,0.23403999999999997
2022-03-09,Comm,0.21200000000000002
2022-03-09,Consumer,0.50946
2022-03-09,Energy,0.6195
2022-03-09,Financials,0.22252
2022-03-09,Healthcare,-0.091
2022-03-09,Industrials,-0.08394
2022-03-09,Materials,0.18697999999999998
2022-03-09,RealEstate,0.27606
2022-03-09,Tech,0.3189
2022-03-09,Utilities,0.08206
2022-03-10,Comm,0.23521999999999998
2022-03-10,Consumer,0.35346
2022-03-10,Energy,0.44828
2022-03-10,Financials,0.33921999999999997
2022-03-10,Healthcare,0.22718
2022-03-10,Industrials,0.27748
2022-03-10,Materials,0.05589999999999999
2022-03-10,RealEstate,0.03414000000000001
2022-03-10,Tech,0.50398
2022-03-10,Utilities,0.0383
2022-03-11,Comm,0.30002
2022-03-11,Consumer,0.31470000000000004
2022-03-11,Energy,0.26636000000000004
2022-03-11,Financials,0.04840000000000001
2022-03-11,Healthcare,0.13332
2022-03-11,Industrials,0.042720000000000015
2022-03-11,Materials,0.13502
2022-03-11,RealEstate,0.136
2022-03-11,Tech,0.8480000000000001
2022-03-11,Utilities,0.07008
2022-03-14,Comm,0.24886
2022-03-14,Consumer,0.35438000000000003
2022-03-14,Energy,0.5571200000000001
2022-03-14,Financials,0.05523999999999999
2022-03-14,Healthcare,0.33534
2022-03-14,Industrials,0.17732
2022-03-14,Materials,0.16678
2022-03-14,RealEstate,0.29528
2022-03-14,Tech,0.2448
2022-03-14,Utilities,0.18156
2022-03-15,Comm,0.28218
2022-03-15,Consumer,0.3127
2022-03-15,Energy,0.67422
2022-03-15,Financials,0.55888
2022-03-15,Healthcare,0.35674
2022-03-15,Industrials,0.40862
2022-03-15,Materials,0.21678000000000003
2022-03-15,RealEstate,0.23288000000000003
2022-03-15,Tech,0.7414400000000001
2022-03-15,Utilities,0.17058
2022-03-16,Comm,0.15872
2022-03-16,Consumer,0.53178
2022-03-16,Energy,0.50762
2022-03-16,Financials,-0.007720000000000005
2022-03-16,Healthcare,-0.14706000000000002
2022-03-16,Industrials,0.3584
2022-03-16,Materials,0.32286000000000004
2022-03-16,RealEstate,0.3678
2022-03-16,Tech,0.44079999999999997
2022-03-16,Utilities,0.25023999999999996
2022-03-17,Comm,0.22502
2022-03-17,Consumer,0.30848
2022-03-17,Energy,0.3679
2022-03-17,Financials,0.32348
2022-03-17,Healthcare,0.06652
2022-03-17,Industrials,0.14486000000000002
2022-03-17,Materials,0.38554
2022-03-17,RealEstate,0.54628
2022-03-17,Tech,0.64196
2022-03-17,Utilities,0.18318
2022-03-18,Comm,0.16196
2022-03-18,Consumer,0.07300000000000001
2022-03-18,Energy,0.6610400000000001
2022-03-18,Financials,0.26576
2022-03-18,Healthcare,0.12636000000000003
2022-03-18,Industrials,0.4887
2022-03-18,Materials,0.26668
2022-03-18,RealEstate,0.54628
2022-03-18,Tech,0.36644
2022-03-18,Utilities,0.1631
2022-03-21,Comm,0.29354
2022-03-21,Consumer,0.34606000000000003
2022-03-21,Energy,0.24834
2022-03-21,Financials,0.1888
2022-03-21,Healthcare,0.48630000000000007
2022-03-21,Industrials,0.14138
2022-03-21,Materials,0.10618000000000002
2022-03-21,RealEstate,0.14006000000000002
2022-03-21,Tech,0.47526
2022-03-21,Utilities,0.24348
2022-03-22,Comm,0.23335999999999996
2022-03-22,Consumer,0.61062
2022-03-22,Energy,0.22546
2022-03-22,Financials,0.15164
2022-03-22,Healthcare,0.49101999999999996
2022-03-22,Industrials,-0.15196
2022-03-22,Materials,0.33138
2022-03-22,RealEstate,0.18928
2022-03-22,Tech,0.41616
2022-03-22,Utilities,-0.01032
2022-03-23,Comm,0.047460000000000016
2022-03-23,Consumer,0.57208
2022-03-23,Energy,0.67286
2022-03-23,Financials,0.26008
2022-03-23,Healthcare,-0.14317999999999997
2022-03-23,Industrials,-0.19008
2022-03-23,Materials,0.15230000000000002
2022-03-23,RealEstate,0.1572
2022-03-23,Tech,0.51142
2022-03-23,Utilities,0.2385
2022-03-24,Comm,0.27374
2022-03-24,Consumer,0.36406
2022-03-24,Energy,0.11084000000000001
2022-03-24,Financials,0.654
2022-03-24,Healthcare,0.13091999999999998
2022-03-24,Industrials,-0.053579999999999996
2022-03-24,Materials,0.068
2022-03-24,RealEstate,0.24528
2022-03-24,Tech,0.35696
2022-03-24,Utilities,0.29314
2022-03-25,Comm,0.30232000000000003
2022-03-25,Consumer,-0.14454
2022-03-25,Energy,0.6242000000000001
2022-03-25,Financials,0.06162000000000001
2022-03-25,Healthcare,0.13216
2022-03-25,Industrials,-0.15078
2022-03-25,Materials,0.20074000000000006
2022-03-25,RealEstate,0.275
2022-03-25,Tech,0.74174
2022-03-25,Utilities,0.40241999999999994
2022-03-28,Comm,0.15002
2022-03-28,Consumer,0.34264
2022-03-28,Energy,0.72364
2022-03-28,Financials,0.33849999999999997
2022-03-28,Healthcare,0.16401999999999997
2022-03-28,Industrials,0.3266
2022-03-28,Materials,0.3155
2022-03-28,RealEstate,0.1262
2022-03-28,Tech,0.50674
2022-03-28,Utilities,0.23398
2022-03-29,Comm,0.30724
2022-03-29,Consumer,0.6503
2022-03-29,Energy,0.7700400000000001
2022-03-29,Financials,0.03066
2022-03-29,Healthcare,0.04304
2022-03-29,Industrials,0.3711
2022-03-29,Materials,0.41428000000000004
2022-03-29,RealEstate,0.27252
2022-03-29,Tech,0.88892
2022-03-29,Utilities,0.47304
2022-03-30,Comm,0.28049999999999997
2022-03-30,Consumer,0.40346000000000004
2022-03-30,Energy,0.37028
2022-03-30,Financials,-0.0108
2022-03-30,Healthcare,0.23302
2022-03-30,Industrials,0.2606
2022-03-30,Materials,0.024460000000000003
2022-03-30,RealEstate,0.33971999999999997
2022-03-30,Tech,0.5647800000000001
2022-03-30,Utilities,0.25466
2022-03-31,Comm,0.11972000000000001
2022-03-31,Consumer,0.3236
2022-03-31,Energy,0.5523
2022-03-31,Financials,0.20024000000000003
2022-03-31,Healthcare,0.2643
2022-03-31,Industrials,0.6264200000000001
2022-03-31,Materials,0.068
2022-03-31,RealEstate,0.5976
2022-03-31,Tech,0.45953999999999995
2022-03-31,Utilities,0.51776
2022-04-01,Comm,0.35964
2022-04-01,Consumer,0.24738
2022-04-01,Energy,-0.07776000000000001
2022-04-01,Financials,0.029360000000000004
2022-04-01,Healthcare,0.08326
2022-04-01,Industrials,0.3225
2022-04-01,Materials,0.36292
2022-04-01,RealEstate,0.08703999999999999
2022-04-01,Tech,0.5136000000000001
2022-04-01,Utilities,0.45635999999999993
2022-04-04,Comm,0.10704
2022-04-04,Consumer,0.15660000000000002
2022-04-04,Energy,0.29984
2022-04-04,Financials,0.32216
2022-04-04,Healthcare,0.41944
2022-04-04,Industrials,0.18708
2022-04-04,Materials,0.48575999999999997
2022-04-04,RealEstate,0.35022000000000003
2022-04-04,Tech,0.50652
2022-04-04,Utilities,0.54648
2022-04-05,Comm,0.38514
2022-04-05,Consumer,0.3886
2022-04-05,Energy,0.44922000000000006
2022-04-05,Financials,-0.06198
2022-04-05,Healthcare,0.18066
2022-04-05,Industrials,0.37286
2022-04-05,Materials,0.21116000000000001
2022-04-05,RealEstate,0.32008000000000003
2022-04-05,Tech,0.5968600000000001
2022-04-05,Utilities,0.2465
2022-04-06,Comm,-0.06336
2022-04-06,Consumer,0.07510000000000001
2022-04-06,Energy,0.02903999999999999
2022-04-06,Financials,0.54786
2022-04-06,Healthcare,0.4326
2022-04-06,Industrials,0.14548
2022-04-06,Materials,0.2833
2022-04-06,RealEstate,0.36822
2022-04-06,Tech,0.19041999999999998
2022-04-06,Utilities,0.24348
2022-04-07,Comm,-0.017220000000000003
2022-04-07,Consumer,0.23148
2022-04-07,Energy,0.41581999999999997
2022-04-07,Financials,0.40338
2022-04-07,Healthcare,0.21064
2022-04-07,Industrials,0.41966000000000003
2022-04-07,Materials,0.25888
2022-04-07,RealEstate,0.36754
2022-04-07,Tech,0.66406
2022-04-07,Utilities,0.37542
2022-04-08,Comm,-0.10216
2022-04-08,Consumer,0.14423999999999998
2022-04-08,Energy,0.4326
2022-04-08,Financials,0.24122
2022-04-08,Healthcare,0.28537999999999997
2022-04-08,Industrials,0.12344
2022-04-08,Materials,0.16132
2022-04-08,RealEstate,0.09008
2022-04-08,Tech,0.60976
2022-04-08,Utilities,0.14918
2022-04-11,Comm,0.047599999999999996
2022-04-11,Consumer,0.37421999999999994
2022-04-11,Energy,0.66862
2022-04-11,Financials,0.19785999999999998
2022-04-11,Healthcare,0.57184
2022-04-11,Industrials,0.15904000000000001
2022-04-11,Materials,0.19690000000000002
2022-04-11,RealEstate,0.11839999999999999
2022-04-11,Tech,0.78
2022-04-11,Utilities,0.14918
2022-04-12,Comm,0.14529999999999998
2022-04-12,Consumer,0.67348
2022-04-12,Energy,0.7599600000000001
2022-04-12,Financials,-0.07633999999999999
2022-04-12,Healthcare,0.33592
2022-04-12,Industrials,0.21983999999999998
2022-04-12,Materials,0.41486
2022-04-12,RealEstate,0.008199999999999995
2022-04-12,Tech,0.85584
2022-04-12,Utilities,0.26344
2022-04-13,Comm,0.33044
2022-04-13,Consumer,0.44071999999999995
2022-04-13,Energy,0.5213599999999999
2022-04-13,Financials,0.32898
2022-04-13,Healthcare,0.32708000000000004
2022-04-13,Industrials,0.011680000000000013
2022-04-13,Materials,0.36592
2022-04-13,RealEstate,0.42694
2022-04-13,Tech,0.22354000000000002
2022-04-13,Utilities,0.2871
2022-04-14,Comm,0.49770000000000003
2022-04-14,Consumer,0.12320000000000002
2022-04-14,Energy,0.71128
2022-04-14,Financials,0.59404
2022-04-14,Healthcare,0.12390000000000001
2022-04-14,Industrials,0.22176
2022-04-14,Materials,0.41100000000000003
2022-04-14,RealEstate,0.32114000000000004
2022-04-14,Tech,0.50768
2022-04-14,Utilities,0.2871
2022-04-18,Comm,0.10874000000000002
2022-04-18,Consumer,0.21183999999999997
2022-04-18,Energy,0.5111399999999999
2022-04-18,Financials,0.75844
2022-04-18,Healthcare,0.08175999999999999
2022-04-18,Industrials,0.16936
2022-04-18,Materials,0.2271
2022-04-18,RealEstate,0.55994
2022-04-18,Tech,0.10944000000000001
2022-04-18,Utilities,0.37732
2022-04-19,Comm,-0.041739999999999985
2022-04-19,Consumer,0.38228
2022-04-19,Energy,0.67694
2022-04-19,Financials,0.62074
2022-04-19,Healthcare,0.10766
2022-04-19,Industrials,0.18107999999999996
2022-04-19,Materials,0.22313999999999998
2022-04-19,RealEstate,0.31156
2022-04-19,Tech,0.31526
2022-04-19,Utilities,0.38126000000000004
2022-04-20,Comm,0.09706
2022-04-20,Consumer,0.35506000000000004
2022-04-20,Energy,0.43364
2022-04-20,Financials,0.56492
2022-04-20,Healthcare,0.13820000000000002
2022-04-20,Industrials,0.35276
2022-04-20,Materials,0.20973999999999998
2022-04-20,RealEstate,-0.06055999999999999
2022-04-20,Tech,0.56152
2022-04-20,Utilities,0.29446000000000006
2022-04-21,Comm,0.25261999999999996
2022-04-21,Consumer,0.10762000000000001
2022-04-21,Energy,0.33766
2022-04-21,Financials,0.14186
2022-04-21,Healthcare,0.5041800000000001
2022-04-21,Industrials,0.15902
2022-04-21,Materials,0.3446
2022-04-21,RealEstate,0.021220000000000006
2022-04-21,Tech,0.5458000000000001
2022-04-21,Utilities,0.14286000000000004
2022-04-22,Comm,0.43764000000000003
2022-04-22,Consumer,0.57306
2022-04-22,Energy,0.7298
2022-04-22,Financials,-0.2278
2022-04-22,Healthcare,0.36678
2022-04-22,Industrials,0.384
2022-04-22,Materials,0.30541999999999997
2022-04-22,RealEstate,0.20470000000000002
2022-04-22,Tech,0.21955999999999998
2022-04-22,Utilities,0.35044
2022-04-25,Comm,0.1635
2022-04-25,Consumer,0.52016
2022-04-25,Energy,0.05668000000000001
2022-04-25,Financials,0.34158
2022-04-25,Healthcare,0.18538000000000002
2022-04-25,Industrials,-0.23184
2022-04-25,Materials,0.0738
2022-04-25,RealEstate,0.29042
2022-04-25,Tech,0.12364
2022-04-25,Utilities,0.32712
2022-04-26,Comm,0.21703999999999998
2022-04-26,Consumer,0.40896
2022-04-26,Energy,0.58216
2022-04-26,Financials,0.46086
2022-04-26,Healthcare,0.78508
2022-04-26,Industrials,0.46426
2022-04-26,Materials,0.39344
2022-04-26,RealEstate,0.19712000000000002
2022-04-26,Tech,0.62184
2022-04-26,Utilities,0.43118
2022-04-27,Comm,0.43504000000000004
2022-04-27,Consumer,0.2894
2022-04-27,Energy,0.61112
2022-04-27,Financials,0.59164
2022-04-27,Healthcare,-0.09212000000000001
2022-04-27,Industrials,-0.18706
2022-04-27,Materials,0.41164000000000006
2022-04-27,RealEstate,0.0
2022-04-27,Tech,0.5072
2022-04-27,Utilities,0.28776
2022-04-28,Comm,0.11446
2022-04-28,Consumer,0.26182000000000005
2022-04-28,Energy,0.77756
2022-04-28,Financials,0.30622
2022-04-28,Healthcare,0.34336
2022-04-28,Industrials,0.26392
2022-04-28,Materials,0.24176000000000003
2022-04-28,RealEstate,0.18717999999999999
2022-04-28,Tech,0.53408
2022-04-28,Utilities,0.07754
2022-04-29,Comm,0.23556
2022-04-29,Consumer,0.31852
2022-04-29,Energy,0.74534
2022-04-29,Financials,0.14694000000000002
2022-04-29,Healthcare,0.35578000000000004
2022-04-29,Industrials,-0.044700000000000004
2022-04-29,Materials,0.07274
2022-04-29,RealEstate,0.19882
2022-04-29,Tech,0.40397999999999995
2022-04-29,Utilities,0.38634
2022-05-02,Comm,0.18408000000000002
2022-05-02,Consumer,0.4615
2022-05-02,Energy,0.08160000000000002
2022-05-02,Financials,0.19164
2022-05-02,Healthcare,0.29678
2022-05-02,Industrials,0.54194
2022-05-02,Materials,0.07274
2022-05-02,RealEstate,0.41014
2022-05-02,Tech,0.020180000000000003
2022-05-02,Utilities,0.30784
2022-05-03,Comm,0.27376
2022-05-03,Consumer,0.31504000000000004
2022-05-03,Energy,0.6451399999999999
2022-05-03,Financials,0.36302
2022-05-03,Healthcare,0.4523400000000001
2022-05-03,Industrials,0.19299999999999998
2022-05-03,Materials,-0.05464
2022-05-03,RealEstate,0.2785
2022-05-03,Tech,0.30857999999999997
2022-05-03,Utilities,0.44460000000000005
2022-05-04,Comm,0.15242000000000003
2022-05-04,Consumer,0.33212
2022-05-04,Energy,0.59864
2022-05-04,Financials,0.42539999999999994
2022-05-04,Healthcare,0.25294
2022-05-04,Industrials,0.22515999999999997
2022-05-04,Materials,-0.17182
2022-05-04,RealEstate,0.2785
2022-05-04,Tech,0.3673
2022-05-04,Utilities,0.45242000000000004
2022-05-05,Comm,-0.10789999999999997
2022-05-05,Consumer,0.31286
2022-05-05,Energy,0.15030000000000002
2022-05-05,Financials,0.13144
2022-05-05,Healthcare,0.0951
2022-05-05,Industrials,0.05304
2022-05-05,Materials,-0.034119999999999984
2022-05-05,RealEstate,0.1742
2022-05-05,Tech,-0.32618
2022-05-05,Utilities,0.0741
2022-05-06,Comm,-0.03798
2022-05-06,Consumer,0.0017600000000000116
2022-05-06,Energy,0.8295
2022-05-06,Financials,0.20564
2022-05-06,Healthcare,0.19334
2022-05-06,Industrials,-0.12794
2022-05-06,Materials,0.08484000000000003
2022-05-06,RealEstate,0.23564
2022-05-06,Tech,0.3858
2022-05-06,Utilities,0.22222
2022-05-09,Comm,0.47194
2022-05-09,Consumer,0.22626
2022-05-09,Energy,0.58796
2022-05-09,Financials,-0.23723999999999998
2022-05-09,Healthcare,0.21154
2022-05-09,Industrials,-0.0512
2022-05-09,Materials,0.04424
2022-05-09,RealEstate,0.15212
2022-05-09,Tech,0.19802000000000003
2022-05-09,Utilities,0.21992000000000003
2022-05-10,Comm,-0.14424
2022-05-10,Consumer,0.48697999999999997
2022-05-10,Energy,0.45798000000000005
2022-05-10,Financials,0.08954000000000001
2022-05-10,Healthcare,0.15997999999999998
2022-05-10,Industrials,0.19262
2022-05-10,Materials,-0.08547999999999999
2022-05-10,RealEstate,0.27106
2022-05-10,Tech,0.29124
2022-05-10,Utilities,0.2403
2022-05-11,Comm,0.03848
2022-05-11,Consumer,0.43066000000000004
2022-05-11,Energy,0.18582
2022-05-11,Financials,0.20415999999999998
2022-05-11,Healthcare,0.27392000000000005
2022-05-11,Industrials,0.27898
2022-05-11,Materials,0.27372
2022-05-11,RealEstate,0.11896
2022-05-11,Tech,0.58464
2022-05-11,Utilities,0.06472
2022-05-12,Comm,0.1285
2022-05-12,Consumer,0.14495999999999998
2022-05-12,Energy,0.72604
2022-05-12,Financials,0.21408
2022-05-12,Healthcare,-0.12426000000000001
2022-05-12,Industrials,0.08203999999999997
2022-05-12,Materials,0.27372
2022-05-12,RealEstate,0.015439999999999999
2022-05-12,Tech,0.40537999999999996
2022-05-12,Utilities,0.07471999999999998
2022-05-13,Comm,0.18288
2022-05-13,Consumer,-0.10552000000000002
2022-05-13,Energy,0.45754
2022-05-13,Financials,0.18504
2022-05-13,Healthcare,0.06334
2022-05-13,Industrials,0.18918
2022-05-13,Materials,0.48373999999999995
2022-05-13,RealEstate,0.40262000000000003
2022-05-13,Tech,0.2403
2022-05-13,Utilities,0.002979999999999999
2022-05-16,Comm,0.25962
2022-05-16,Consumer,0.11874
2022-05-16,Energy,0.5608799999999999
2022-05-16,Financials,0.29142
2022-05-16,Healthcare,0.08122
2022-05-16,Industrials,0.15940000000000001
2022-05-16,Materials,0.50222
2022-05-16,RealEstate,0.26062
2022-05-16,Tech,0.40462
2022-05-16,Utilities,0.20501999999999998
2022-05-17,Comm,0.08748000000000003
2022-05-17,Consumer,0.29506
2022-05-17,Energy,0.59874
2022-05-17,Financials,0.023620000000000002
2022-05-17,Healthcare,0.26882
2022-05-17,Industrials,0.16784000000000002
2022-05-17,Materials,0.44708
2022-05-17,RealEstate,0.26012
2022-05-17,Tech,0.09151999999999999
2022-05-17,Utilities,0.23793999999999998
2022-05-18,Comm,0.17334
2022-05-18,Consumer,0.44566
2022-05-18,Energy,0.3055
2022-05-18,Financials,0.19543999999999997
2022-05-18,Healthcare,-0.11565999999999999
2022-05-18,Industrials,0.12982
2022-05-18,Materials,0.30667999999999995
2022-05-18,RealEstate,0.3875
2022-05-18,Tech,0.52168
2022-05-18,Utilities,0.31206
2022-05-19,Comm,-0.0843
2022-05-19,Consumer,0.20682
2022-05-19,Energy,0.50332
2022-05-19,Financials,0.2016
2022-05-19,Healthcare,0.3528
2022-05-19,Industrials,-0.06591999999999999
2022-05-19,Materials,0.36588000000000004
2022-05-19,RealEstate,-0.024160000000000004
2022-05-19,Tech,0.5677
2022-05-19,Utilities,0.0863
2022-05-20,Comm,0.04363999999999999
2022-05-20,Consumer,0.31062
2022-05-20,Energy,0.50694
2022-05-20,Financials,0.39448
2022-05-20,Healthcare,0.33018000000000003
2022-05-20,Industrials,0.29325999999999997
2022-05-20,Materials,0.30738
2022-05-20,RealEstate,0.021039999999999993
2022-05-20,Tech,0.69106
2022-05-20,Utilities,0.26724000000000003
2022-05-23,Comm,0.18572000000000002
2022-05-23,Consumer,0.546
2022-05-23,Energy,0.51766
2022-05-23,Financials,0.2915
2022-05-23,Healthcare,-0.08038
2022-05-23,Industrials,0.43041999999999997
2022-05-23,Materials,0.27392
2022-05-23,RealEstate,0.09776
2022-05-23,Tech,0.64796
2022-05-23,Utilities,0.29602
2022-05-24,Comm,0.18670000000000003
2022-05-24,Consumer,0.16092
2022-05-24,Energy,0.37336
2022-05-24,Financials,0.04925999999999999
2022-05-24,Healthcare,0.40646000000000004
2022-05-24,Industrials,0.2149
2022-05-24,Materials,0.35788000000000003
2022-05-24,RealEstate,0.35338
2022-05-24,Tech,0.6256
2022-05-24,Utilities,0.36282000000000003
2022-05-25,Comm,0.2192
2022-05-25,Consumer,0.51144
2022-05-25,Energy,0.58472
2022-05-25,Financials,0.53906
2022-05-25,Healthcare,0.04418
2022-05-25,Industrials,0.5072
2022-05-25,Materials,0.06038
2022-05-25,RealEstate,0.49114
2022-05-25,Tech,0.4561
2022-05-25,Utilities,0.35702
2022-05-26,Comm,0.32352
2022-05-26,Consumer,0.19128
2022-05-26,Energy,0.64144
2022-05-26,Financials,0.23658
2022-05-26,Healthcare,-0.38689999999999997
2022-05-26,Industrials,0.3565
2022-05-26,Materials,0.19214
2022-05-26,RealEstate,0.3513
2022-05-26,Tech,0.2453
2022-05-26,Utilities,0.25751999999999997
2022-05-27,Comm,0.44720000000000004
2022-05-27,Consumer,0.39722
2022-05-27,Energy,0.5661799999999999
2022-05-27,Financials,0.53788
2022-05-27,Healthcare,0.4471200000000001
2022-05-27,Industrials,0.37561999999999995
2022-05-27,Materials,0.12498000000000001
2022-05-27,RealEstate,0.23178
2022-05-27,Tech,0.53706
2022-05-27,Utilities,0.21338
2022-05-31,Comm,0.26389999999999997
2022-05-31,Consumer,0.22485999999999998
2022-05-31,Energy,0.5718
2022-05-31,Financials,0.13572
2022-05-31,Healthcare,0.005320000000000024
2022-05-31,Industrials,0.26866
2022-05-31,Materials,-0.07432
2022-05-31,RealEstate,0.29644000000000004
2022-05-31,Tech,0.11715999999999997
2022-05-31,Utilities,0.2351
2022-06-01,Comm,0.3213
2022-06-01,Consumer,0.4394600000000001
2022-06-01,Energy,0.6949799999999999
2022-06-01,Financials,0.2326
2022-06-01,Healthcare,0.6886
2022-06-01,Industrials,0.43637999999999993
2022-06-01,Materials,0.05746
2022-06-01,RealEstate,0.20724
2022-06-01,Tech,0.6256999999999999
2022-06-01,Utilities,0.32892
2022-06-02,Comm,0.30291999999999997
2022-06-02,Consumer,-0.06593999999999998
2022-06-02,Energy,0.47967999999999994
2022-06-02,Financials,0.27416
2022-06-02,Healthcare,0.3396
2022-06-02,Industrials,0.5045200000000001
2022-06-02,Materials,0.1711
2022-06-02,RealEstate,0.20380000000000004
2022-06-02,Tech,0.63148
2022-06-02,Utilities,0.5815400000000001
2022-06-03,Comm,-0.02918000000000002
2022-06-03,Consumer,0.16124000000000002
2022-06-03,Energy,0.7567600000000001
2022-06-03,Financials,0.022739999999999982
2022-06-03,Healthcare,0.0502
2022-06-03,Industrials,0.34702
2022-06-03,Materials,0.17626000000000003
2022-06-03,RealEstate,0.1933
2022-06-03,Tech,0.49783999999999995
2022-06-03,Utilities,0.5788
2022-06-06,Comm,0.25026000000000004
2022-06-06,Consumer,0.29496
2022-06-06,Energy,0.50282
2022-06-06,Financials,-0.17424
2022-06-06,Healthcare,0.21913999999999997
2022-06-06,Industrials,0.18272
2022-06-06,Materials,0.04046
2022-06-06,RealEstate,0.31364000000000003
2022-06-06,Tech,0.50552
2022-06-06,Utilities,0.3641
2022-06-07,Comm,-0.05969999999999999
2022-06-07,Consumer,0.59228
2022-06-07,Energy,0.55044
2022-06-07,Financials,0.55602
2022-06-07,Healthcare,0.30206
2022-06-07,Industrials,0.31314000000000003
2022-06-07,Materials,0.11316
2022-06-07,RealEstate,0.27497999999999995
2022-06-07,Tech,0.2671
2022-06-07,Utilities,0.26596000000000003
2022-06-08,Comm,0.18661999999999998
2022-06-08,Consumer,0.5464
2022-06-08,Energy,0.1216
2022-06-08,Financials,0.30456
2022-06-08,Healthcare,0.4805
2022-06-08,Industrials,0.32036000000000003
2022-06-08,Materials,0.031019999999999992
2022-06-08,RealEstate,0.03414000000000001
2022-06-08,Tech,0.23074000000000003
2022-06-08,Utilities,0.18816
2022-06-09,Comm,0.30284
2022-06-09,Consumer,0.40136000000000005
2022-06-09,Energy,0.61338
2022-06-09,Financials,0.28946
2022-06-09,Healthcare,0.50684
2022-06-09,Industrials,0.14352
2022-06-09,Materials,0.024460000000000003
2022-06-09,RealEstate,0.18844
2022-06-09,Tech,0.28086
2022-06-09,Utilities,0.19480000000000003
2022-06-10,Comm,0.30406
2022-06-10,Consumer,-0.05822000000000001
2022-06-10,Energy,0.42554
2022-06-10,Financials,-0.008160000000000011
2022-06-10,Healthcare,0.15194000000000002
2022-06-10,Industrials,0.59022
2022-06-10,Materials,0.06139999999999999
2022-06-10,RealEstate,0.22948
2022-06-10,Tech,0.19434
2022-06-10,Utilities,0.2569
2022-06-13,Comm,-0.13026
2022-06-13,Consumer,0.18653999999999998
2022-06-13,Energy,0.24066
2022-06-13,Financials,0.27232
2022-06-13,Healthcare,0.10563999999999998
2022-06-13,Industrials,0.42602
2022-06-13,Materials,-0.018980000000000007
2022-06-13,RealEstate,0.41946000000000006
2022-06-13,Tech,0.16768
2022-06-13,Utilities,0.44886
2022-06-14,Comm,0.23359999999999997
2022-06-14,Consumer,0.37258
2022-06-14,Energy,0.56434
2022-06-14,Financials,0.11390000000000003
2022-06-14,Healthcare,0.4885
2022-06-14,Industrials,0.16818
2022-06-14,Materials,0.027140000000000008
2022-06-14,RealEstate,0.24539999999999998
2022-06-14,Tech,0.63272
2022-06-14,Utilities,0.1707
2022-06-15,Comm,0.47896
2022-06-15,Consumer,0.15692
2022-06-15,Energy,0.46993999999999997
2022-06-15,Financials,-0.32288
2022-06-15,Healthcare,-0.061660000000000006
2022-06-15,Industrials,0.38106
2022-06-15,Materials,0.15676
2022-06-15,RealEstate,0.17357999999999998
2022-06-15,Tech,0.45309999999999995
2022-06-15,Utilities,0.24767999999999998
2022-06-16,Comm,0.22742
2022-06-16,Consumer,-0.11910000000000001
2022-06-16,Energy,0.5031800000000001
2022-06-16,Financials,0.13044000000000003
2022-06-16,Healthcare,0.06898000000000001
2022-06-16,Industrials,0.41900000000000004
2022-06-16,Materials,0.31246
2022-06-16,RealEstate,0.04164
2022-06-16,Tech,0.68096
2022-06-16,Utilities,0.19412000000000001
2022-06-17,Comm,-0.01694
2022-06-17,Consumer,0.13268
2022-06-17,Energy,0.13502
2022-06-17,Financials,0.09159999999999999
2022-06-17,Healthcare,0.24372
2022-06-17,Industrials,0.22814
2022-06-17,Materials,0.43272000000000005
2022-06-17,RealEstate,0.17038
2022-06-17,Tech,0.30332
2022-06-17,Utilities,0.15078
2022-06-21,Comm,0.23368000000000003
2022-06-21,Consumer,0.55682
2022-06-21,Energy,0.42349999999999993
2022-06-21,Financials,-0.04079999999999998
2022-06-21,Healthcare,0.4438000000000001
2022-06-21,Industrials,0.46243999999999996
2022-06-21,Materials,0.15638000000000002
2022-06-21,RealEstate,0.5519999999999999
2022-06-21,Tech,0.41356000000000004
2022-06-21,Utilities,0.19654
2022-06-22,Comm,0.32822
2022-06-22,Consumer,0.17164
2022-06-22,Energy,0.5107999999999999
2022-06-22,Financials,-0.019399999999999994
2022-06-22,Healthcare,0.66482
2022-06-22,Industrials,0.40793999999999997
2022-06-22,Materials,0.25582000000000005
2022-06-22,RealEstate,0.47709999999999997
2022-06-22,Tech,0.56638
2022-06-22,Utilities,0.23167999999999997
2022-06-23,Comm,0.2984
2022-06-23,Consumer,0.32802
2022-06-23,Energy,-0.01397999999999997
2022-06-23,Financials,0.32344
2022-06-23,Healthcare,0.20232
2022-06-23,Industrials,-0.1457
2022-06-23,Materials,0.29328000000000004
2022-06-23,RealEstate,0.40024
2022-06-23,Tech,0.48436
2022-06-23,Utilities,0.6358
2022-06-24,Comm,0.09899999999999999
2022-06-24,Consumer,0.55766
2022-06-24,Energy,0.48954000000000003
2022-06-24,Financials,0.17917999999999998
2022-06-24,Healthcare,-0.19139999999999996
2022-06-24,Industrials,0.45006
2022-06-24,Materials,0.1635
2022-06-24,RealEstate,0.2813
2022-06-24,Tech,0.53198
2022-06-24,Utilities,0.43178
2022-06-27,Comm,-0.1207
2022-06-27,Consumer,0.05622000000000003
2022-06-27,Energy,-0.07128
2022-06-27,Financials,0.6486799999999999
2022-06-27,Healthcare,0.26158000000000003
2022-06-27,Industrials,0.09844
2022-06-27,Materials,0.15782000000000002
2022-06-27,RealEstate,0.0029400000000000094
2022-06-27,Tech,0.11884000000000002
2022-06-27,Utilities,0.34242
2022-06-28,Comm,0.29932
2022-06-28,Consumer,0.7752
2022-06-28,Energy,0.41500000000000004
2022-06-28,Financials,0.12286
2022-06-28,Healthcare,0.4888199999999999
2022-06-28,Industrials,0.54966
2022-06-28,Materials,0.44783999999999996
2022-06-28,RealEstate,0.17662
2022-06-28,Tech,0.6845000000000001
2022-06-28,Utilities,0.54014
2022-06-29,Comm,0.16333999999999999
2022-06-29,Consumer,-0.0012399999999999967
2022-06-29,Energy,0.6403000000000001
2022-06-29,Financials,0.63726
2022-06-29,Healthcare,0.1769
2022-06-29,Industrials,0.18403999999999998
2022-06-29,Materials,0.38894
2022-06-29,RealEstate,0.15478
2022-06-29,Tech,0.30052
2022-06-29,Utilities,0.34828000000000003
2022-06-30,Comm,0.09778
2022-06-30,Consumer,0.15340000000000004
2022-06-30,Energy,0.5800799999999999
2022-06-30,Financials,0.20221999999999998
2022-06-30,Healthcare,0.68056
2022-06-30,Industrials,0.36278
2022-06-30,Materials,0.31326
2022-06-30,RealEstate,0.2434
2022-06-30,Tech,0.6588200000000001
2022-06-30,Utilities,0.21875999999999998
2022-07-01,Comm,0.45474
2022-07-01,Consumer,0.52328
2022-07-01,Energy,0.1826
2022-07-01,Financials,0.39846
2022-07-01,Healthcare,0.26966
2022-07-01,Industrials,0.3829
2022-07-01,Materials,0.24925999999999998
2022-07-01,RealEstate,0.2366
2022-07-01,Tech,0.50284
2022-07-01,Utilities,0.17646
2022-07-05,Comm,0.599
2022-07-05,Consumer,0.38886000000000004
2022-07-05,Energy,0.4488
2022-07-05,Financials,0.10167999999999999
2022-07-05,Healthcare,0.26054
2022-07-05,Industrials,0.27024
2022-07-05,Materials,0.24689999999999998
2022-07-05,RealEstate,0.13106
2022-07-05,Tech,0.41696
2022-07-05,Utilities,0.05203999999999999
2022-07-06,Comm,0.5799
2022-07-06,Consumer,0.5911
2022-07-06,Energy,0.662
2022-07-06,Financials,0.47862
2022-07-06,Healthcare,0.57812
2022-07-06,Industrials,0.60426
2022-07-06,Materials,0.35412
2022-07-06,RealEstate,0.21328
2022-07-06,Tech,0.71828
2022-07-06,Utilities,0.17138
2022-07-07,Comm,0.16678
2022-07-07,Consumer,0.31038
2022-07-07,Energy,0.85132
2022-07-07,Financials,0.1224
2022-07-07,Healthcare,0.16398000000000001
2022-07-07,Industrials,0.36978
2022-07-07,Materials,0.18658000000000002
2022-07-07,RealEstate,-0.07238
2022-07-07,Tech,0.40657999999999994
2022-07-07,Utilities,0.22315999999999997
2022-07-08,Comm,0.3249
2022-07-08,Consumer,0.40548
2022-07-08,Energy,0.64134
2022-07-08,Financials,0.37934
2022-07-08,Healthcare,0.25944
2022-07-08,Industrials,0.12113999999999998
2022-07-08,Materials,-0.006319999999999992
2022-07-08,RealEstate,0.17334
2022-07-08,Tech,0.39455999999999997
2022-07-08,Utilities,0.43792
2022-07-11,Comm,0.30514
2022-07-11,Consumer,0.10882
2022-07-11,Energy,0.4523400000000001
2022-07-11,Financials,-0.11785999999999999
2022-07-11,Healthcare,0.4095000000000001
2022-07-11,Industrials,0.40178
2022-07-11,Materials,0.05761999999999999
2022-07-11,RealEstate,0.27938
2022-07-11,Tech,0.2142
2022-07-11,Utilities,0.28840000000000005
2022-07-12,Comm,0.49736
2022-07-12,Consumer,0.60326
2022-07-12,Energy,0.52046
2022-07-12,Financials,0.34028
2022-07-12,Healthcare,0.21574
2022-07-12,Industrials,0.38584
2022-07-12,Materials,0.05246000000000001
2022-07-12,RealEstate,0.41986
2022-07-12,Tech,0.68782
2022-07-12,Utilities,0.23418
2022-07-13,Comm,0.28144
2022-07-13,Consumer,0.48288000000000003
2022-07-13,Energy,0.5357999999999999
2022-07-13,Financials,0.029679999999999974
2022-07-13,Healthcare,0.12766000000000002
2022-07-13,Industrials,0.08180000000000001
2022-07-13,Materials,0.05246000000000001
2022-07-13,RealEstate,0.12677999999999998
2022-07-13,Tech,0.36391999999999997
2022-07-13,Utilities,0.23418
2022-07-14,Comm,-0.018980000000000007
2022-07-14,Consumer,0.42092
2022-07-14,Energy,0.4622400000000001
2022-07-14,Financials,-0.14034
2022-07-14,Healthcare,0.19116000000000002
2022-07-14,Industrials,0.3576
2022-07-14,Materials,0.13078
2022-07-14,RealEstate,0.31364000000000003
2022-07-14,Tech,0.18688
2022-07-14,Utilities,0.09581999999999999
2022-07-15,Comm,0.1624
2022-07-15,Consumer,0.54878
2022-07-15,Energy,0.60656
2022-07-15,Financials,-0.27505999999999997
2022-07-15,Healthcare,0.08170000000000002
2022-07-15,Industrials,0.24102
2022-07-15,Materials,0.20542
2022-07-15,RealEstate,0.38883999999999996
2022-07-15,Tech,0.48894000000000004
2022-07-15,Utilities,0.20876
2022-07-18,Comm,-0.07432
2022-07-18,Consumer,0.22854000000000002
2022-07-18,Energy,0.77188
2022-07-18,Financials,0.35575999999999997
2022-07-18,Healthcare,0.18906
2022-07-18,Industrials,0.05556
2022-07-18,Materials,0.0012399999999999967
2022-07-18,RealEstate,-0.14168
2022-07-18,Tech,0.44711999999999996
2022-07-18,Utilities,0.42572
2022-07-19,Comm,0.19988
2022-07-19,Consumer,0.6232
2022-07-19,Energy,0.81946
2022-07-19,Financials,0.2802
2022-07-19,Healthcare,0.27362000000000003
2022-07-19,Industrials,0.34058
2022-07-19,Materials,0.16476000000000002
2022-07-19,RealEstate,0.15932
2022-07-19,Tech,0.45561999999999997
2022-07-19,Utilities,0.41594
2022-07-20,Comm,0.35414
2022-07-20,Consumer,0.22549999999999998
2022-07-20,Energy,0.7337
2022-07-20,Financials,0.030860000000000044
2022-07-20,Healthcare,0.01749999999999998
2022-07-20,Industrials,0.27852
2022-07-20,Materials,0.15156
2022-07-20,RealEstate,0.027639999999999998
2022-07-20,Tech,0.09038
2022-07-20,Utilities,0.3
2022-07-21,Comm,0.08046
2022-07-21,Consumer,0.028219999999999988
2022-07-21,Energy,0.5878
2022-07-21,Financials,0.1905
2022-07-21,Healthcare,0.72058
2022-07-21,Industrials,0.29954000000000003
2022-07-21,Materials,0.1696
2022-07-21,RealEstate,0.23636
2022-07-21,Tech,0.66362
2022-07-21,Utilities,0.23036000000000004
2022-07-22,Comm,0.3769
2022-07-22,Consumer,0.13835999999999998
2022-07-22,Energy,0.33304
2022-07-22,Financials,0.20256
2022-07-22,Healthcare,0.14782
2022-07-22,Industrials,0.26372
2022-07-22,Materials,0.21744
2022-07-22,RealEstate,0.34853999999999996
2022-07-22,Tech,0.5195000000000001
2022-07-22,Utilities,0.11392
2022-07-25,Comm,0.41613999999999995
2022-07-25,Consumer,0.34032
2022-07-25,Energy,0.5736800000000001
2022-07-25,Financials,0.0015399999999999915
2022-07-25,Healthcare,0.5249
2022-07-25,Industrials,0.18896000000000002
2022-07-25,Materials,0.19214
2022-07-25,RealEstate,0.38618
2022-07-25,Tech,0.66634
2022-07-25,Utilities,0.19876
2022-07-26,Comm,-0.1389
2022-07-26,Consumer,0.32918
2022-07-26,Energy,0.92472
2022-07-26,Financials,0.29366000000000003
2022-07-26,Healthcare,0.123
2022-07-26,Industrials,0.33618000000000003
2022-07-26,Materials,0.34336
2022-07-26,RealEstate,0.4282
2022-07-26,Tech,0.41109999999999997
2022-07-26,Utilities,0.28344
2022-07-27,Comm,0.0
2022-07-27,Consumer,-0.1704
2022-07-27,Energy,0.17494
2022-07-27,Financials,-0.018359999999999998
2022-07-27,Healthcare,0.32036000000000003
2022-07-27,Industrials,0.24104
2022-07-27,Materials,0.07452
2022-07-27,RealEstate,0.17646
2022-07-27,Tech,0.0305
2022-07-27,Utilities,0.39228
2022-07-28,Comm,0.29028
2022-07-28,Consumer,0.32648
2022-07-28,Energy,0.42428
2022-07-28,Financials,0.3814
2022-07-28,Healthcare,0.1928
2022-07-28,Industrials,0.18804
2022-07-28,Materials,0.13816
2022-07-28,RealEstate,0.5427
2022-07-28,Tech,0.37774
2022-07-28,Utilities,0.32142
2022-07-29,Comm,0.32858
2022-07-29,Consumer,-0.06626
2022-07-29,Energy,0.6359999999999999
2022-07-29,Financials,0.009660000000000007
2022-07-29,Healthcare,0.34662000000000004
2022-07-29,Industrials,0.5417
2022-07-29,Materials,0.08124
2022-07-29,RealEstate,0.24411999999999998
2022-07-29,Tech,0.3552
2022-07-29,Utilities,0.42514
2022-08-01,Comm,0.22968000000000002
2022-08-01,Consumer,0.30488
2022-08-01,Energy,0.80168
2022-08-01,Financials,0.20526
2022-08-01,Healthcare,0.25594
2022-08-01,Industrials,0.44488000000000005
2022-08-01,Materials,-0.05069999999999999
2022-08-01,RealEstate,0.26866
2022-08-01,Tech,0.74264
2022-08-01,Utilities,0.51476
2022-08-02,Comm,0.26626
2022-08-02,Consumer,0.45926
2022-08-02,Energy,0.48588000000000003
2022-08-02,Financials,0.29416000000000003
2022-08-02,Healthcare,0.37751999999999997
2022-08-02,Industrials,0.7524200000000001
2022-08-02,Materials,-0.05069999999999999
2022-08-02,RealEstate,0.65606
2022-08-02,Tech,0.64168
2022-08-02,Utilities,0.36312
2022-08-03,Comm,-0.03745999999999999
2022-08-03,Consumer,0.032380000000000006
2022-08-03,Energy,0.48412000000000005
2022-08-03,Financials,0.34287999999999996
2022-08-03,Healthcare,0.40359999999999996
2022-08-03,Industrials,0.07686000000000001
2022-08-03,Materials,0.14664000000000002
2022-08-03,RealEstate,0.57088
2022-08-03,Tech,-0.24714
2022-08-03,Utilities,0.43548
2022-08-04,Comm,0.17035999999999998
2022-08-04,Consumer,0.31828
2022-08-04,Energy,0.59784
2022-08-04,Financials,0.30806
2022-08-04,Healthcare,0.29934
2022-08-04,Industrials,0.15718000000000001
2022-08-04,Materials,0.26247999999999994
2022-08-04,RealEstate,0.11832000000000001
2022-08-04,Tech,0.56444
2022-08-04,Utilities,0.31073999999999996
2022-08-05,Comm,0.16574
2022-08-05,Consumer,0.27233999999999997
2022-08-05,Energy,0.49286
2022-08-05,Financials,0.23466
2022-08-05,Healthcare,0.06674
2022-08-05,Industrials,0.10718000000000001
2022-08-05,Materials,0.10977999999999999
2022-08-05,RealEstate,0.19192
2022-08-05,Tech,0.23895999999999998
2022-08-05,Utilities,0.64968
2022-08-08,Comm,0.33354
2022-08-08,Consumer,0.22798
2022-08-08,Energy,0.42485999999999996
2022-08-08,Financials,0.27880000000000005
2022-08-08,Healthcare,0.29118
2022-08-08,Industrials,0.38048000000000004
2022-08-08,Materials,0.07774
2022-08-08,RealEstate,0.3306
2022-08-08,Tech,0.42594000000000004
2022-08-08,Utilities,0.36829999999999996
2022-08-09,Comm,-0.22816
2022-08-09,Consumer,0.44568
2022-08-09,Energy,0.5582
2022-08-09,Financials,0.28236
2022-08-09,Healthcare,0.0016599999999999948
2022-08-09,Industrials,0.3426
2022-08-09,Materials,0.14816000000000001
2022-08-09,RealEstate,0.35706000000000004
2022-08-09,Tech,0.55398
2022-08-09,Utilities,0.33355999999999997
2022-08-10,Comm,-0.054860000000000006
2022-08-10,Consumer,0.27912
2022-08-10,Energy,0.26833999999999997
2022-08-10,Financials,0.17952
2022-08-10,Healthcare,0.36819999999999997
2022-08-10,Industrials,0.25806
2022-08-10,Materials,0.2204
2022-08-10,RealEstate,0.42062
2022-08-10,Tech,0.27749999999999997
2022-08-10,Utilities,0.38614
2022-08-11,Comm,0.36454
2022-08-11,Consumer,0.43364
2022-08-11,Energy,0.41708
2022-08-11,Financials,0.17534
2022-08-11,Healthcare,0.12208000000000001
2022-08-11,Industrials,0.48628
2022-08-11,Materials,0.19866
2022-08-11,RealEstate,0.16376
2022-08-11,Tech,0.585
2022-08-11,Utilities,0.4417
2022-08-12,Comm,0.14116
2022-08-12,Consumer,0.31118
2022-08-12,Energy,0.38868
2022-08-12,Financials,0.08084000000000002
2022-08-12,Healthcare,-0.06417999999999999
2022-08-12,Industrials,0.42092
2022-08-12,Materials,0.19866
2022-08-12,RealEstate,0.45414000000000004
2022-08-12,Tech,0.36574
2022-08-12,Utilities,0.18322
2022-08-15,Comm,-0.015080000000000005
2022-08-15,Consumer,0.42824
2022-08-15,Energy,0.52392
2022-08-15,Financials,0.47691999999999996
2022-08-15,Healthcare,-0.06487999999999998
2022-08-15,Industrials,0.44245999999999996
2022-08-15,Materials,0.19866
2022-08-15,RealEstate,0.19962
2022-08-15,Tech,0.6822999999999999
2022-08-15,Utilities,0.34058
2022-08-16,Comm,0.24846
2022-08-16,Consumer,0.36884
2022-08-16,Energy,0.39542
2022-08-16,Financials,0.16872
2022-08-16,Healthcare,0.056979999999999996
2022-08-16,Industrials,0.57682
2022-08-16,Materials,0.16242
2022-08-16,RealEstate,0.024439999999999996
2022-08-16,Tech,0.5126799999999999
2022-08-16,Utilities,0.43976000000000004
2022-08-17,Comm,0.35991999999999996
2022-08-17,Consumer,0.43624
2022-08-17,Energy,0.72234
2022-08-17,Financials,0.07347999999999999
2022-08-17,Healthcare,0.15786
2022-08-17,Industrials,0.063
2022-08-17,Materials,0.07224
2022-08-17,RealEstate,0.26616
2022-08-17,Tech,0.46676
2022-08-17,Utilities,0.29104
2022-08-18,Comm,0.06132
2022-08-18,Consumer,0.31704
2022-08-18,Energy,0.7954399999999999
2022-08-18,Financials,0.01996
2022-08-18,Healthcare,0.07636
2022-08-18,Industrials,0.23846000000000003
2022-08-18,Materials,0.08808
2022-08-18,RealEstate,0.3601
2022-08-18,Tech,0.23413999999999996
2022-08-18,Utilities,0.33276000000000006
2022-08-19,Comm,0.03865999999999999
2022-08-19,Consumer,0.32716
2022-08-19,Energy,-0.10714000000000001
2022-08-19,Financials,0.51174
2022-08-19,Healthcare,0.15272
2022-08-19,Industrials,0.28832
2022-08-19,Materials,0.13334000000000001
2022-08-19,RealEstate,0.23708
2022-08-19,Tech,0.20918
2022-08-19,Utilities,0.39039999999999997
2022-08-22,Comm,-0.06210000000000001
2022-08-22,Consumer,0.528
2022-08-22,Energy,0.52156
2022-08-22,Financials,0.18876
2022-08-22,Healthcare,-0.008320000000000017
2022-08-22,Industrials,0.41597999999999996
2022-08-22,Materials,0.13334000000000001
2022-08-22,RealEstate,0.44078
2022-08-22,Tech,0.22002000000000002
2022-08-22,Utilities,0.42384000000000005
2022-08-23,Comm,0.45787999999999995
2022-08-23,Consumer,0.46821999999999997
2022-08-23,Energy,0.5296
2022-08-23,Financials,0.13744
2022-08-23,Healthcare,0.41788
2022-08-23,Industrials,0.54806
2022-08-23,Materials,0.18686
2022-08-23,RealEstate,0.61314
2022-08-23,Tech,0.8054399999999999
2022-08-23,Utilities,0.3759
2022-08-24,Comm,0.32172
2022-08-24,Consumer,0.33574000000000004
2022-08-24,Energy,0.36197999999999997
2022-08-24,Financials,0.46528
2022-08-24,Healthcare,0.37986
2022-08-24,Industrials,0.4283
2022-08-24,Materials,0.1187
2022-08-24,RealEstate,0.39366
2022-08-24,Tech,-0.025780000000000004
2022-08-24,Utilities,0.10194
2022-08-25,Comm,0.19585999999999998
2022-08-25,Consumer,0.15312
2022-08-25,Energy,0.10352000000000001
2022-08-25,Financials,0.13767999999999997
2022-08-25,Healthcare,0.42966
2022-08-25,Industrials,0.42362
2022-08-25,Materials,0.04046
2022-08-25,RealEstate,0.20986000000000002
2022-08-25,Tech,0.2363
2022-08-25,Utilities,0.20526
2022-08-26,Comm,0.07926
2022-08-26,Consumer,0.07924
2022-08-26,Energy,0.42466
2022-08-26,Financials,0.21875999999999998
2022-08-26,Healthcare,0.0021200000000000108
2022-08-26,Industrials,0.5243
2022-08-26,Materials,0.00516
2022-08-26,RealEstate,0.41084000000000004
2022-08-26,Tech,0.29702
2022-08-26,Utilities,0.23184
2022-08-29,Comm,-0.2697
2022-08-29,Consumer,-0.25529999999999997
2022-08-29,Energy,0.30010000000000003
2022-08-29,Financials,0.09519999999999998
2022-08-29,Healthcare,0.3666
2022-08-29,Industrials,0.21630000000000002
2022-08-29,Materials,0.04746
2022-08-29,RealEstate,0.42406000000000005
2022-08-29,Tech,0.5804600000000001
2022-08-29,Utilities,0.16392
2022-08-30,Comm,0.48857999999999996
2022-08-30,Consumer,0.49412
2022-08-30,Energy,0.59746
2022-08-30,Financials,0.3064
2022-08-30,Healthcare,0.35402
2022-08-30,Industrials,0.32606
2022-08-30,Materials,-0.05352
2022-08-30,RealEstate,0.34592
2022-08-30,Tech,0.43515999999999994
2022-08-30,Utilities,0.37026
2022-08-31,Comm,0.07718
2022-08-31,Consumer,0.4659
2022-08-31,Energy,0.33934000000000003
2022-08-31,Financials,0.04656000000000002
2022-08-31,Healthcare,0.19976
2022-08-31,Industrials,0.58436
2022-08-31,Materials,-0.00796
2022-08-31,RealEstate,0.24661999999999998
2022-08-31,Tech,0.22968000000000002
2022-08-31,Utilities,0.20421999999999998
2022-09-01,Comm,0.46534
2022-09-01,Consumer,-0.12594
2022-09-01,Energy,0.43411999999999995
2022-09-01,Financials,0.13191999999999998
2022-09-01,Healthcare,-0.35974
2022-09-01,Industrials,0.50578
2022-09-01,Materials,0.05072
2022-09-01,RealEstate,0.329
2022-09-01,Tech,0.45458
2022-09-01,Utilities,0.15714
2022-09-02,Comm,0.21517999999999998
2022-09-02,Consumer,0.53484
2022-09-02,Energy,0.39196
2022-09-02,Financials,0.5107
2022-09-02,Healthcare,0.28172
2022-09-02,Industrials,0.37716000000000005
2022-09-02,Materials,0.14318000000000003
2022-09-02,RealEstate,0.24134000000000003
2022-09-02,Tech,-0.11024
2022-09-02,Utilities,0.11444000000000001
2022-09-06,Comm,0.22818
2022-09-06,Consumer,0.07949999999999999
2022-09-06,Energy,0.65864
2022-09-06,Financials,0.11672000000000002
2022-09-06,Healthcare,0.37866
2022-09-06,Industrials,0.41880000000000006
2022-09-06,Materials,0.09152
2022-09-06,RealEstate,0.24922000000000005
2022-09-06,Tech,0.67168
2022-09-06,Utilities,0.24630000000000002
2022-09-07,Comm,0.38804
2022-09-07,Consumer,0.4687
2022-09-07,Energy,0.48768
2022-09-07,Financials,0.33608000000000005
2022-09-07,Healthcare,0.57668
2022-09-07,Industrials,0.73622
2022-09-07,Materials,0.0
2022-09-07,RealEstate,0.34734
2022-09-07,Tech,0.41506
2022-09-07,Utilities,0.36872
2022-09-08,Comm,0.19708
2022-09-08,Consumer,0.5473800000000001
2022-09-08,Energy,0.60594
2022-09-08,Financials,0.00998
2022-09-08,Healthcare,0.08180000000000001
2022-09-08,Industrials,0.43563999999999997
2022-09-08,Materials,0.05306000000000001
2022-09-08,RealEstate,0.14436
2022-09-08,Tech,0.45298
2022-09-08,Utilities,0.37236
2022-09-09,Comm,0.6170599999999999
2022-09-09,Consumer,0.40131999999999995
2022-09-09,Energy,0.5215
2022-09-09,Financials,0.26286
2022-09-09,Healthcare,0.70318
2022-09-09,Industrials,0.31422000000000005
2022-09-09,Materials,0.16902
2022-09-09,RealEstate,0.28254
2022-09-09,Tech,0.29214
2022-09-09,Utilities,0.3682
2022-09-12,Comm,0.14494
2022-09-12,Consumer,0.53404
2022-09-12,Energy,0.32586
2022-09-12,Financials,0.42566
2022-09-12,Healthcare,0.17386
2022-09-12,Industrials,0.11150000000000002
2022-09-12,Materials,0.11139999999999999
2022-09-12,RealEstate,0.58474
2022-09-12,Tech,0.44964000000000004
2022-09-12,Utilities,0.28490000000000004
2022-09-13,Comm,0.21858
2022-09-13,Consumer,0.51752
2022-09-13,Energy,0.49482
2022-09-13,Financials,0.16229999999999997
2022-09-13,Healthcare,0.83546
2022-09-13,Industrials,0.4279400000000001
2022-09-13,Materials,-0.033859999999999994
2022-09-13,RealEstate,0.625
2022-09-13,Tech,0.20958000000000002
2022-09-13,Utilities,0.55756
2022-09-14,Comm,0.07852
2022-09-14,Consumer,0.5688000000000001
2022-09-14,Energy,0.63106
2022-09-14,Financials,0.36236
2022-09-14,Healthcare,0.19388
2022-09-14,Industrials,0.62584
2022-09-14,Materials,0.06606000000000001
2022-09-14,RealEstate,0.23148
2022-09-14,Tech,0.20776000000000003
2022-09-14,Utilities,0.16082000000000002
2022-09-15,Comm,0.27776
2022-09-15,Consumer,0.65408
2022-09-15,Energy,0.50732
2022-09-15,Financials,-0.08148
2022-09-15,Healthcare,0.15732
2022-09-15,Industrials,0.4253
2022-09-15,Materials,0.22254000000000002
2022-09-15,RealEstate,0.26746
2022-09-15,Tech,0.37256
2022-09-15,Utilities,0.40553999999999996
2022-09-16,Comm,0.31487999999999994
2022-09-16,Consumer,0.31304
2022-09-16,Energy,0.6401
2022-09-16,Financials,0.21589999999999998
2022-09-16,Healthcare,6.00000000000038e-05
2022-09-16,Industrials,0.15742
2022-09-16,Materials,0.12766000000000002
2022-09-16,RealEstate,0.32622
2022-09-16,Tech,0.06462000000000001
2022-09-16,Utilities,0.50704
2022-09-19,Comm,0.31867999999999996
2022-09-19,Consumer,0.39382
2022-09-19,Energy,0.68272
2022-09-19,Financials,0.12490000000000001
2022-09-19,Healthcare,0.08834
2022-09-19,Industrials,0.12204
2022-09-19,Materials,0.09534000000000001
2022-09-19,RealEstate,0.54044
2022-09-19,Tech,0.17298
2022-09-19,Utilities,0.51264
2022-09-20,Comm,0.019979999999999977
2022-09-20,Consumer,0.72172
2022-09-20,Energy,0.29674
2022-09-20,Financials,0.19498
2022-09-20,Healthcare,0.05062000000000001
2022-09-20,Industrials,0.67498
2022-09-20,Materials,-0.11694
2022-09-20,RealEstate,0.41228
2022-09-20,Tech,0.52766
2022-09-20,Utilities,0.43178
2022-09-21,Comm,0.2029
2022-09-21,Consumer,0.012039999999999985
2022-09-21,Energy,0.34836
2022-09-21,Financials,0.11291999999999999
2022-09-21,Healthcare,-0.12126
2022-09-21,Industrials,0.46536
2022-09-21,Materials,-0.11694
2022-09-21,RealEstate,0.45755999999999997
2022-09-21,Tech,0.39224000000000003
2022-09-21,Utilities,0.13502
2022-09-22,Comm,0.4016
2022-09-22,Consumer,0.18202
2022-09-22,Energy,0.5225
2022-09-22,Financials,-0.06068
2022-09-22,Healthcare,-0.11324000000000001
2022-09-22,Industrials,0.44372
2022-09-22,Materials,0.07316
2022-09-22,RealEstate,0.18839999999999998
2022-09-22,Tech,0.19260000000000002
2022-09-22,Utilities,0.23646000000000003
2022-09-23,Comm,0.21634000000000003
2022-09-23,Consumer,0.38178
2022-09-23,Energy,0.29960000000000003
2022-09-23,Financials,-0.13484
2022-09-23,Healthcare,0.43079999999999996
2022-09-23,Industrials,0.23612000000000002
2022-09-23,Materials,0.31755999999999995
2022-09-23,RealEstate,0.008939999999999998
2022-09-23,Tech,0.49028
2022-09-23,Utilities,0.3096
2022-09-26,Comm,0.35004
2022-09-26,Consumer,-0.17262000000000002
2022-09-26,Energy,-0.3174
2022-09-26,Financials,0.25602
2022-09-26,Healthcare,0.24722
2022-09-26,Industrials,0.45763999999999994
2022-09-26,Materials,0.39390000000000003
2022-09-26,RealEstate,0.07462
2022-09-26,Tech,0.14576000000000003
2022-09-26,Utilities,0.4215400000000001
2022-09-27,Comm,0.28628
2022-09-27,Consumer,0.75152
2022-09-27,Energy,0.2137
2022-09-27,Financials,0.46836
2022-09-27,Healthcare,0.09736
2022-09-27,Industrials,0.12624
2022-09-27,Materials,0.34226
2022-09-27,RealEstate,0.2911
2022-09-27,Tech,0.23204000000000002
2022-09-27,Utilities,0.7884
2022-09-28,Comm,0.5623400000000001
2022-09-28,Consumer,0.08479999999999999
2022-09-28,Energy,-0.12892
2022-09-28,Financials,0.06966000000000001
2022-09-28,Healthcare,0.32334
2022-09-28,Industrials,0.016260000000000004
2022-09-28,Materials,0.34226
2022-09-28,RealEstate,0.5003200000000001
2022-09-28,Tech,0.54284
2022-09-28,Utilities,0.4011
2022-09-29,Comm,0.50118
2022-09-29,Consumer,0.027440000000000003
2022-09-29,Energy,0.46566
2022-09-29,Financials,0.29218
2022-09-29,Healthcare,0.28204
2022-09-29,Industrials,0.01298000000000001
2022-09-29,Materials,0.17841999999999997
2022-09-29,RealEstate,0.07876000000000001
2022-09-29,Tech,0.051060000000000015
2022-09-29,Utilities,-0.13282
2022-09-30,Comm,0.22477999999999998
2022-09-30,Consumer,0.55946
2022-09-30,Energy,0.45704
2022-09-30,Financials,0.17634
2022-09-30,Healthcare,0.16065999999999997
2022-09-30,Industrials,0.27956000000000003
2022-09-30,Materials,0.011219999999999999
2022-09-30,RealEstate,0.15308000000000002
2022-09-30,Tech,0.28982
2022-09-30,Utilities,0.021920000000000005
2022-10-03,Comm,0.16454
2022-10-03,Consumer,0.45964
2022-10-03,Energy,0.54084
2022-10-03,Financials,0.25806
2022-10-03,Healthcare,0.0843
2022-10-03,Industrials,0.27612000000000003
2022-10-03,Materials,0.00516
2022-10-03,RealEstate,0.25694
2022-10-03,Tech,-0.29812000000000005
2022-10-03,Utilities,0.13182
2022-10-04,Comm,0.49912
2022-10-04,Consumer,0.43738
2022-10-04,Energy,0.44596
2022-10-04,Financials,0.43870000000000003
2022-10-04,Healthcare,0.17250000000000001
2022-10-04,Industrials,0.51556
2022-10-04,Materials,0.09537999999999999
2022-10-04,RealEstate,0.32674
2022-10-04,Tech,0.88018
2022-10-04,Utilities,0.28976
2022-10-05,Comm,0.07668
2022-10-05,Consumer,-0.06222000000000001
2022-10-05,Energy,0.43827999999999995
2022-10-05,Financials,0.69558
2022-10-05,Healthcare,-0.09486
2022-10-05,Industrials,0.2448
2022-10-05,Materials,0.15816000000000002
2022-10-05,RealEstate,0.40054
2022-10-05,Tech,0.41200000000000003
2022-10-05,Utilities,0.33808
2022-10-06,Comm,0.31004
2022-10-06,Consumer,0.07375999999999999
2022-10-06,Energy,0.69672
2022-10-06,Financials,0.38564
2022-10-06,Healthcare,0.07004
2022-10-06,Industrials,0.5753
2022-10-06,Materials,0.055900000000000005
2022-10-06,RealEstate,0.31162
2022-10-06,Tech,0.3059
2022-10-06,Utilities,0.30532000000000004
2022-10-07,Comm,0.23148
2022-10-07,Consumer,0.50968
2022-10-07,Energy,0.52722
2022-10-07,Financials,0.27627999999999997
2022-10-07,Healthcare,-0.21688000000000002
2022-10-07,Industrials,0.40736
2022-10-07,Materials,-0.15272
2022-10-07,RealEstate,0.0843
2022-10-07,Tech,-0.19182000000000002
2022-10-07,Utilities,0.14462000000000003
2022-10-10,Comm,0.3479
2022-10-10,Consumer,-0.10582
2022-10-10,Energy,0.6574199999999999
2022-10-10,Financials,0.34806
2022-10-10,Healthcare,0.057840000000000016
2022-10-10,Industrials,0.30890000000000006
2022-10-10,Materials,-0.12161999999999999
2022-10-10,RealEstate,0.29818
2022-10-10,Tech,0.47431999999999996
2022-10-10,Utilities,0.39237999999999995
2022-10-11,Comm,0.16140000000000002
2022-10-11,Consumer,0.49526000000000003
2022-10-11,Energy,0.36978
2022-10-11,Financials,0.21949999999999997
2022-10-11,Healthcare,0.72824
2022-10-11,Industrials,0.38342
2022-10-11,Materials,0.13924
2022-10-11,RealEstate,0.24106
2022-10-11,Tech,0.29456
2022-10-11,Utilities,0.4198799999999999
2022-10-12,Comm,0.19354
2022-10-12,Consumer,0.5526
2022-10-12,Energy,0.21295999999999998
2022-10-12,Financials,-0.6683600000000001
2022-10-12,Healthcare,0.48362
2022-10-12,Industrials,0.53376
2022-10-12,Materials,0.04046
2022-10-12,RealEstate,0.04206
2022-10-12,Tech,-0.14440000000000003
2022-10-12,Utilities,0.34816
2022-10-13,Comm,0.22111999999999998
2022-10-13,Consumer,0.5886199999999999
2022-10-13,Energy,0.42286
2022-10-13,Financials,-0.20686
2022-10-13,Healthcare,0.56914
2022-10-13,Industrials,0.54342
2022-10-13,Materials,0.10846
2022-10-13,RealEstate,0.17498
2022-10-13,Tech,-0.40176
2022-10-13,Utilities,0.199
2022-10-14,Comm,-0.19873999999999997
2022-10-14,Consumer,0.31464
2022-10-14,Energy,0.1376
2022-10-14,Financials,0.12247999999999999
2022-10-14,Healthcare,-0.12672
2022-10-14,Industrials,0.32214
2022-10-14,Materials,0.12084000000000002
2022-10-14,RealEstate,0.05
2022-10-14,Tech,-0.025659999999999995
2022-10-14,Utilities,0.25364
2022-10-17,Comm,-0.18803999999999998
2022-10-17,Consumer,0.08688
2022-10-17,Energy,0.5111399999999999
2022-10-17,Financials,0.68658
2022-10-17,Healthcare,0.32558
2022-10-17,Industrials,0.33154
2022-10-17,Materials,0.12084000000000002
2022-10-17,RealEstate,0.04164000000000001
2022-10-17,Tech,0.22754000000000002
2022-10-17,Utilities,0.2988
2022-10-18,Comm,0.47382
2022-10-18,Consumer,0.32628
2022-10-18,Energy,0.2745
2022-10-18,Financials,0.55414
2022-10-18,Healthcare,0.28537999999999997
2022-10-18,Industrials,0.11372
2022-10-18,Materials,0.054220000000000004
2022-10-18,RealEstate,0.2717
2022-10-18,Tech,0.26512
2022-10-18,Utilities,-0.09018
2022-10-19,Comm,0.39122
2022-10-19,Consumer,0.25782
2022-10-19,Energy,-0.07927999999999999
2022-10-19,Financials,0.37968
2022-10-19,Healthcare,0.07874
2022-10-19,Industrials,0.41218000000000005
2022-10-19,Materials,0.20238
2022-10-19,RealEstate,0.36726000000000003
2022-10-19,Tech,0.3572
2022-10-19,Utilities,0.18480000000000002
2022-10-20,Comm,0.24384
2022-10-20,Consumer,0.43948
2022-10-20,Energy,0.20646
2022-10-20,Financials,0.21017999999999998
2022-10-20,Healthcare,0.12231999999999998
2022-10-20,Industrials,0.28178000000000003
2022-10-20,Materials,0.04562
2022-10-20,RealEstate,0.38920000000000005
2022-10-20,Tech,-0.18974
2022-10-20,Utilities,0.12632000000000002
2022-10-21,Comm,0.25446
2022-10-21,Consumer,0.6323000000000001
2022-10-21,Energy,0.12722000000000003
2022-10-21,Financials,0.23023999999999994
2022-10-21,Healthcare,0.21976
2022-10-21,Industrials,0.48022
2022-10-21,Materials,0.11800000000000002
2022-10-21,RealEstate,0.26288
2022-10-21,Tech,0.40884
2022-10-21,Utilities,0.19722
2022-10-24,Comm,0.19828
2022-10-24,Consumer,0.35492
2022-10-24,Energy,0.43445999999999996
2022-10-24,Financials,-0.012020000000000008
2022-10-24,Healthcare,0.21261999999999998
2022-10-24,Industrials,0.50524
2022-10-24,Materials,0.26502
2022-10-24,RealEstate,0.50184
2022-10-24,Tech,0.15974000000000002
2022-10-24,Utilities,0.28828
2022-10-25,Comm,0.3998
2022-10-25,Consumer,0.57864
2022-10-25,Energy,0.49256
2022-10-25,Financials,0.15052
2022-10-25,Healthcare,0.10894
2022-10-25,Industrials,0.55964
2022-10-25,Materials,0.17646
2022-10-25,RealEstate,0.49172000000000005
2022-10-25,Tech,0.0974
2022-10-25,Utilities,0.28681999999999996
2022-10-26,Comm,0.27952
2022-10-26,Consumer,0.27080000000000004
2022-10-26,Energy,0.19584
2022-10-26,Financials,0.62588
2022-10-26,Healthcare,0.09963999999999999
2022-10-26,Industrials,0.21928
2022-10-26,Materials,0.21058000000000004
2022-10-26,RealEstate,0.09152
2022-10-26,Tech,-0.12768000000000002
2022-10-26,Utilities,0.23769999999999997
2022-10-27,Comm,0.14882
2022-10-27,Consumer,0.28593999999999997
2022-10-27,Energy,0.27926
2022-10-27,Financials,0.4673999999999999
2022-10-27,Healthcare,0.16452
2022-10-27,Industrials,0.31324
2022-10-27,Materials,0.14258
2022-10-27,RealEstate,0.19534
2022-10-27,Tech,0.45220000000000005
2022-10-27,Utilities,0.21112000000000003
2022-10-28,Comm,0.5551
2022-10-28,Consumer,0.34314
2022-10-28,Energy,0.52514
2022-10-28,Financials,0.41494
2022-10-28,Healthcare,0.49916
2022-10-28,Industrials,0.6005
2022-10-28,Materials,0.1825
2022-10-28,RealEstate,-0.0010000000000000009
2022-10-28,Tech,0.07132000000000001
2022-10-28,Utilities,0.32074
2022-10-31,Comm,0.28206
2022-10-31,Consumer,0.26794
2022-10-31,Energy,0.5153000000000001
2022-10-31,Financials,0.006500000000000006
2022-10-31,Healthcare,0.28925999999999996
2022-10-31,Industrials,0.3799
2022-10-31,Materials,0.08038
2022-10-31,RealEstate,-0.0010000000000000009
2022-10-31,Tech,0.38678
2022-10-31,Utilities,0.23564
2022-11-01,Comm,0.42905999999999994
2022-11-01,Consumer,0.36776
2022-11-01,Energy,0.64856
2022-11-01,Financials,0.4423
2022-11-01,Healthcare,0.11077999999999999
2022-11-01,Industrials,0.46874000000000005
2022-11-01,Materials,0.08038
2022-11-01,RealEstate,0.45762
2022-11-01,Tech,0.36676000000000003
2022-11-01,Utilities,0.53598
2022-11-02,Comm,0.32332
2022-11-02,Consumer,0.32806
2022-11-02,Energy,0.42976000000000003
2022-11-02,Financials,0.22027999999999998
2022-11-02,Healthcare,0.33754
2022-11-02,Industrials,0.25604
2022-11-02,Materials,-0.06364
2022-11-02,RealEstate,0.15728
2022-11-02,Tech,0.36588000000000004
2022-11-02,Utilities,0.47704
2022-11-03,Comm,-0.10977999999999999
2022-11-03,Consumer,0.73498
2022-11-03,Energy,0.6838
2022-11-03,Financials,0.32914
2022-11-03,Healthcare,0.07126000000000002
2022-11-03,Industrials,0.2644
2022-11-03,Materials,-0.16242
2022-11-03,RealEstate,0.11682
2022-11-03,Tech,0.54918
2022-11-03,Utilities,0.32288
2022-11-04,Comm,0.23651999999999998
2022-11-04,Consumer,0.10974000000000002
2022-11-04,Energy,0.68696
2022-11-04,Financials,-0.03865999999999999
2022-11-04,Healthcare,-0.15566
2022-11-04,Industrials,0.28768000000000005
2022-11-04,Materials,0.06364
2022-11-04,RealEstate,0.04046000000000001
2022-11-04,Tech,0.1117
2022-11-04,Utilities,0.3855
2022-11-07,Comm,-0.02028000000000001
2022-11-07,Consumer,0.13591999999999999
2022-11-07,Energy,0.29312
2022-11-07,Financials,0.15031999999999998
2022-11-07,Healthcare,0.17592000000000002
2022-11-07,Industrials,0.34604
2022-11-07,Materials,0.06364
2022-11-07,RealEstate,-0.014179999999999993
2022-11-07,Tech,0.1944
2022-11-07,Utilities,0.56226
2022-11-08,Comm,-0.16621999999999998
2022-11-08,Consumer,0.34432
2022-11-08,Energy,0.4053
2022-11-08,Financials,-0.07483999999999999
2022-11-08,Healthcare,0.06238000000000001
2022-11-08,Industrials,0.18804
2022-11-08,Materials,0.0
2022-11-08,RealEstate,0.24847999999999998
2022-11-08,Tech,0.49319999999999997
2022-11-08,Utilities,-0.028280000000000007
2022-11-09,Comm,0.11000000000000001
2022-11-09,Consumer,0.20641999999999996
2022-11-09,Energy,0.46924
2022-11-09,Financials,-0.06784000000000001
2022-11-09,Healthcare,0.07196
2022-11-09,Industrials,0.28266
2022-11-09,Materials,0.15733999999999998
2022-11-09,RealEstate,0.28515999999999997
2022-11-09,Tech,0.24672
2022-11-09,Utilities,0.06384
2022-11-10,Comm,0.08696000000000001
2022-11-10,Consumer,0.45942
2022-11-10,Energy,-0.12350000000000001
2022-11-10,Financials,0.213
2022-11-10,Healthcare,0.15208
2022-11-10,Industrials,0.27233999999999997
2022-11-10,Materials,0.08808
2022-11-10,RealEstate,0.16522
2022-11-10,Tech,0.28568000000000005
2022-11-10,Utilities,0.09008000000000001
2022-11-11,Comm,0.04046
2022-11-11,Consumer,-0.09785999999999997
2022-11-11,Energy,0.36372
2022-11-11,Financials,0.0256
2022-11-11,Healthcare,0.20111999999999997
2022-11-11,Industrials,0.31142000000000003
2022-11-11,Materials,0.0
2022-11-11,RealEstate,0.18044
2022-11-11,Tech,0.39098
2022-11-11,Utilities,0.43751999999999996
2022-11-14,Comm,0.0
2022-11-14,Consumer,0.36158
2022-11-14,Energy,0.29544000000000004
2022-11-14,Financials,0.08049999999999999
2022-11-14,Healthcare,0.44078
2022-11-14,Industrials,0.53154
2022-11-14,Materials,0.153
2022-11-14,RealEstate,0.31967999999999996
2022-11-14,Tech,0.36029999999999995
2022-11-14,Utilities,0.1711
2022-11-15,Comm,0.73524
2022-11-15,Consumer,0.6124400000000001
2022-11-15,Energy,0.59478
2022-11-15,Financials,0.45086000000000004
2022-11-15,Healthcare,0.41773999999999994
2022-11-15,Industrials,0.20346000000000003
2022-11-15,Materials,0.029880000000000007
2022-11-15,RealEstate,0.26974
2022-11-15,Tech,0.48502
2022-11-15,Utilities,0.15016000000000002
2022-11-16,Comm,0.0497
2022-11-16,Consumer,0.37096
2022-11-16,Energy,0.61308
2022-11-16,Financials,0.22225999999999999
2022-11-16,Healthcare,0.42626
2022-11-16,Industrials,0.2197
2022-11-16,Materials,0.25054
2022-11-16,RealEstate,0.27676
2022-11-16,Tech,0.48525999999999997
2022-11-16,Utilities,0.15062
2022-11-17,Comm,0.15245999999999998
2022-11-17,Consumer,0.35409999999999997
2022-11-17,Energy,0.42772
2022-11-17,Financials,0.12178
2022-11-17,Healthcare,0.35860000000000003
2022-11-17,Industrials,0.21200000000000002
2022-11-17,Materials,0.25054
2022-11-17,RealEstate,0.29034
2022-11-17,Tech,-0.044700000000000004
2022-11-17,Utilities,0.17018
2022-11-18,Comm,-0.03062
2022-11-18,Consumer,0.65772
2022-11-18,Energy,0.20661999999999997
2022-11-18,Financials,0.42076
2022-11-18,Healthcare,0.05738
2022-11-18,Industrials,0.42668
2022-11-18,Materials,0.22284
2022-11-18,RealEstate,0.29034
2022-11-18,Tech,0.37262
2022-11-18,Utilities,0.17018
2022-11-21,Comm,-0.03062
2022-11-21,Consumer,0.16770000000000002
2022-11-21,Energy,0.27368000000000003
2022-11-21,Financials,0.42472000000000004
2022-11-21,Healthcare,0.25994
2022-11-21,Industrials,0.33744
2022-11-21,Materials,0.24114
2022-11-21,RealEstate,0.16385999999999998
2022-11-21,Tech,0.49054000000000003
2022-11-21,Utilities,0.29012000000000004
2022-11-22,Comm,0.24876
2022-11-22,Consumer,0.8505
2022-11-22,Energy,0.5226200000000001
2022-11-22,Financials,0.25894
2022-11-22,Healthcare,0.49348000000000003
2022-11-22,Industrials,0.35622
2022-11-22,Materials,0.27838
2022-11-22,RealEstate,0.29422
2022-11-22,Tech,0.62684
2022-11-22,Utilities,0.1928
2022-11-23,Comm,0.40565999999999997
2022-11-23,Consumer,0.26722
2022-11-23,Energy,-0.06174
2022-11-23,Financials,0.22245999999999996
2022-11-23,Healthcare,0.5621799999999999
2022-11-23,Industrials,0.53804
2022-11-23,Materials,0.27838
2022-11-23,RealEstate,0.10318000000000001
2022-11-23,Tech,-0.10972
2022-11-23,Utilities,0.0
2022-11-25,Comm,0.23022
2022-11-25,Consumer,0.55086
2022-11-25,Energy,0.6613399999999999
2022-11-25,Financials,0.3344
2022-11-25,Healthcare,0.35224
2022-11-25,Industrials,0.39266
2022-11-25,Materials,0.23546
2022-11-25,RealEstate,0.44401999999999997
2022-11-25,Tech,0.50534
2022-11-25,Utilities,0.25002
2022-11-28,Comm,0.5047200000000001
2022-11-28,Consumer,0.6540600000000001
2022-11-28,Energy,0.383
2022-11-28,Financials,0.2606
2022-11-28,Healthcare,0.45920000000000005
2022-11-28,Industrials,0.36244
2022-11-28,Materials,0.195
2022-11-28,RealEstate,0.43484
2022-11-28,Tech,0.002080000000000015
2022-11-28,Utilities,0.24664000000000003
2022-11-29,Comm,0.44038000000000005
2022-11-29,Consumer,0.5398400000000001
2022-11-29,Energy,-0.006559999999999999
2022-11-29,Financials,0.21028000000000002
2022-11-29,Healthcare,0.71472
2022-11-29,Industrials,0.22962000000000002
2022-11-29,Materials,0.195
2022-11-29,RealEstate,0.52858
2022-11-29,Tech,0.24430000000000002
2022-11-29,Utilities,0.15676
2022-11-30,Comm,0.4894
2022-11-30,Consumer,0.312
2022-11-30,Energy,0.23792
2022-11-30,Financials,0.49605999999999995
2022-11-30,Healthcare,0.53156
2022-11-30,Industrials,0.30792
2022-11-30,Materials,0.059199999999999996
2022-11-30,RealEstate,0.52858
2022-11-30,Tech,-0.1827
2022-11-30,Utilities,0.2374
2022-12-01,Comm,0.34063999999999994
2022-12-01,Consumer,0.28853999999999996
2022-12-01,Energy,0.53902
2022-12-01,Financials,0.41328
2022-12-01,Healthcare,0.53476
2022-12-01,Industrials,0.30478
2022-12-01,Materials,0.22732000000000002
2022-12-01,RealEstate,0.29478
2022-12-01,Tech,0.2938
2022-12-01,Utilities,0.1845
2022-12-02,Comm,0.14838
2022-12-02,Consumer,0.38114
2022-12-02,Energy,0.37956
2022-12-02,Financials,-0.14062
2022-12-02,Healthcare,0.31474
2022-12-02,Industrials,0.51328
2022-12-02,Materials,0.12067999999999998
2022-12-02,RealEstate,0.42298
2022-12-02,Tech,0.55682
2022-12-02,Utilities,0.26732
2022-12-05,Comm,0.42024
2022-12-05,Consumer,0.5048
2022-12-05,Energy,0.6692400000000001
2022-12-05,Financials,0.38
2022-12-05,Healthcare,-0.25186
2022-12-05,Industrials,0.31334
2022-12-05,Materials,-0.07832
2022-12-05,RealEstate,0.28754
2022-12-05,Tech,0.33921999999999997
2022-12-05,Utilities,0.39703999999999995
2022-12-06,Comm,0.39874
2022-12-06,Consumer,0.13988
2022-12-06,Energy,0.67538
2022-12-06,Financials,0.5311
2022-12-06,Healthcare,0.1343
2022-12-06,Industrials,0.34272
2022-12-06,Materials,-0.07832
2022-12-06,RealEstate,0.29504
2022-12-06,Tech,0.30878
2022-12-06,Utilities,0.46706000000000003
2022-12-07,Comm,0.41541999999999996
2022-12-07,Consumer,0.4412
2022-12-07,Energy,0.472
2022-12-07,Financials,-0.1269
2022-12-07,Healthcare,0.036720000000000017
2022-12-07,Industrials,0.08548000000000001
2022-12-07,Materials,0.10003999999999998
2022-12-07,RealEstate,0.32692
2022-12-07,Tech,0.12090000000000001
2022-12-07,Utilities,0.15106000000000003
2022-12-08,Comm,0.23828
2022-12-08,Consumer,0.36804
2022-12-08,Energy,0.32544
2022-12-08,Financials,-0.25483999999999996
2022-12-08,Healthcare,0.20908
2022-12-08,Industrials,0.17724
2022-12-08,Materials,0.10003999999999998
2022-12-08,RealEstate,0.36324
2022-12-08,Tech,0.7238
2022-12-08,Utilities,0.27612000000000003
2022-12-09,Comm,0.26124
2022-12-09,Consumer,0.47948
2022-12-09,Energy,0.44016
2022-12-09,Financials,0.21705999999999998
2022-12-09,Healthcare,0.05136
2022-12-09,Industrials,0.5079400000000001
2022-12-09,Materials,0.23604000000000003
2022-12-09,RealEstate,0.29524
2022-12-09,Tech,0.60594
2022-12-09,Utilities,0.1224
2022-12-12,Comm,-0.03557999999999999
2022-12-12,Consumer,0.66006
2022-12-12,Energy,0.24104
2022-12-12,Financials,0.0
2022-12-12,Healthcare,0.31551999999999997
2022-12-12,Industrials,0.33532
2022-12-12,Materials,0.29542
2022-12-12,RealEstate,0.52726
2022-12-12,Tech,0.33348000000000005
2022-12-12,Utilities,0.21848
2022-12-13,Comm,0.015240000000000009
2022-12-13,Consumer,0.43696
2022-12-13,Energy,0.58114
2022-12-13,Financials,0.08662
2022-12-13,Healthcare,0.18622
2022-12-13,Industrials,0.23090000000000002
2022-12-13,Materials,0.05306000000000001
2022-12-13,RealEstate,0.26774
2022-12-13,Tech,0.46026
2022-12-13,Utilities,0.31174
2022-12-14,Comm,-0.04538
2022-12-14,Consumer,0.22996
2022-12-14,Energy,0.33548
2022-12-14,Financials,0.09416000000000001
2022-12-14,Healthcare,0.10792000000000002
2022-12-14,Industrials,0.7178800000000001
2022-12-14,Materials,0.26318
2022-12-14,RealEstate,0.04482000000000001
2022-12-14,Tech,0.57726
2022-12-14,Utilities,0.21038
2022-12-15,Comm,0.02619999999999999
2022-12-15,Consumer,0.35774
2022-12-15,Energy,-0.03645999999999998
2022-12-15,Financials,0.08807999999999999
2022-12-15,Healthcare,0.20400000000000001
2022-12-15,Industrials,0.43790000000000007
2022-12-15,Materials,0.20373999999999998
2022-12-15,RealEstate,0.136
2022-12-15,Tech,0.028579999999999994
2022-12-15,Utilities,0.14238
2022-12-16,Comm,0.25736
2022-12-16,Consumer,0.41832
2022-12-16,Energy,0.1804
2022-12-16,Financials,0.55408
2022-12-16,Healthcare,0.43612
2022-12-16,Industrials,0.67606
2022-12-16,Materials,0.20373999999999998
2022-12-16,RealEstate,0.09534000000000001
2022-12-16,Tech,-0.28026
2022-12-16,Utilities,0.37502
2022-12-19,Comm,-0.11909999999999998
2022-12-19,Consumer,0.44936
2022-12-19,Energy,0.2869
2022-12-19,Financials,-0.1883
2022-12-19,Healthcare,0.15950000000000003
2022-12-19,Industrials,0.42288
2022-12-19,Materials,0.07876
2022-12-19,RealEstate,0.30310000000000004
2022-12-19,Tech,0.09224000000000002
2022-12-19,Utilities,0.49887999999999993
2022-12-20,Comm,0.18624000000000002
2022-12-20,Consumer,0.48228
2022-12-20,Energy,0.33187999999999995
2022-12-20,Financials,0.12892
2022-12-20,Healthcare,0.20034000000000002
2022-12-20,Industrials,0.58068
2022-12-20,Materials,0.30252
2022-12-20,RealEstate,0.38832000000000005
2022-12-20,Tech,0.10768
2022-12-20,Utilities,0.43886000000000003
2022-12-21,Comm,0.33818000000000004
2022-12-21,Consumer,0.5407
2022-12-21,Energy,0.5565599999999999
2022-12-21,Financials,0.42466
2022-12-21,Healthcare,0.49006
2022-12-21,Industrials,0.43041999999999997
2022-12-21,Materials,0.3238
2022-12-21,RealEstate,0.25214
2022-12-21,Tech,0.5976
2022-12-21,Utilities,0.6067400000000001
2022-12-22,Comm,0.15524
2022-12-22,Consumer,0.21196
2022-12-22,Energy,0.16310000000000002
2022-12-22,Financials,0.20556000000000002
2022-12-22,Healthcare,0.45568
2022-12-22,Industrials,0.82866
2022-12-22,Materials,0.1782
2022-12-22,RealEstate,0.17966000000000001
2022-12-22,Tech,0.5127200000000001
2022-12-22,Utilities,0.562
2022-12-23,Comm,0.11782
2022-12-23,Consumer,0.31032000000000004
2022-12-23,Energy,0.62964
2022-12-23,Financials,0.46626
2022-12-23,Healthcare,0.23089999999999997
2022-12-23,Industrials,0.39496
2022-12-23,Materials,0.07636
2022-12-23,RealEstate,0.17966000000000001
2022-12-23,Tech,-0.50512
2022-12-23,Utilities,0.34424
2022-12-27,Comm,0.30124
2022-12-27,Consumer,0.3762
2022-12-27,Energy,0.10212000000000002
2022-12-27,Financials,0.36094
2022-12-27,Healthcare,0.08470000000000003
2022-12-27,Industrials,0.25396
2022-12-27,Materials,0.07636
2022-12-27,RealEstate,0.17966000000000001
2022-12-27,Tech,0.26456
2022-12-27,Utilities,0.37234
2022-12-28,Comm,0.41956
2022-12-28,Consumer,0.77268
2022-12-28,Energy,0.59884
2022-12-28,Financials,0.30624
2022-12-28,Healthcare,0.38272
2022-12-28,Industrials,0.64512
2022-12-28,Materials,0.24648000000000003
2022-12-28,RealEstate,0.45782
2022-12-28,Tech,0.0388
2022-12-28,Utilities,0.24748
2022-12-29,Comm,0.27076
2022-12-29,Consumer,0.29096
2022-12-29,Energy,0.49707999999999997
2022-12-29,Financials,0.30866
2022-12-29,Healthcare,0.28932
2022-12-29,Industrials,0.45314
2022-12-29,Materials,0.131
2022-12-29,RealEstate,0.40497999999999995
2022-12-29,Tech,0.17864
2022-12-29,Utilities,0.23176000000000002
2022-12-30,Comm,0.18562000000000003
2022-12-30,Consumer,0.5117200000000001
2022-12-30,Energy,0.32736
2022-12-30,Financials,0.08714
2022-12-30,Healthcare,0.31188
2022-12-30,Industrials,0.29602
2022-12-30,Materials,0.22146
2022-12-30,RealEstate,0.22671999999999998
2022-12-30,Tech,0.49646
2022-12-30,Utilities,0.11534
2023-01-03,Comm,0.07602
2023-01-03,Consumer,0.50252
2023-01-03,Energy,0.38102
2023-01-03,Financials,0.29169999999999996
2023-01-03,Healthcare,0.32118
2023-01-03,Industrials,0.42910000000000004
2023-01-03,Materials,0.10318000000000001
2023-01-03,RealEstate,0.20944
2023-01-03,Tech,0.14574
2023-01-03,Utilities,0.07731999999999999
2023-01-04,Comm,0.05297999999999999
2023-01-04,Consumer,0.50644
2023-01-04,Energy,0.90052
2023-01-04,Financials,0.19126
2023-01-04,Healthcare,0.38236
2023-01-04,Industrials,0.42416
2023-01-04,Materials,0.10212000000000002
2023-01-04,RealEstate,0.39242
2023-01-04,Tech,0.6150599999999999
2023-01-04,Utilities,0.16766
2023-01-05,Comm,0.06208000000000001
2023-01-05,Consumer,0.40962
2023-01-05,Energy,0.6218199999999999
2023-01-05,Financials,0.5565599999999999
2023-01-05,Healthcare,0.28246000000000004
2023-01-05,Industrials,0.49711999999999995
2023-01-05,Materials,0.08808
2023-01-05,RealEstate,0.22116000000000002
2023-01-05,Tech,0.09468
2023-01-05,Utilities,0.31476000000000004
2023-01-06,Comm,0.19116
2023-01-06,Consumer,0.4835
2023-01-06,Energy,0.6465799999999999
2023-01-06,Financials,0.32337999999999995
2023-01-06,Healthcare,0.32616
2023-01-06,Industrials,0.36648000000000003
2023-01-06,Materials,0.12264
2023-01-06,RealEstate,0.28916000000000003
2023-01-06,Tech,0.69552
2023-01-06,Utilities,0.21246
2023-01-09,Comm,0.4345800000000001
2023-01-09,Consumer,0.44109999999999994
2023-01-09,Energy,0.5673999999999999
2023-01-09,Financials,0.43418
2023-01-09,Healthcare,0.16534
2023-01-09,Industrials,0.27721999999999997
2023-01-09,Materials,0.0
2023-01-09,RealEstate,0.3419
2023-01-09,Tech,0.6046199999999999
2023-01-09,Utilities,0.010919999999999996
2023-01-10,Comm,0.49602
2023-01-10,Consumer,0.70482
2023-01-10,Energy,0.55278
2023-01-10,Financials,0.39958
2023-01-10,Healthcare,0.45999999999999996
2023-01-10,Industrials,0.61604
2023-01-10,Materials,0.08038
2023-01-10,RealEstate,0.25766
2023-01-10,Tech,0.06107999999999999
2023-01-10,Utilities,0.19048000000000004
2023-01-11,Comm,0.6044
2023-01-11,Consumer,0.32080000000000003
2023-01-11,Energy,0.11818
2023-01-11,Financials,0.38732
2023-01-11,Healthcare,0.35838000000000003
2023-01-11,Industrials,0.46402
2023-01-11,Materials,0.16076
2023-01-11,RealEstate,-0.01629999999999999
2023-01-11,Tech,0.49668
2023-01-11,Utilities,0.14048000000000002
2023-01-12,Comm,0.30766
2023-01-12,Consumer,0.41122
2023-01-12,Energy,0.27646000000000004
2023-01-12,Financials,-0.0015800000000000037
2023-01-12,Healthcare,0.1387
2023-01-12,Industrials,0.30278
2023-01-12,Materials,0.30864
2023-01-12,RealEstate,0.06006
2023-01-12,Tech,0.23654000000000003
2023-01-12,Utilities,0.074
2023-01-13,Comm,0.2857
2023-01-13,Consumer,0.31842000000000004
2023-01-13,Energy,0.28596
2023-01-13,Financials,0.29276
2023-01-13,Healthcare,0.08452
2023-01-13,Industrials,0.5442
2023-01-13,Materials,0.22442
2023-01-13,RealEstate,-0.00015999999999998237
2023-01-13,Tech,0.18624000000000002
2023-01-13,Utilities,0.19641999999999998
2023-01-17,Comm,0.35764
2023-01-17,Consumer,0.42989999999999995
2023-01-17,Energy,0.46993999999999997
2023-01-17,Financials,0.32136
2023-01-17,Healthcare,0.33142
2023-01-17,Industrials,0.31846
2023-01-17,Materials,0.50424
2023-01-17,RealEstate,-0.04384
2023-01-17,Tech,0.2862
2023-01-17,Utilities,0.24910000000000002
2023-01-18,Comm,0.39292000000000005
2023-01-18,Consumer,0.8767799999999999
2023-01-18,Energy,0.42512
2023-01-18,Financials,0.75212
2023-01-18,Healthcare,0.80658
2023-01-18,Industrials,0.67084
2023-01-18,Materials,0.30278
2023-01-18,RealEstate,0.17056
2023-01-18,Tech,0.7001999999999999
2023-01-18,Utilities,0.44098
2023-01-19,Comm,0.0903
2023-01-19,Consumer,0.64836
2023-01-19,Energy,0.6830200000000001
2023-01-19,Financials,0.6291
2023-01-19,Healthcare,0.3502
2023-01-19,Industrials,0.1429
2023-01-19,Materials,0.20122
2023-01-19,RealEstate,-0.058699999999999995
2023-01-19,Tech,0.46302000000000004
2023-01-19,Utilities,0.20918
2023-01-20,Comm,0.12231999999999998
2023-01-20,Consumer,-0.11168
2023-01-20,Energy,0.33092
2023-01-20,Financials,0.28296
2023-01-20,Healthcare,-0.07642000000000002
2023-01-20,Industrials,0.2895
2023-01-20,Materials,0.26982
2023-01-20,RealEstate,0.17082
2023-01-20,Tech,0.41248000000000007
2023-01-20,Utilities,0.16392
2023-01-23,Comm,-0.09192
2023-01-23,Consumer,0.06244000000000001
2023-01-23,Energy,0.68316
2023-01-23,Financials,0.29058
2023-01-23,Healthcare,0.04352
2023-01-23,Industrials,0.18172000000000002
2023-01-23,Materials,0.30716
2023-01-23,RealEstate,0.15194000000000002
2023-01-23,Tech,0.0804
2023-01-23,Utilities,0.27156
2023-01-24,Comm,0.15338
2023-01-24,Consumer,0.6449199999999999
2023-01-24,Energy,0.29375999999999997
2023-01-24,Financials,0.05776000000000001
2023-01-24,Healthcare,0.71984
2023-01-24,Industrials,0.7176199999999999
2023-01-24,Materials,0.12488000000000002
2023-01-24,RealEstate,0.31688
2023-01-24,Tech,0.6386200000000001
2023-01-24,Utilities,0.39974
2023-01-25,Comm,0.03014
2023-01-25,Consumer,0.51356
2023-01-25,Energy,0.55152
2023-01-25,Financials,0.25608
2023-01-25,Healthcare,0.25118
2023-01-25,Industrials,0.21908000000000002
2023-01-25,Materials,0.14545999999999998
2023-01-25,RealEstate,0.29569999999999996
2023-01-25,Tech,0.51144
2023-01-25,Utilities,0.5520400000000001
2023-01-26,Comm,-0.04676
2023-01-26,Consumer,0.45405999999999996
2023-01-26,Energy,0.7620199999999999
2023-01-26,Financials,0.38054
2023-01-26,Healthcare,-0.2153
2023-01-26,Industrials,0.40413999999999994
2023-01-26,Materials,-0.033099999999999984
2023-01-26,RealEstate,0.34414
2023-01-26,Tech,0.25648
2023-01-26,Utilities,0.39984000000000003
2023-01-27,Comm,0.54558
2023-01-27,Consumer,0.4399
2023-01-27,Energy,0.7937000000000001
2023-01-27,Financials,0.66268
2023-01-27,Healthcare,0.32211999999999996
2023-01-27,Industrials,0.19308
2023-01-27,Materials,0.26692
2023-01-27,RealEstate,0.24888
2023-01-27,Tech,0.21854000000000004
2023-01-27,Utilities,0.45594
2023-01-30,Comm,0.19990000000000002
2023-01-30,Consumer,0.33693999999999996
2023-01-30,Energy,0.53294
2023-01-30,Financials,0.67408
2023-01-30,Healthcare,0.08578
2023-01-30,Industrials,0.5457599999999999
2023-01-30,Materials,0.22496
2023-01-30,RealEstate,0.29836
2023-01-30,Tech,-0.16604000000000002
2023-01-30,Utilities,0.24956
2023-01-31,Comm,0.06408
2023-01-31,Consumer,0.20826000000000003
2023-01-31,Energy,0.57062
2023-01-31,Financials,0.3484
2023-01-31,Healthcare,0.24596
2023-01-31,Industrials,0.16302
2023-01-31,Materials,0.36011999999999994
2023-01-31,RealEstate,0.52674
2023-01-31,Tech,0.51582
2023-01-31,Utilities,0.27515999999999996
2023-02-01,Comm,-0.13534
2023-02-01,Consumer,0.18672
2023-02-01,Energy,0.47181999999999996
2023-02-01,Financials,0.20633999999999997
2023-02-01,Healthcare,0.08487999999999998
2023-02-01,Industrials,0.6393800000000001
2023-02-01,Materials,0.25236000000000003
2023-02-01,RealEstate,0.37228000000000006
2023-02-01,Tech,-0.04344000000000001
2023-02-01,Utilities,0.3397
2023-02-02,Comm,0.15149999999999997
2023-02-02,Consumer,0.43726000000000004
2023-02-02,Energy,-0.32961999999999997
2023-02-02,Financials,0.13512
2023-02-02,Healthcare,0.32283999999999996
2023-02-02,Industrials,0.3162
2023-02-02,Materials,0.16454
2023-02-02,RealEstate,0.41738
2023-02-02,Tech,0.062119999999999995
2023-02-02,Utilities,0.08302
2023-02-03,Comm,0.28844000000000003
2023-02-03,Consumer,0.50304
2023-02-03,Energy,0.54504
2023-02-03,Financials,0.58448
2023-02-03,Healthcare,0.76308
2023-02-03,Industrials,0.41701999999999995
2023-02-03,Materials,0.23254000000000002
2023-02-03,RealEstate,0.34046000000000004
2023-02-03,Tech,0.52652
2023-02-03,Utilities,0.4016
2023-02-06,Comm,0.23820000000000002
2023-02-06,Consumer,0.54624
2023-02-06,Energy,0.1123
2023-02-06,Financials,0.39
2023-02-06,Healthcare,0.07866
2023-02-06,Industrials,0.5190400000000001
2023-02-06,Materials,0.18638
2023-02-06,RealEstate,0.23936000000000002
2023-02-06,Tech,-0.21505999999999997
2023-02-06,Utilities,0.48804
2023-02-07,Comm,-0.21014
2023-02-07,Consumer,0.18005999999999997
2023-02-07,Energy,0.25382000000000005
2023-02-07,Financials,-0.14244
2023-02-07,Healthcare,0.07232000000000001
2023-02-07,Industrials,0.47412
2023-02-07,Materials,0.018879999999999987
2023-02-07,RealEstate,0.27864
2023-02-07,Tech,0.6819
2023-02-07,Utilities,0.34878
2023-02-08,Comm,0.08004000000000001
2023-02-08,Consumer,0.5690000000000001
2023-02-08,Energy,0.23842
2023-02-08,Financials,0.54258
2023-02-08,Healthcare,0.34236
2023-02-08,Industrials,0.28769999999999996
2023-02-08,Materials,-0.10282
2023-02-08,RealEstate,0.2782
2023-02-08,Tech,0.44908000000000003
2023-02-08,Utilities,0.5065999999999999
2023-02-09,Comm,0.14368
2023-02-09,Consumer,0.34642
2023-02-09,Energy,0.31858
2023-02-09,Financials,0.056400000000000006
2023-02-09,Healthcare,0.28188
2023-02-09,Industrials,0.55852
2023-02-09,Materials,0.0573
2023-02-09,RealEstate,-0.059199999999999996
2023-02-09,Tech,0.09176000000000002
2023-02-09,Utilities,0.53086
2023-02-10,Comm,0.21592000000000003
2023-02-10,Consumer,0.32010000000000005
2023-02-10,Energy,0.30629999999999996
2023-02-10,Financials,-0.31856
2023-02-10,Healthcare,0.3901
2023-02-10,Industrials,0.48184000000000005
2023-02-10,Materials,0.03915999999999999
2023-02-10,RealEstate,0.13224
2023-02-10,Tech,0.55784
2023-02-10,Utilities,0.43844000000000005
2023-02-13,Comm,0.1061
2023-02-13,Consumer,0.42102000000000006
2023-02-13,Energy,0.5581400000000001
2023-02-13,Financials,-0.17978
2023-02-13,Healthcare,0.011300000000000022
2023-02-13,Industrials,0.3242
2023-02-13,Materials,-0.025759999999999995
2023-02-13,RealEstate,0.30696
2023-02-13,Tech,0.015400000000000014
2023-02-13,Utilities,0.21758000000000002
2023-02-14,Comm,0.008300000000000007
2023-02-14,Consumer,0.64348
2023-02-14,Energy,0.76738
2023-02-14,Financials,0.17165999999999998
2023-02-14,Healthcare,0.26554
2023-02-14,Industrials,0.40698
2023-02-14,Materials,-0.0598
2023-02-14,RealEstate,0.5503
2023-02-14,Tech,0.8513999999999999
2023-02-14,Utilities,0.26266
2023-02-15,Comm,0.022240000000000003
2023-02-15,Consumer,0.72032
2023-02-15,Energy,-0.17506
2023-02-15,Financials,0.07719999999999998
2023-02-15,Healthcare,0.46880000000000005
2023-02-15,Industrials,0.48308
2023-02-15,Materials,-0.00938
2023-02-15,RealEstate,0.25061999999999995
2023-02-15,Tech,0.57836
2023-02-15,Utilities,0.21094
2023-02-16,Comm,0.24186000000000002
2023-02-16,Consumer,0.23364000000000001
2023-02-16,Energy,-0.04414
2023-02-16,Financials,-0.11388000000000001
2023-02-16,Healthcare,0.24912
2023-02-16,Industrials,0.35869999999999996
2023-02-16,Materials,0.09970000000000001
2023-02-16,RealEstate,0.1664
2023-02-16,Tech,0.12191999999999999
2023-02-16,Utilities,0.24922
2023-02-17,Comm,0.07608000000000001
2023-02-17,Consumer,0.05872000000000001
2023-02-17,Energy,0.45885999999999993
2023-02-17,Financials,0.19988
2023-02-17,Healthcare,0.43166000000000004
2023-02-17,Industrials,0.54468
2023-02-17,Materials,0.15502
2023-02-17,RealEstate,0.07312
2023-02-17,Tech,0.6328199999999999
2023-02-17,Utilities,0.45082000000000005
2023-02-21,Comm,0.31106
2023-02-21,Consumer,0.21280000000000002
2023-02-21,Energy,0.0841
2023-02-21,Financials,0.30284
2023-02-21,Healthcare,0.29834
2023-02-21,Industrials,0.24380000000000002
2023-02-21,Materials,0.0
2023-02-21,RealEstate,-0.05832
2023-02-21,Tech,0.40024
2023-02-21,Utilities,0.15602
2023-02-22,Comm,0.23738
2023-02-22,Consumer,0.37834
2023-02-22,Energy,0.36936
2023-02-22,Financials,-0.06068000000000001
2023-02-22,Healthcare,0.08739999999999999
2023-02-22,Industrials,0.72578
2023-02-22,Materials,-0.12108
2023-02-22,RealEstate,0.2723
2023-02-22,Tech,0.5062599999999999
2023-02-22,Utilities,0.17875999999999997
2023-02-23,Comm,0.29664
2023-02-23,Consumer,0.49539999999999995
2023-02-23,Energy,0.38812
2023-02-23,Financials,0.27474
2023-02-23,Healthcare,0.33321999999999996
2023-02-23,Industrials,0.18804
2023-02-23,Materials,0.10381999999999998
2023-02-23,RealEstate,0.28118
2023-02-23,Tech,0.5874
2023-02-23,Utilities,0.2165
2023-02-24,Comm,0.23325999999999997
2023-02-24,Consumer,0.49394
2023-02-24,Energy,0.52796
2023-02-24,Financials,0.39058000000000004
2023-02-24,Healthcare,0.3766
2023-02-24,Industrials,0.27256
2023-02-24,Materials,-0.005120000000000001
2023-02-24,RealEstate,0.22244000000000003
2023-02-24,Tech,0.33498
2023-02-24,Utilities,0.22308
2023-02-27,Comm,0.11959999999999997
2023-02-27,Consumer,0.158
2023-02-27,Energy,0.18994
2023-02-27,Financials,0.12029999999999999
2023-02-27,Healthcare,0.3635
2023-02-27,Industrials,0.323
2023-02-27,Materials,0.14958
2023-02-27,RealEstate,0.11438
2023-02-27,Tech,-0.1197
2023-02-27,Utilities,0.36084
2023-02-28,Comm,0.30194
2023-02-28,Consumer,0.35316000000000003
2023-02-28,Energy,-0.16033999999999998
2023-02-28,Financials,0.1648
2023-02-28,Healthcare,0.31424
2023-02-28,Industrials,0.40808
2023-02-28,Materials,0.35044000000000003
2023-02-28,RealEstate,0.24108000000000002
2023-02-28,Tech,0.30018
2023-02-28,Utilities,0.39036
2023-03-01,Comm,0.23243999999999998
2023-03-01,Consumer,0.44480000000000003
2023-03-01,Energy,0.35024
2023-03-01,Financials,0.08144
2023-03-01,Healthcare,0.29394
2023-03-01,Industrials,0.69748
2023-03-01,Materials,0.4525600000000001
2023-03-01,RealEstate,0.26738
2023-03-01,Tech,0.523
2023-03-01,Utilities,0.37916
2023-03-02,Comm,0.1507
2023-03-02,Consumer,0.39778
2023-03-02,Energy,0.24387999999999996
2023-03-02,Financials,0.17748000000000003
2023-03-02,Healthcare,0.09852000000000001
2023-03-02,Industrials,0.22111999999999998
2023-03-02,Materials,0.33890000000000003
2023-03-02,RealEstate,0.13716
2023-03-02,Tech,0.61802
2023-03-02,Utilities,0.43835999999999997
2023-03-03,Comm,0.50958
2023-03-03,Consumer,0.6024200000000001
2023-03-03,Energy,0.5740000000000001
2023-03-03,Financials,0.31926
2023-03-03,Healthcare,0.146
2023-03-03,Industrials,0.46094
2023-03-03,Materials,-0.006159999999999999
2023-03-03,RealEstate,0.3387
2023-03-03,Tech,0.404
2023-03-03,Utilities,0.24122
2023-03-06,Comm,0.23568000000000003
2023-03-06,Consumer,0.33608
2023-03-06,Energy,0.42712000000000006
2023-03-06,Financials,0.08159999999999999
2023-03-06,Healthcare,0.5023
2023-03-06,Industrials,0.2968
2023-03-06,Materials,-0.07852
2023-03-06,RealEstate,0.21400000000000002
2023-03-06,Tech,0.53772
2023-03-06,Utilities,0.14816000000000001
2023-03-07,Comm,0.04046
2023-03-07,Consumer,0.020520000000000004
2023-03-07,Energy,0.32396
2023-03-07,Financials,0.37822
2023-03-07,Healthcare,0.29394
2023-03-07,Industrials,0.5596
2023-03-07,Materials,-0.010519999999999996
2023-03-07,RealEstate,0.05504000000000001
2023-03-07,Tech,0.23442
2023-03-07,Utilities,0.07868
2023-03-08,Comm,0.195
2023-03-08,Consumer,0.50614
2023-03-08,Energy,0.50876
2023-03-08,Financials,0.61344
2023-03-08,Healthcare,0.30852
2023-03-08,Industrials,0.61516
2023-03-08,Materials,0.09534000000000001
2023-03-08,RealEstate,0.21947999999999998
2023-03-08,Tech,0.33898
2023-03-08,Utilities,0.25072
2023-03-09,Comm,0.12069999999999999
2023-03-09,Consumer,0.37652
2023-03-09,Energy,0.62344
2023-03-09,Financials,0.2912
2023-03-09,Healthcare,0.25648
2023-03-09,Industrials,0.53742
2023-03-09,Materials,0.21692
2023-03-09,RealEstate,0.23828
2023-03-09,Tech,0.41414
2023-03-09,Utilities,0.32558000000000004
2023-03-10,Comm,0.06364
2023-03-10,Consumer,0.34598
2023-03-10,Energy,0.66496
2023-03-10,Financials,0.14101999999999998
2023-03-10,Healthcare,0.34436
2023-03-10,Industrials,0.44682000000000005
2023-03-10,Materials,0.037380000000000004
2023-03-10,RealEstate,0.21471999999999997
2023-03-10,Tech,0.6395
2023-03-10,Utilities,0.42968
2023-03-13,Comm,0.11438
2023-03-13,Consumer,0.41790000000000005
2023-03-13,Energy,0.27222
2023-03-13,Financials,0.11947999999999999
2023-03-13,Healthcare,0.4435599999999999
2023-03-13,Industrials,0.49779999999999996
2023-03-13,Materials,0.186
2023-03-13,RealEstate,0.26661999999999997
2023-03-13,Tech,0.46996000000000004
2023-03-13,Utilities,0.36441999999999997
2023-03-14,Comm,0.19592
2023-03-14,Consumer,0.17
2023-03-14,Energy,0.63222
2023-03-14,Financials,-0.29856
2023-03-14,Healthcare,0.45294
2023-03-14,Industrials,0.68446
2023-03-14,Materials,0.1782
2023-03-14,RealEstate,0.09658
2023-03-14,Tech,0.36682000000000003
2023-03-14,Utilities,0.49060000000000004
2023-03-15,Comm,0.24592
2023-03-15,Consumer,0.095
2023-03-15,Energy,0.69238
2023-03-15,Financials,0.21378000000000003
2023-03-15,Healthcare,0.04111999999999999
2023-03-15,Industrials,0.76458
2023-03-15,Materials,0.08499999999999999
2023-03-15,RealEstate,0.20270000000000002
2023-03-15,Tech,0.57386
2023-03-15,Utilities,0.20658000000000004
2023-03-16,Comm,0.35466000000000003
2023-03-16,Consumer,0.21000000000000002
2023-03-16,Energy,0.5913
2023-03-16,Financials,-0.12158000000000002
2023-03-16,Healthcare,0.15889999999999999
2023-03-16,Industrials,0.31016000000000005
2023-03-16,Materials,0.22957999999999998
2023-03-16,RealEstate,0.34456
2023-03-16,Tech,0.09992000000000001
2023-03-16,Utilities,0.5525800000000001
2023-03-17,Comm,0.47228000000000003
2023-03-17,Consumer,0.10748000000000002
2023-03-17,Energy,-0.18734
2023-03-17,Financials,-0.42338000000000003
2023-03-17,Healthcare,-0.021160000000000005
2023-03-17,Industrials,0.49884000000000006
2023-03-17,Materials,0.09580000000000002
2023-03-17,RealEstate,0.35488
2023-03-17,Tech,0.55432
2023-03-17,Utilities,0.24702000000000002
2023-03-20,Comm,0.19974
2023-03-20,Consumer,0.06552000000000001
2023-03-20,Energy,0.013779999999999992
2023-03-20,Financials,-0.12339999999999998
2023-03-20,Healthcare,-0.05822000000000001
2023-03-20,Industrials,0.3709
2023-03-20,Materials,0.01916
2023-03-20,RealEstate,0.41303999999999996
2023-03-20,Tech,0.35482
2023-03-20,Utilities,0.56446
2023-03-21,Comm,0.37302
2023-03-21,Consumer,0.23490000000000003
2023-03-21,Energy,0.73036
2023-03-21,Financials,0.70214
2023-03-21,Healthcare,0.32974000000000003
2023-03-21,Industrials,0.44496
2023-03-21,Materials,0.35604
2023-03-21,RealEstate,0.09046000000000001
2023-03-21,Tech,0.701
2023-03-21,Utilities,0.39992
2023-03-22,Comm,0.23915999999999998
2023-03-22,Consumer,0.42206
2023-03-22,Energy,0.00021999999999999797
2023-03-22,Financials,0.31628
2023-03-22,Healthcare,0.33204
2023-03-22,Industrials,0.42338000000000003
2023-03-22,Materials,0.12404
2023-03-22,RealEstate,0.57552
2023-03-22,Tech,0.029680000000000012
2023-03-22,Utilities,0.37738
2023-03-23,Comm,0.12079999999999999
2023-03-23,Consumer,-0.18326000000000003
2023-03-23,Energy,0.46871999999999997
2023-03-23,Financials,0.19832
2023-03-23,Healthcare,0.06364
2023-03-23,Industrials,0.37042
2023-03-23,Materials,0.09862000000000001
2023-03-23,RealEstate,0.28292
2023-03-23,Tech,0.37207999999999997
2023-03-23,Utilities,0.16848000000000002
2023-03-24,Comm,0.44462
2023-03-24,Consumer,0.2539
2023-03-24,Energy,0.47122
2023-03-24,Financials,-0.0024800000000000156
2023-03-24,Healthcare,0.45388
2023-03-24,Industrials,0.31776
2023-03-24,Materials,0.15566
2023-03-24,RealEstate,0.14966
2023-03-24,Tech,0.58038
2023-03-24,Utilities,0.19519999999999998
2023-03-27,Comm,0.44702000000000003
2023-03-27,Consumer,0.34235999999999994
2023-03-27,Energy,0.35084
2023-03-27,Financials,-0.2677
2023-03-27,Healthcare,0.2202
2023-03-27,Industrials,0.22542
2023-03-27,Materials,0.15566
2023-03-27,RealEstate,0.1272
2023-03-27,Tech,0.22304
2023-03-27,Utilities,0.26726
2023-03-28,Comm,0.44146
2023-03-28,Consumer,0.37864
2023-03-28,Energy,-0.04509999999999999
2023-03-28,Financials,0.43878000000000006
2023-03-28,Healthcare,0.4593
2023-03-28,Industrials,0.6263
2023-03-28,Materials,0.2103
2023-03-28,RealEstate,0.1421
2023-03-28,Tech,0.68474
2023-03-28,Utilities,0.20301999999999998
2023-03-29,Comm,0.34386
2023-03-29,Consumer,0.46820000000000006
2023-03-29,Energy,0.08542000000000001
2023-03-29,Financials,0.53124
2023-03-29,Healthcare,0.45382
2023-03-29,Industrials,0.45752000000000004
2023-03-29,Materials,0.2811
2023-03-29,RealEstate,0.17068
2023-03-29,Tech,0.31132
2023-03-29,Utilities,0.47418000000000005
2023-03-30,Comm,0.19332000000000002
2023-03-30,Consumer,0.31222000000000005
2023-03-30,Energy,0.32326
2023-03-30,Financials,-0.0588
2023-03-30,Healthcare,0.13986
2023-03-30,Industrials,0.26681999999999995
2023-03-30,Materials,0.19322
2023-03-30,RealEstate,0.18394000000000002
2023-03-30,Tech,0.39986
2023-03-30,Utilities,0.33798000000000006
2023-03-31,Comm,0.2325
2023-03-31,Consumer,0.41112000000000004
2023-03-31,Energy,0.27806
2023-03-31,Financials,0.6436
2023-03-31,Healthcare,-0.004320000000000013
2023-03-31,Industrials,0.39171999999999996
2023-03-31,Materials,0.03218
2023-03-31,RealEstate,0.21684
2023-03-31,Tech,0.6712
2023-03-31,Utilities,0.28712
2023-04-03,Comm,0.38174
2023-04-03,Consumer,0.2122
2023-04-03,Energy,0.32460000000000006
2023-04-03,Financials,0.34598
2023-04-03,Healthcare,0.16598
2023-04-03,Industrials,0.21978
2023-04-03,Materials,0.09448
2023-04-03,RealEstate,0.26108000000000003
2023-04-03,Tech,0.50744
2023-04-03,Utilities,0.3097
2023-04-04,Comm,0.48744
2023-04-04,Consumer,0.54428
2023-04-04,Energy,-0.4736000000000001
2023-04-04,Financials,0.40164
2023-04-04,Healthcare,-0.06720000000000001
2023-04-04,Industrials,0.46243999999999996
2023-04-04,Materials,-0.10533999999999999
2023-04-04,RealEstate,0.22290000000000001
2023-04-04,Tech,0.62602
2023-04-04,Utilities,0.39186
2023-04-05,Comm,0.18596
2023-04-05,Consumer,0.21546000000000004
2023-04-05,Energy,0.67272
2023-04-05,Financials,-0.10832000000000001
2023-04-05,Healthcare,0.4364
2023-04-05,Industrials,0.27393999999999996
2023-04-05,Materials,0.0999
2023-04-05,RealEstate,0.31558
2023-04-05,Tech,0.47042
2023-04-05,Utilities,0.42908
2023-04-06,Comm,0.15388000000000002
2023-04-06,Consumer,0.31886000000000003
2023-04-06,Energy,0.23168000000000002
2023-04-06,Financials,-0.16919999999999996
2023-04-06,Healthcare,0.10866000000000002
2023-04-06,Industrials,0.27388
2023-04-06,Materials,0.24546
2023-04-06,RealEstate,0.47045999999999993
2023-04-06,Tech,0.18414
2023-04-06,Utilities,0.28492
2023-04-10,Comm,0.238
2023-04-10,Consumer,0.3444
2023-04-10,Energy,0.45633999999999997
2023-04-10,Financials,0.22150000000000003
2023-04-10,Healthcare,0.0905
2023-04-10,Industrials,0.36522
2023-04-10,Materials,0.25076
2023-04-10,RealEstate,0.24769999999999998
2023-04-10,Tech,0.51642
2023-04-10,Utilities,0.42286
2023-04-11,Comm,0.12134
2023-04-11,Consumer,0.66062
2023-04-11,Energy,0.49368
2023-04-11,Financials,0.21482
2023-04-11,Healthcare,0.3318
2023-04-11,Industrials,0.6922200000000001
2023-04-11,Materials,0.4883
2023-04-11,RealEstate,0.3224
2023-04-11,Tech,0.85544
2023-04-11,Utilities,0.49406
2023-04-12,Comm,0.07734
2023-04-12,Consumer,0.34546
2023-04-12,Energy,0.49345999999999995
2023-04-12,Financials,0.26023999999999997
2023-04-12,Healthcare,-0.007159999999999988
2023-04-12,Industrials,0.24778000000000003
2023-04-12,Materials,0.17864
2023-04-12,RealEstate,0.40776
2023-04-12,Tech,0.3238
2023-04-12,Utilities,0.15342
2023-04-13,Comm,0.34615999999999997
2023-04-13,Consumer,0.18525999999999998
2023-04-13,Energy,0.14606
2023-04-13,Financials,0.3141
2023-04-13,Healthcare,0.25372
2023-04-13,Industrials,0.3706
2023-04-13,Materials,0.17864
2023-04-13,RealEstate,0.48908000000000007
2023-04-13,Tech,0.47442
2023-04-13,Utilities,0.36419999999999997
2023-04-14,Comm,-0.019379999999999998
2023-04-14,Consumer,0.08574000000000001
2023-04-14,Energy,0.37570000000000003
2023-04-14,Financials,0.38761999999999996
2023-04-14,Healthcare,-0.03715999999999999
2023-04-14,Industrials,0.4511
2023-04-14,Materials,-0.02054
2023-04-14,RealEstate,0.17484000000000002
2023-04-14,Tech,0.38716
2023-04-14,Utilities,0.30642
2023-04-17,Comm,0.07067999999999999
2023-04-17,Consumer,0.26326
2023-04-17,Energy,0.6395000000000001
2023-04-17,Financials,-0.004959999999999987
2023-04-17,Healthcare,0.05696000000000001
2023-04-17,Industrials,0.29224
2023-04-17,Materials,0.04309999999999999
2023-04-17,RealEstate,0.14728
2023-04-17,Tech,0.6826399999999999
2023-04-17,Utilities,0.23435999999999998
2023-04-18,Comm,0.11717999999999999
2023-04-18,Consumer,0.22515999999999997
2023-04-18,Energy,0.50546
2023-04-18,Financials,0.74514
2023-04-18,Healthcare,0.53212
2023-04-18,Industrials,0.5165
2023-04-18,Materials,0.10533999999999999
2023-04-18,RealEstate,0.021179999999999997
2023-04-18,Tech,0.55118
2023-04-18,Utilities,0.18598
2023-04-19,Comm,0.12982
2023-04-19,Consumer,-0.19522
2023-04-19,Energy,0.15112
2023-04-19,Financials,0.6178600000000001
2023-04-19,Healthcare,0.29744000000000004
2023-04-19,Industrials,0.36604000000000003
2023-04-19,Materials,0.28052
2023-04-19,RealEstate,0.3368
2023-04-19,Tech,0.78522
2023-04-19,Utilities,0.26568
2023-04-20,Comm,0.30920000000000003
2023-04-20,Consumer,0.33330000000000004
2023-04-20,Energy,0.6225400000000001
2023-04-20,Financials,0.7700400000000001
2023-04-20,Healthcare,0.37256
2023-04-20,Industrials,0.55808
2023-04-20,Materials,0.08136000000000002
2023-04-20,RealEstate,0.23548
2023-04-20,Tech,0.53494
2023-04-20,Utilities,0.37818
2023-04-21,Comm,0.030559999999999997
2023-04-21,Consumer,0.52152
2023-04-21,Energy,0.37566
2023-04-21,Financials,0.29135999999999995
2023-04-21,Healthcare,0.43572
2023-04-21,Industrials,0.45254000000000005
2023-04-21,Materials,0.41556
2023-04-21,RealEstate,0.23085999999999998
2023-04-21,Tech,0.41798
2023-04-21,Utilities,0.27904
2023-04-24,Comm,0.37076
2023-04-24,Consumer,0.61654
2023-04-24,Energy,0.47090000000000004
2023-04-24,Financials,0.28908
2023-04-24,Healthcare,0.19586
2023-04-24,Industrials,0.53886
2023-04-24,Materials,0.13502
2023-04-24,RealEstate,0.36588
2023-04-24,Tech,0.51574
2023-04-24,Utilities,0.0
2023-04-25,Comm,0.13873999999999997
2023-04-25,Consumer,0.48839999999999995
2023-04-25,Energy,0.44800000000000006
2023-04-25,Financials,0.47478
2023-04-25,Healthcare,0.54936
2023-04-25,Industrials,0.40934
2023-04-25,Materials,0.08092
2023-04-25,RealEstate,0.08168
2023-04-25,Tech,0.72988
2023-04-25,Utilities,0.1977
2023-04-26,Comm,0.05059999999999999
2023-04-26,Consumer,0.32142
2023-04-26,Energy,0.42076
2023-04-26,Financials,-0.016780000000000017
2023-04-26,Healthcare,0.66686
2023-04-26,Industrials,0.27798
2023-04-26,Materials,0.15626
2023-04-26,RealEstate,0.21417999999999998
2023-04-26,Tech,0.4993600000000001
2023-04-26,Utilities,0.30984
2023-04-27,Comm,0.18106
2023-04-27,Consumer,0.37998
2023-04-27,Energy,0.49746000000000007
2023-04-27,Financials,0.63932
2023-04-27,Healthcare,0.05
2023-04-27,Industrials,0.24942000000000003
2023-04-27,Materials,0.05162000000000001
2023-04-27,RealEstate,-0.20556000000000002
2023-04-27,Tech,0.4918
2023-04-27,Utilities,0.34270000000000006
2023-04-28,Comm,0.35366
2023-04-28,Consumer,0.19486
2023-04-28,Energy,0.45922
2023-04-28,Financials,0.6027
2023-04-28,Healthcare,0.5062599999999999
2023-04-28,Industrials,0.40664
2023-04-28,Materials,0.20542
2023-04-28,RealEstate,-0.03915999999999999
2023-04-28,Tech,0.44867999999999997
2023-04-28,Utilities,0.28816
2023-05-01,Comm,-0.12634
2023-05-01,Consumer,0.37256
2023-05-01,Energy,0.6298199999999999
2023-05-01,Financials,0.012659999999999982
2023-05-01,Healthcare,-0.24731999999999998
2023-05-01,Industrials,0.30066000000000004
2023-05-01,Materials,0.18658000000000002
2023-05-01,RealEstate,0.17728
2023-05-01,Tech,0.488
2023-05-01,Utilities,0.2385
2023-05-02,Comm,-0.041639999999999996
2023-05-02,Consumer,0.28352000000000005
2023-05-02,Energy,0.31866000000000005
2023-05-02,Financials,-0.42428
2023-05-02,Healthcare,0.3548
2023-05-02,Industrials,0.61186
2023-05-02,Materials,0.27968000000000004
2023-05-02,RealEstate,0.16114
2023-05-02,Tech,0.64586
2023-05-02,Utilities,0.14434
2023-05-03,Comm,0.04034
2023-05-03,Consumer,0.25266
2023-05-03,Energy,0.14222
2023-05-03,Financials,0.21871999999999997
2023-05-03,Healthcare,-0.031079999999999997
2023-05-03,Industrials,0.38712
2023-05-03,Materials,0.068
2023-05-03,RealEstate,0.18295999999999998
2023-05-03,Tech,0.44088000000000005
2023-05-03,Utilities,0.32249999999999995
2023-05-04,Comm,0.31714000000000003
2023-05-04,Consumer,0.5020800000000001
2023-05-04,Energy,0.27959999999999996
2023-05-04,Financials,0.2514
2023-05-04,Healthcare,0.010080000000000006
2023-05-04,Industrials,0.4298
2023-05-04,Materials,-0.08258
2023-05-04,RealEstate,0.08736
2023-05-04,Tech,0.48946000000000006
2023-05-04,Utilities,0.23079999999999998
2023-05-05,Comm,-0.028979999999999995
2023-05-05,Consumer,-0.035440000000000006
2023-05-05,Energy,0.4236
2023-05-05,Financials,0.1486
2023-05-05,Healthcare,0.18932000000000002
2023-05-05,Industrials,0.66526
2023-05-05,Materials,0.022740000000000003
2023-05-05,RealEstate,0.11950000000000001
2023-05-05,Tech,0.09590000000000001
2023-05-05,Utilities,0.27077999999999997
2023-05-08,Comm,0.32378
2023-05-08,Consumer,0.22237999999999997
2023-05-08,Energy,0.25962
2023-05-08,Financials,0.67072
2023-05-08,Healthcare,0.16848000000000002
2023-05-08,Industrials,0.017900000000000006
2023-05-08,Materials,-0.04526
2023-05-08,RealEstate,0.28606000000000004
2023-05-08,Tech,0.13092
2023-05-08,Utilities,0.32734
2023-05-09,Comm,0.19805999999999999
2023-05-09,Consumer,0.26184
2023-05-09,Energy,0.68152
2023-05-09,Financials,0.23384
2023-05-09,Healthcare,0.37926
2023-05-09,Industrials,0.39288
2023-05-09,Materials,0.1871
2023-05-09,RealEstate,0.21870000000000003
2023-05-09,Tech,0.73932
2023-05-09,Utilities,0.22410000000000002
2023-05-10,Comm,-0.056400000000000006
2023-05-10,Consumer,0.43004
2023-05-10,Energy,0.57112
2023-05-10,Financials,-0.27886
2023-05-10,Healthcare,0.40434000000000003
2023-05-10,Industrials,0.67364
2023-05-10,Materials,0.1871
2023-05-10,RealEstate,0.25916
2023-05-10,Tech,0.13532000000000002
2023-05-10,Utilities,0.33146000000000003
2023-05-11,Comm,0.36018
2023-05-11,Consumer,0.17712
2023-05-11,Energy,0.42401999999999995
2023-05-11,Financials,0.10497999999999999
2023-05-11,Healthcare,0.14526
2023-05-11,Industrials,0.47804
2023-05-11,Materials,0.13222
2023-05-11,RealEstate,0.009839999999999998
2023-05-11,Tech,0.43254000000000004
2023-05-11,Utilities,0.29218
2023-05-12,Comm,0.53288
2023-05-12,Consumer,0.46884
2023-05-12,Energy,0.6523
2023-05-12,Financials,-0.04246
2023-05-12,Healthcare,0.35886
2023-05-12,Industrials,0.34104
2023-05-12,Materials,0.3169
2023-05-12,RealEstate,0.08808
2023-05-12,Tech,0.31854000000000005
2023-05-12,Utilities,0.55192
2023-05-15,Comm,0.24736000000000002
2023-05-15,Consumer,0.1935
2023-05-15,Energy,0.26242
2023-05-15,Financials,0.05989999999999999
2023-05-15,Healthcare,0.10212000000000002
2023-05-15,Industrials,0.35436
2023-05-15,Materials,0.19878
2023-05-15,RealEstate,0.2286
2023-05-15,Tech,0.41000000000000003
2023-05-15,Utilities,0.26617999999999997
2023-05-16,Comm,0.07972
2023-05-16,Consumer,0.5665
2023-05-16,Energy,0.56016
2023-05-16,Financials,-0.30884
2023-05-16,Healthcare,0.15224000000000001
2023-05-16,Industrials,0.61056
2023-05-16,Materials,0.23487999999999998
2023-05-16,RealEstate,0.26842
2023-05-16,Tech,0.6761
2023-05-16,Utilities,0.31252
2023-05-17,Comm,0.14767999999999998
2023-05-17,Consumer,-0.024439999999999996
2023-05-17,Energy,0.34142
2023-05-17,Financials,0.055199999999999985
2023-05-17,Healthcare,-0.13328
2023-05-17,Industrials,0.40056
2023-05-17,Materials,0.10691999999999999
2023-05-17,RealEstate,0.19508
2023-05-17,Tech,0.38128
2023-05-17,Utilities,0.29572000000000004
2023-05-18,Comm,0.02054
2023-05-18,Consumer,0.26526
2023-05-18,Energy,0.14554
2023-05-18,Financials,0.25132
2023-05-18,Healthcare,-0.42844
2023-05-18,Industrials,0.32292
2023-05-18,Materials,0.11148
2023-05-18,RealEstate,0.068
2023-05-18,Tech,0.56404
2023-05-18,Utilities,0.29938000000000003
2023-05-19,Comm,0.20876
2023-05-19,Consumer,0.42363999999999996
2023-05-19,Energy,-0.021619999999999983
2023-05-19,Financials,0.26894
2023-05-19,Healthcare,0.26258
2023-05-19,Industrials,0.24724
2023-05-19,Materials,0.11438
2023-05-19,RealEstate,0.25176
2023-05-19,Tech,0.53742
2023-05-19,Utilities,0.25172
2023-05-22,Comm,0.44934
2023-05-22,Consumer,0.0859
2023-05-22,Energy,0.25768
2023-05-22,Financials,0.18178
2023-05-22,Healthcare,0.004760000000000009
2023-05-22,Industrials,0.27888
2023-05-22,Materials,0.0
2023-05-22,RealEstate,0.11642000000000001
2023-05-22,Tech,0.6106
2023-05-22,Utilities,0.23014
2023-05-23,Comm,0.076
2023-05-23,Consumer,0.40747999999999995
2023-05-23,Energy,0.64
2023-05-23,Financials,0.26142000000000004
2023-05-23,Healthcare,0.25706
2023-05-23,Industrials,0.67042
2023-05-23,Materials,0.21223999999999998
2023-05-23,RealEstate,0.39049999999999996
2023-05-23,Tech,0.2414
2023-05-23,Utilities,0.31324
2023-05-24,Comm,0.12764000000000003
2023-05-24,Consumer,-0.031240000000000025
2023-05-24,Energy,0.1353
2023-05-24,Financials,0.3487
2023-05-24,Healthcare,0.17994000000000004
2023-05-24,Industrials,0.50336
2023-05-24,Materials,0.20992000000000002
2023-05-24,RealEstate,0.12799999999999997
2023-05-24,Tech,0.6736800000000001
2023-05-24,Utilities,0.05976
2023-05-25,Comm,0.14850000000000002
2023-05-25,Consumer,0.09158
2023-05-25,Energy,-0.03734000000000001
2023-05-25,Financials,0.08757999999999999
2023-05-25,Healthcare,-0.14566
2023-05-25,Industrials,0.4061
2023-05-25,Materials,0.0
2023-05-25,RealEstate,0.18024
2023-05-25,Tech,0.03355999999999999
2023-05-25,Utilities,0.10212000000000002
2023-05-26,Comm,0.16798
2023-05-26,Consumer,0.15386
2023-05-26,Energy,0.19448000000000001
2023-05-26,Financials,0.2472
2023-05-26,Healthcare,0.11144000000000001
2023-05-26,Industrials,0.47328000000000003
2023-05-26,Materials,0.19298
2023-05-26,RealEstate,0.19519999999999998
2023-05-26,Tech,0.7087
2023-05-26,Utilities,0.16132000000000002
2023-05-30,Comm,0.46152
2023-05-30,Consumer,0.2539
2023-05-30,Energy,0.5347
2023-05-30,Financials,0.19108
2023-05-30,Healthcare,0.26964
2023-05-30,Industrials,0.45118
2023-05-30,Materials,0.10696000000000001
2023-05-30,RealEstate,0.19519999999999998
2023-05-30,Tech,0.54622
2023-05-30,Utilities,0.13502
2023-05-31,Comm,-0.008359999999999989
2023-05-31,Consumer,0.45076
2023-05-31,Energy,0.5248
2023-05-31,Financials,-0.034440000000000026
2023-05-31,Healthcare,0.64058
2023-05-31,Industrials,0.51244
2023-05-31,Materials,0.20162000000000005
2023-05-31,RealEstate,0.2958
2023-05-31,Tech,0.73768
2023-05-31,Utilities,0.38022
2023-06-01,Comm,0.12722
2023-06-01,Consumer,0.43924
2023-06-01,Energy,0.34946
2023-06-01,Financials,0.2767
2023-06-01,Healthcare,0.38778
2023-06-01,Industrials,0.42506000000000005
2023-06-01,Materials,0.16444
2023-06-01,RealEstate,0.27949999999999997
2023-06-01,Tech,0.64564
2023-06-01,Utilities,0.41853999999999997
2023-06-02,Comm,0.24862
2023-06-02,Consumer,0.3875
2023-06-02,Energy,0.54528
2023-06-02,Financials,0.3482
2023-06-02,Healthcare,0.054220000000000004
2023-06-02,Industrials,0.35806
2023-06-02,Materials,0.036080000000000015
2023-06-02,RealEstate,0.2307
2023-06-02,Tech,0.6478400000000001
2023-06-02,Utilities,0.34240000000000004
2023-06-05,Comm,-0.05627999999999998
2023-06-05,Consumer,0.007240000000000002
2023-06-05,Energy,0.014440000000000008
2023-06-05,Financials,-0.11552
2023-06-05,Healthcare,0.054220000000000004
2023-06-05,Industrials,0.5337799999999999
2023-06-05,Materials,0.36996
2023-06-05,RealEstate,0.04128
2023-06-05,Tech,0.56358
2023-06-05,Utilities,0.21416
2023-06-06,Comm,0.32526
2023-06-06,Consumer,-0.07032000000000001
2023-06-06,Energy,0.44206
2023-06-06,Financials,0.26676
2023-06-06,Healthcare,0.13006
2023-06-06,Industrials,0.5091
2023-06-06,Materials,0.15604
2023-06-06,RealEstate,0.20414
2023-06-06,Tech,0.58158
2023-06-06,Utilities,0.15342
2023-06-07,Comm,0.3498
2023-06-07,Consumer,0.41032
2023-06-07,Energy,-0.15104
2023-06-07,Financials,0.42386
2023-06-07,Healthcare,0.37532
2023-06-07,Industrials,0.626
2023-06-07,Materials,-0.026159999999999982
2023-06-07,RealEstate,0.22832
2023-06-07,Tech,0.119
2023-06-07,Utilities,0.15342
2023-06-08,Comm,0.51806
2023-06-08,Consumer,0.41874
2023-06-08,Energy,0.19114
2023-06-08,Financials,0.37924
2023-06-08,Healthcare,0.59654
2023-06-08,Industrials,0.31816
2023-06-08,Materials,0.18686
2023-06-08,RealEstate,0.17646
2023-06-08,Tech,0.6828200000000001
2023-06-08,Utilities,0.35924
2023-06-09,Comm,0.10812
2023-06-09,Consumer,0.44348
2023-06-09,Energy,0.20380000000000004
2023-06-09,Financials,0.19964
2023-06-09,Healthcare,0.57008
2023-06-09,Industrials,0.30491999999999997
2023-06-09,Materials,0.19048000000000004
2023-06-09,RealEstate,0.15164
2023-06-09,Tech,0.58102
2023-06-09,Utilities,0.34614
2023-06-12,Comm,0.5087400000000001
2023-06-12,Consumer,0.34215999999999996
2023-06-12,Energy,0.34812000000000004
2023-06-12,Financials,0.14326
2023-06-12,Healthcare,0.031000000000000028
2023-06-12,Industrials,0.2974
2023-06-12,Materials,0.25848000000000004
2023-06-12,RealEstate,0.30654
2023-06-12,Tech,0.38952
2023-06-12,Utilities,0.28212000000000004
2023-06-13,Comm,0.25484
2023-06-13,Consumer,0.30218
2023-06-13,Energy,0.34344
2023-06-13,Financials,0.34424
2023-06-13,Healthcare,0.45987999999999996
2023-06-13,Industrials,0.52796
2023-06-13,Materials,0.20592000000000002
2023-06-13,RealEstate,0.40488
2023-06-13,Tech,0.81606
2023-06-13,Utilities,0.27142
2023-06-14,Comm,0.37004
2023-06-14,Consumer,0.13224
2023-06-14,Energy,0.29013999999999995
2023-06-14,Financials,0.62804
2023-06-14,Healthcare,0.12083999999999999
2023-06-14,Industrials,0.35156
2023-06-14,Materials,0.47794
2023-06-14,RealEstate,0.21252
2023-06-14,Tech,0.7538
2023-06-14,Utilities,0.12728
2023-06-15,Comm,0.4058
2023-06-15,Consumer,0.19532000000000002
2023-06-15,Energy,0.19616
2023-06-15,Financials,0.5014000000000001
2023-06-15,Healthcare,0.4487
2023-06-15,Industrials,0.5771000000000001
2023-06-15,Materials,0.40534
2023-06-15,RealEstate,0.21046
2023-06-15,Tech,0.82514
2023-06-15,Utilities,0.45336
2023-06-16,Comm,0.33224
2023-06-16,Consumer,0.30018
2023-06-16,Energy,0.26
2023-06-16,Financials,0.33246
2023-06-16,Healthcare,0.09948
2023-06-16,Industrials,0.22752
2023-06-16,Materials,0.21306000000000003
2023-06-16,RealEstate,0.11988000000000001
2023-06-16,Tech,0.75956
2023-06-16,Utilities,0.19714000000000004
2023-06-20,Comm,0.37154
2023-06-20,Consumer,-0.06364
2023-06-20,Energy,0.12433999999999998
2023-06-20,Financials,0.25342000000000003
2023-06-20,Healthcare,0.17685999999999996
2023-06-20,Industrials,0.55904
2023-06-20,Materials,0.17958000000000002
2023-06-20,RealEstate,0.002520000000000011
2023-06-20,Tech,0.48403999999999997
2023-06-20,Utilities,0.30514
2023-06-21,Comm,0.42042
2023-06-21,Consumer,0.14479999999999998
2023-06-21,Energy,0.5231600000000001
2023-06-21,Financials,0.51768
2023-06-21,Healthcare,0.26759999999999995
2023-06-21,Industrials,0.63398
2023-06-21,Materials,0.29152
2023-06-21,RealEstate,-0.0256
2023-06-21,Tech,0.47287999999999997
2023-06-21,Utilities,0.15174000000000004
2023-06-22,Comm,0.20402000000000003
2023-06-22,Consumer,0.45827999999999997
2023-06-22,Energy,0.11213999999999999
2023-06-22,Financials,0.12462
2023-06-22,Healthcare,0.31036
2023-06-22,Industrials,-0.03497999999999999
2023-06-22,Materials,0.23693999999999998
2023-06-22,RealEstate,0.0
2023-06-22,Tech,0.29164
2023-06-22,Utilities,0.27314000000000005
2023-06-23,Comm,0.39198
2023-06-23,Consumer,0.312
2023-06-23,Energy,0.1574
2023-06-23,Financials,0.31895999999999997
2023-06-23,Healthcare,0.11896
2023-06-23,Industrials,0.27612000000000003
2023-06-23,Materials,0.22624
2023-06-23,RealEstate,0.04426000000000001
2023-06-23,Tech,0.58592
2023-06-23,Utilities,0.50364
2023-06-26,Comm,0.37374
2023-06-26,Consumer,0.26782
2023-06-26,Energy,0.30988000000000004
2023-06-26,Financials,-0.04562
2023-06-26,Healthcare,0.4282
2023-06-26,Industrials,0.27474
2023-06-26,Materials,0.14728
2023-06-26,RealEstate,0.16208
2023-06-26,Tech,0.6538999999999999
2023-06-26,Utilities,0.56074
2023-06-27,Comm,0.33449999999999996
2023-06-27,Consumer,0.6694
2023-06-27,Energy,0.28008
2023-06-27,Financials,0.51532
2023-06-27,Healthcare,0.48914
2023-06-27,Industrials,0.59456
2023-06-27,Materials,0.21952
2023-06-27,RealEstate,0.28765999999999997
2023-06-27,Tech,0.7242
2023-06-27,Utilities,0.61898
2023-06-28,Comm,0.28776
2023-06-28,Consumer,0.45312
2023-06-28,Energy,0.24934000000000003
2023-06-28,Financials,0.68086
2023-06-28,Healthcare,0.4365
2023-06-28,Industrials,0.3673
2023-06-28,Materials,0.12264
2023-06-28,RealEstate,0.48626
2023-06-28,Tech,0.66952
2023-06-28,Utilities,0.40536000000000005
2023-06-29,Comm,0.15326
2023-06-29,Consumer,0.31850000000000006
2023-06-29,Energy,0.19078
2023-06-29,Financials,-0.20318
2023-06-29,Healthcare,0.12248
2023-06-29,Industrials,0.25706
2023-06-29,Materials,0.29298
2023-06-29,RealEstate,0.50816
2023-06-29,Tech,0.60764
2023-06-29,Utilities,0.37192
2023-06-30,Comm,0.30310000000000004
2023-06-30,Consumer,0.009079999999999987
2023-06-30,Energy,0.2862
2023-06-30,Financials,0.35846
2023-06-30,Healthcare,0.53744
2023-06-30,Industrials,0.28338
2023-06-30,Materials,-0.030779999999999995
2023-06-30,RealEstate,0.38438
2023-06-30,Tech,0.48292
2023-06-30,Utilities,0.29402
2023-07-03,Comm,0.02542000000000001
2023-07-03,Consumer,0.52468
2023-07-03,Energy,0.15806
2023-07-03,Financials,0.06439999999999999
2023-07-03,Healthcare,0.18612
2023-07-03,Industrials,0.31404
2023-07-03,Materials,-0.07432
2023-07-03,RealEstate,0.34794
2023-07-03,Tech,0.37829999999999997
2023-07-03,Utilities,0.34585999999999995
2023-07-05,Comm,0.4746
2023-07-05,Consumer,0.29768
2023-07-05,Energy,0.56186
2023-07-05,Financials,0.48052
2023-07-05,Healthcare,0.52678
2023-07-05,Industrials,0.5061199999999999
2023-07-05,Materials,-0.006319999999999992
2023-07-05,RealEstate,0.34334
2023-07-05,Tech,0.87712
2023-07-05,Utilities,0.23081999999999997
2023-07-06,Comm,0.4258
2023-07-06,Consumer,0.3468
2023-07-06,Energy,0.3566
2023-07-06,Financials,0.65748
2023-07-06,Healthcare,0.52394
2023-07-06,Industrials,0.55774
2023-07-06,Materials,0.23762
2023-07-06,RealEstate,0.40671999999999997
2023-07-06,Tech,0.44436
2023-07-06,Utilities,0.30704000000000004
2023-07-07,Comm,0.244
2023-07-07,Consumer,0.23658
2023-07-07,Energy,0.25915999999999995
2023-07-07,Financials,0.28365999999999997
2023-07-07,Healthcare,0.71794
2023-07-07,Industrials,0.35056000000000004
2023-07-07,Materials,0.11839999999999999
2023-07-07,RealEstate,0.2652
2023-07-07,Tech,0.24274000000000004
2023-07-07,Utilities,0.37592
2023-07-10,Comm,0.31036
2023-07-10,Consumer,0.23216
2023-07-10,Energy,0.08008
2023-07-10,Financials,0.27998
2023-07-10,Healthcare,0.24964000000000003
2023-07-10,Industrials,0.16872000000000004
2023-07-10,Materials,0.16252
2023-07-10,RealEstate,0.12084000000000002
2023-07-10,Tech,0.10676000000000001
2023-07-10,Utilities,0.25220000000000004
2023-07-11,Comm,0.16784000000000002
2023-07-11,Consumer,0.11866000000000003
2023-07-11,Energy,0.15318
2023-07-11,Financials,-0.10175999999999999
2023-07-11,Healthcare,0.33776
2023-07-11,Industrials,0.45533999999999997
2023-07-11,Materials,0.19685999999999998
2023-07-11,RealEstate,0.23258
2023-07-11,Tech,0.53582
2023-07-11,Utilities,0.32524
2023-07-12,Comm,0.29504
2023-07-12,Consumer,0.49298000000000003
2023-07-12,Energy,-0.18203999999999998
2023-07-12,Financials,0.46769999999999995
2023-07-12,Healthcare,-0.11627999999999998
2023-07-12,Industrials,0.41444000000000003
2023-07-12,Materials,0.11488000000000001
2023-07-12,RealEstate,0.2367
2023-07-12,Tech,0.6572199999999999
2023-07-12,Utilities,0.34792
2023-07-13,Comm,0.44718
2023-07-13,Consumer,0.30784
2023-07-13,Energy,0.36476000000000003
2023-07-13,Financials,0.16628000000000004
2023-07-13,Healthcare,0.6088199999999999
2023-07-13,Industrials,0.17772000000000002
2023-07-13,Materials,0.16760000000000003
2023-07-13,RealEstate,0.19272
2023-07-13,Tech,0.61006
2023-07-13,Utilities,0.19358
2023-07-14,Comm,0.33472
2023-07-14,Consumer,0.66532
2023-07-14,Energy,0.5605
2023-07-14,Financials,0.07110000000000001
2023-07-14,Healthcare,0.24494
2023-07-14,Industrials,0.35482
2023-07-14,Materials,0.0
2023-07-14,RealEstate,0.2973
2023-07-14,Tech,0.6996
2023-07-14,Utilities,0.13932
2023-07-17,Comm,0.30618
2023-07-17,Consumer,0.5313800000000001
2023-07-17,Energy,0.49268
2023-07-17,Financials,0.08992
2023-07-17,Healthcare,0.25251999999999997
2023-07-17,Industrials,0.24336000000000002
2023-07-17,Materials,0.0
2023-07-17,RealEstate,0.06670000000000001
2023-07-17,Tech,0.62688
2023-07-17,Utilities,0.252
2023-07-18,Comm,0.21032
2023-07-18,Consumer,0.24139999999999998
2023-07-18,Energy,0.67382
2023-07-18,Financials,0.21027999999999997
2023-07-18,Healthcare,0.30508
2023-07-18,Industrials,0.24268
2023-07-18,Materials,0.06376000000000001
2023-07-18,RealEstate,0.5997399999999999
2023-07-18,Tech,0.6658000000000001
2023-07-18,Utilities,0.18658000000000002
2023-07-19,Comm,0.17436
2023-07-19,Consumer,0.13155999999999998
2023-07-19,Energy,-0.11164
2023-07-19,Financials,0.86366
2023-07-19,Healthcare,0.22254000000000002
2023-07-19,Industrials,0.6212
2023-07-19,Materials,0.07652
2023-07-19,RealEstate,0.34574
2023-07-19,Tech,0.83894
2023-07-19,Utilities,0.25932
2023-07-20,Comm,0.5326
2023-07-20,Consumer,0.51106
2023-07-20,Energy,0.0936
2023-07-20,Financials,0.8355
2023-07-20,Healthcare,0.017140000000000023
2023-07-20,Industrials,0.64486
2023-07-20,Materials,0.0
2023-07-20,RealEstate,0.32276000000000005
2023-07-20,Tech,0.55952
2023-07-20,Utilities,-0.01538
2023-07-21,Comm,0.015559999999999996
2023-07-21,Consumer,0.44719999999999993
2023-07-21,Energy,0.44448
2023-07-21,Financials,0.52486
2023-07-21,Healthcare,0.36014
2023-07-21,Industrials,0.3785
2023-07-21,Materials,0.18522
2023-07-21,RealEstate,-0.08412
2023-07-21,Tech,0.38617999999999997
2023-07-21,Utilities,0.32238
2023-07-24,Comm,0.16155999999999998
2023-07-24,Consumer,0.1343
2023-07-24,Energy,0.24210000000000004
2023-07-24,Financials,0.4449199999999999
2023-07-24,Healthcare,0.05007999999999999
2023-07-24,Industrials,0.40693999999999997
2023-07-24,Materials,-0.08808
2023-07-24,RealEstate,0.02642
2023-07-24,Tech,0.4359
2023-07-24,Utilities,0.1903
2023-07-25,Comm,0.37005999999999994
2023-07-25,Consumer,0.42324
2023-07-25,Energy,0.7849600000000001
2023-07-25,Financials,0.48924
2023-07-25,Healthcare,0.26578
2023-07-25,Industrials,0.70546
2023-07-25,Materials,0.33114
2023-07-25,RealEstate,0.44482
2023-07-25,Tech,0.90244
2023-07-25,Utilities,0.18496
2023-07-26,Comm,-0.04672
2023-07-26,Consumer,0.37776
2023-07-26,Energy,-0.01775999999999999
2023-07-26,Financials,0.3136
2023-07-26,Healthcare,0.15592
2023-07-26,Industrials,0.46471999999999997
2023-07-26,Materials,0.2358
2023-07-26,RealEstate,0.14909999999999998
2023-07-26,Tech,-0.001100000000000012
2023-07-26,Utilities,0.39126000000000005
2023-07-27,Comm,0.66496
2023-07-27,Consumer,0.4716
2023-07-27,Energy,0.19368000000000002
2023-07-27,Financials,0.36106
2023-07-27,Healthcare,-0.13767999999999997
2023-07-27,Industrials,-0.19149999999999998
2023-07-27,Materials,0.25378
2023-07-27,RealEstate,0.1956
2023-07-27,Tech,0.58168
2023-07-27,Utilities,0.42092
2023-07-28,Comm,0.18996
2023-07-28,Consumer,0.45824
2023-07-28,Energy,0.008799999999999997
2023-07-28,Financials,0.40506000000000003
2023-07-28,Healthcare,0.48034
2023-07-28,Industrials,0.60118
2023-07-28,Materials,0.054779999999999995
2023-07-28,RealEstate,0.3524
2023-07-28,Tech,0.57758
2023-07-28,Utilities,0.1655
2023-07-31,Comm,0.39532
2023-07-31,Consumer,0.36814
2023-07-31,Energy,0.55126
2023-07-31,Financials,0.25092
2023-07-31,Healthcare,-0.13644
2023-07-31,Industrials,0.25694
2023-07-31,Materials,0.10941999999999999
2023-07-31,RealEstate,0.33568000000000003
2023-07-31,Tech,0.85328
2023-07-31,Utilities,0.07636
2023-08-01,Comm,0.54894
2023-08-01,Consumer,0.73036
2023-08-01,Energy,0.9275
2023-08-01,Financials,0.46548
2023-08-01,Healthcare,0.4154
2023-08-01,Industrials,0.54958
2023-08-01,Materials,0.10941999999999999
2023-08-01,RealEstate,0.2818
2023-08-01,Tech,0.95778
2023-08-01,Utilities,0.38952
2023-08-02,Comm,0.59398
2023-08-02,Consumer,0.39370000000000005
2023-08-02,Energy,0.5481199999999999
2023-08-02,Financials,0.18832
2023-08-02,Healthcare,0.34517999999999993
2023-08-02,Industrials,0.27244
2023-08-02,Materials,0.21261999999999998
2023-08-02,RealEstate,0.25512
2023-08-02,Tech,0.88364
2023-08-02,Utilities,0.28368000000000004
2023-08-03,Comm,0.16006
2023-08-03,Consumer,0.037939999999999995
2023-08-03,Energy,0.18907999999999997
2023-08-03,Financials,0.0032400000000000094
2023-08-03,Healthcare,0.5378000000000001
2023-08-03,Industrials,0.68926
2023-08-03,Materials,-0.0003199999999999981
2023-08-03,RealEstate,0.25398
2023-08-03,Tech,0.40882000000000007
2023-08-03,Utilities,0.0256
2023-08-04,Comm,0.18929999999999997
2023-08-04,Consumer,0.044399999999999995
2023-08-04,Energy,0.18642
2023-08-04,Financials,0.22514000000000003
2023-08-04,Healthcare,0.49413999999999997
2023-08-04,Industrials,0.35524000000000006
2023-08-04,Materials,0.03558
2023-08-04,RealEstate,0.19054
2023-08-04,Tech,0.61946
2023-08-04,Utilities,0.2978
2023-08-07,Comm,-0.008380000000000009
2023-08-07,Consumer,0.30352
2023-08-07,Energy,-0.062399999999999976
2023-08-07,Financials,0.15316000000000002
2023-08-07,Healthcare,-0.060860000000000004
2023-08-07,Industrials,0.46163999999999994
2023-08-07,Materials,0.03558
2023-08-07,RealEstate,-0.007060000000000022
2023-08-07,Tech,0.46559999999999996
2023-08-07,Utilities,0.39906
2023-08-08,Comm,0.23746
2023-08-08,Consumer,0.2555
2023-08-08,Energy,0.45506
2023-08-08,Financials,-0.014639999999999986
2023-08-08,Healthcare,0.31682
2023-08-08,Industrials,0.29774
2023-08-08,Materials,0.03558
2023-08-08,RealEstate,-0.032600000000000004
2023-08-08,Tech,0.51372
2023-08-08,Utilities,0.17962
2023-08-09,Comm,0.28826
2023-08-09,Consumer,0.57792
2023-08-09,Energy,0.3668
2023-08-09,Financials,-0.34744
2023-08-09,Healthcare,0.39211999999999997
2023-08-09,Industrials,0.54416
2023-08-09,Materials,0.01032
2023-08-09,RealEstate,0.039639999999999995
2023-08-09,Tech,0.6104
2023-08-09,Utilities,0.24568000000000004
2023-08-10,Comm,-0.06909999999999998
2023-08-10,Consumer,0.036640000000000006
2023-08-10,Energy,0.05103999999999999
2023-08-10,Financials,0.25476
2023-08-10,Healthcare,0.61298
2023-08-10,Industrials,0.5064
2023-08-10,Materials,0.21246
2023-08-10,RealEstate,-0.03062
2023-08-10,Tech,0.38476
2023-08-10,Utilities,0.21124
2023-08-11,Comm,0.09454
2023-08-11,Consumer,0.3863
2023-08-11,Energy,0.3404
2023-08-11,Financials,0.24162
2023-08-11,Healthcare,0.5052
2023-08-11,Industrials,0.30798000000000003
2023-08-11,Materials,0.08808
2023-08-11,RealEstate,0.49238
2023-08-11,Tech,0.3196
2023-08-11,Utilities,0.20898000000000003
2023-08-14,Comm,0.33822
2023-08-14,Consumer,0.49594000000000005
2023-08-14,Energy,0.6834
2023-08-14,Financials,0.27409999999999995
2023-08-14,Healthcare,0.15298
2023-08-14,Industrials,0.39706
2023-08-14,Materials,0.22999999999999998
2023-08-14,RealEstate,0.36673999999999995
2023-08-14,Tech,0.57942
2023-08-14,Utilities,0.19741999999999998
2023-08-15,Comm,0.051359999999999996
2023-08-15,Consumer,0.3945
2023-08-15,Energy,0.6885
2023-08-15,Financials,0.23689999999999997
2023-08-15,Healthcare,0.52942
2023-08-15,Industrials,0.42851999999999996
2023-08-15,Materials,0.2532
2023-08-15,RealEstate,0.44258
2023-08-15,Tech,0.69364
2023-08-15,Utilities,0.22884000000000002
2023-08-16,Comm,0.0499
2023-08-16,Consumer,0.45258000000000004
2023-08-16,Energy,0.33712
2023-08-16,Financials,-0.32852
2023-08-16,Healthcare,0.13626
2023-08-16,Industrials,0.43384
2023-08-16,Materials,0.08446000000000001
2023-08-16,RealEstate,0.19614
2023-08-16,Tech,0.67964
2023-08-16,Utilities,0.08024
2023-08-17,Comm,0.16048
2023-08-17,Consumer,0.5182599999999999
2023-08-17,Energy,0.40808
2023-08-17,Financials,0.019159999999999976
2023-08-17,Healthcare,-0.02045999999999999
2023-08-17,Industrials,0.55576
2023-08-17,Materials,0.08446000000000001
2023-08-17,RealEstate,0.21562
2023-08-17,Tech,0.64202
2023-08-17,Utilities,0.131
2023-08-18,Comm,0.19104000000000002
2023-08-18,Consumer,0.1807
2023-08-18,Energy,0.29982
2023-08-18,Financials,0.3432
2023-08-18,Healthcare,0.11554
2023-08-18,Industrials,0.31052
2023-08-18,Materials,0.30028
2023-08-18,RealEstate,0.22576000000000002
2023-08-18,Tech,0.31676000000000004
2023-08-18,Utilities,0.40936000000000006
2023-08-21,Comm,0.30110000000000003
2023-08-21,Consumer,-0.1058
2023-08-21,Energy,0.67056
2023-08-21,Financials,0.34686
2023-08-21,Healthcare,0.32034
2023-08-21,Industrials,0.13182
2023-08-21,Materials,0.22518000000000002
2023-08-21,RealEstate,0.30748
2023-08-21,Tech,0.6303
2023-08-21,Utilities,0.15794000000000002
2023-08-22,Comm,0.15244
2023-08-22,Consumer,0.5102800000000001
2023-08-22,Energy,0.38638
2023-08-22,Financials,0.63608
2023-08-22,Healthcare,0.24318
2023-08-22,Industrials,0.38508
2023-08-22,Materials,-0.032179999999999986
2023-08-22,RealEstate,0.29257999999999995
2023-08-22,Tech,0.3153
2023-08-22,Utilities,-0.08688
2023-08-23,Comm,-0.11122000000000001
2023-08-23,Consumer,0.15758
2023-08-23,Energy,0.08111999999999997
2023-08-23,Financials,0.03998
2023-08-23,Healthcare,0.020299999999999985
2023-08-23,Industrials,0.599
2023-08-23,Materials,0.04526
2023-08-23,RealEstate,0.19735999999999998
2023-08-23,Tech,0.61688
2023-08-23,Utilities,0.0
2023-08-24,Comm,0.30932000000000004
2023-08-24,Consumer,0.48022
2023-08-24,Energy,0.49634
2023-08-24,Financials,0.40176
2023-08-24,Healthcare,0.49190000000000006
2023-08-24,Industrials,0.39012
2023-08-24,Materials,0.04526
2023-08-24,RealEstate,0.19735999999999998
2023-08-24,Tech,0.7163
2023-08-24,Utilities,0.13035999999999998
2023-08-25,Comm,0.25772
2023-08-25,Consumer,0.11561999999999997
2023-08-25,Energy,0.28866
2023-08-25,Financials,-0.05848
2023-08-25,Healthcare,0.12374
2023-08-25,Industrials,0.46478
2023-08-25,Materials,0.07636
2023-08-25,RealEstate,0.13808
2023-08-25,Tech,0.7996000000000001
2023-08-25,Utilities,0.13435999999999998
2023-08-28,Comm,-0.21046
2023-08-28,Consumer,0.5655
2023-08-28,Energy,-0.03648
2023-08-28,Financials,0.03979999999999999
2023-08-28,Healthcare,0.09508000000000001
2023-08-28,Industrials,0.33664
2023-08-28,Materials,0.30412
2023-08-28,RealEstate,0.20224000000000003
2023-08-28,Tech,0.28237999999999996
2023-08-28,Utilities,0.23081999999999997
2023-08-29,Comm,0.22414
2023-08-29,Consumer,0.16520000000000004
2023-08-29,Energy,0.48552
2023-08-29,Financials,0.28758
2023-08-29,Healthcare,0.14412
2023-08-29,Industrials,0.29624
2023-08-29,Materials,0.4083
2023-08-29,RealEstate,0.26206
2023-08-29,Tech,0.8065599999999999
2023-08-29,Utilities,0.027639999999999998
2023-08-30,Comm,0.23196
2023-08-30,Consumer,0.7496400000000001
2023-08-30,Energy,-0.06824000000000001
2023-08-30,Financials,-0.12553999999999998
2023-08-30,Healthcare,0.3942
2023-08-30,Industrials,0.37324
2023-08-30,Materials,0.32022
2023-08-30,RealEstate,0.35562
2023-08-30,Tech,0.58002
2023-08-30,Utilities,0.19729999999999998
2023-08-31,Comm,0.11728000000000001
2023-08-31,Consumer,0.32442000000000004
2023-08-31,Energy,0.3101
2023-08-31,Financials,0.14784000000000003
2023-08-31,Healthcare,0.08430000000000001
2023-08-31,Industrials,0.44471999999999995
2023-08-31,Materials,0.33456
2023-08-31,RealEstate,0.29972000000000004
2023-08-31,Tech,0.65962
2023-08-31,Utilities,0.21094
2023-09-01,Comm,0.41274
2023-09-01,Consumer,0.7249
2023-09-01,Energy,0.17068
2023-09-01,Financials,0.41286000000000006
2023-09-01,Healthcare,0.37634
2023-09-01,Industrials,0.3446
2023-09-01,Materials,0.49458
2023-09-01,RealEstate,0.33894
2023-09-01,Tech,0.23914
2023-09-01,Utilities,0.25536
2023-09-05,Comm,-0.01227999999999999
2023-09-05,Consumer,0.46362000000000003
2023-09-05,Energy,0.20208000000000004
2023-09-05,Financials,0.20274
2023-09-05,Healthcare,0.08848000000000002
2023-09-05,Industrials,0.6117
2023-09-05,Materials,0.34791999999999995
2023-09-05,RealEstate,0.42134
2023-09-05,Tech,0.52782
2023-09-05,Utilities,0.38406
2023-09-06,Comm,0.5887800000000001
2023-09-06,Consumer,0.37198000000000003
2023-09-06,Energy,-0.0803
2023-09-06,Financials,0.49338
2023-09-06,Healthcare,0.011580000000000002
2023-09-06,Industrials,0.6347400000000001
2023-09-06,Materials,0.16132
2023-09-06,RealEstate,0.33194
2023-09-06,Tech,0.9470000000000001
2023-09-06,Utilities,0.45114
2023-09-07,Comm,0.294
2023-09-07,Consumer,0.29156000000000004
2023-09-07,Energy,0.37174
2023-09-07,Financials,0.68514
2023-09-07,Healthcare,0.33765999999999996
2023-09-07,Industrials,0.48312
2023-09-07,Materials,0.16096
2023-09-07,RealEstate,0.16626000000000002
2023-09-07,Tech,0.6364
2023-09-07,Utilities,0.22096
2023-09-08,Comm,0.23059999999999997
2023-09-08,Consumer,0.11257999999999999
2023-09-08,Energy,0.37824
2023-09-08,Financials,0.68628
2023-09-08,Healthcare,-0.10747999999999999
2023-09-08,Industrials,0.53508
2023-09-08,Materials,0.04110000000000001
2023-09-08,RealEstate,0.068
2023-09-08,Tech,0.5546
2023-09-08,Utilities,0.45906
2023-09-11,Comm,0.34436
2023-09-11,Consumer,0.4462
2023-09-11,Energy,0.5363800000000001
2023-09-11,Financials,0.27447999999999995
2023-09-11,Healthcare,0.5283599999999999
2023-09-11,Industrials,0.34530000000000005
2023-09-11,Materials,0.20098000000000002
2023-09-11,RealEstate,0.20400000000000001
2023-09-11,Tech,0.58714
2023-09-11,Utilities,0.37142
2023-09-12,Comm,0.21858000000000005
2023-09-12,Consumer,0.42614
2023-09-12,Energy,0.34252
2023-09-12,Financials,0.46787999999999996
2023-09-12,Healthcare,0.50152
2023-09-12,Industrials,0.47656
2023-09-12,Materials,0.16076
2023-09-12,RealEstate,0.46146000000000004
2023-09-12,Tech,0.9712
2023-09-12,Utilities,-0.11334
2023-09-13,Comm,0.153
2023-09-13,Consumer,0.19324000000000002
2023-09-13,Energy,0.5581799999999999
2023-09-13,Financials,0.52124
2023-09-13,Healthcare,0.10244
2023-09-13,Industrials,0.61726
2023-09-13,Materials,0.16076
2023-09-13,RealEstate,0.010600000000000009
2023-09-13,Tech,0.5381199999999999
2023-09-13,Utilities,-0.16787999999999997
2023-09-14,Comm,0.08553999999999999
2023-09-14,Consumer,0.41834000000000005
2023-09-14,Energy,0.26542000000000004
2023-09-14,Financials,0.23066
2023-09-14,Healthcare,0.3645
2023-09-14,Industrials,0.46370000000000006
2023-09-14,Materials,0.233
2023-09-14,RealEstate,0.25692
2023-09-14,Tech,0.88598
2023-09-14,Utilities,0.26644
2023-09-15,Comm,0.3347
2023-09-15,Consumer,0.14876
2023-09-15,Energy,0.38889999999999997
2023-09-15,Financials,0.72762
2023-09-15,Healthcare,0.162
2023-09-15,Industrials,0.47675999999999996
2023-09-15,Materials,0.13516
2023-09-15,RealEstate,0.20536
2023-09-15,Tech,0.9014200000000001
2023-09-15,Utilities,0.24211999999999997
2023-09-18,Comm,0.07020000000000001
2023-09-18,Consumer,0.78332
2023-09-18,Energy,0.14392
2023-09-18,Financials,0.30301999999999996
2023-09-18,Healthcare,0.016079999999999994
2023-09-18,Industrials,0.49132
2023-09-18,Materials,-0.01482000000000001
2023-09-18,RealEstate,0.43308
2023-09-18,Tech,0.02312000000000001
2023-09-18,Utilities,0.37682000000000004
2023-09-19,Comm,0.32552000000000003
2023-09-19,Consumer,0.3227
2023-09-19,Energy,-0.11384000000000001
2023-09-19,Financials,0.6580600000000001
2023-09-19,Healthcare,0.1578
2023-09-19,Industrials,0.5727
2023-09-19,Materials,0.31724
2023-09-19,RealEstate,0.34998
2023-09-19,Tech,0.8038399999999999
2023-09-19,Utilities,0.11682000000000001
2023-09-20,Comm,0.21724000000000002
2023-09-20,Consumer,0.44692
2023-09-20,Energy,-0.022559999999999993
2023-09-20,Financials,0.20636000000000002
2023-09-20,Healthcare,0.055940000000000004
2023-09-20,Industrials,0.4986
2023-09-20,Materials,0.05
2023-09-20,RealEstate,0.39914
2023-09-20,Tech,0.63792
2023-09-20,Utilities,0.3157
2023-09-21,Comm,0.23289999999999997
2023-09-21,Consumer,-0.44420000000000004
2023-09-21,Energy,0.05600000000000001
2023-09-21,Financials,0.2343
2023-09-21,Healthcare,-0.329
2023-09-21,Industrials,0.38614000000000004
2023-09-21,Materials,0.04046
2023-09-21,RealEstate,0.5324
2023-09-21,Tech,0.5109199999999999
2023-09-21,Utilities,0.3205
2023-09-22,Comm,0.15811999999999998
2023-09-22,Consumer,0.10338
2023-09-22,Energy,0.5258
2023-09-22,Financials,0.08472
2023-09-22,Healthcare,0.28738
2023-09-22,Industrials,0.51422
2023-09-22,Materials,0.16468
2023-09-22,RealEstate,0.45486000000000004
2023-09-22,Tech,0.6746399999999999
2023-09-22,Utilities,0.19119999999999998
2023-09-25,Comm,0.08465999999999999
2023-09-25,Consumer,0.32761999999999997
2023-09-25,Energy,0.5684400000000001
2023-09-25,Financials,-0.02734000000000001
2023-09-25,Healthcare,-0.11938
2023-09-25,Industrials,0.47634
2023-09-25,Materials,0.18250000000000002
2023-09-25,RealEstate,0.40152
2023-09-25,Tech,0.49244000000000004
2023-09-25,Utilities,0.009340000000000006
2023-09-26,Comm,0.20134
2023-09-26,Consumer,0.56064
2023-09-26,Energy,0.56566
2023-09-26,Financials,0.29602000000000006
2023-09-26,Healthcare,0.33886000000000005
2023-09-26,Industrials,0.5311600000000001
2023-09-26,Materials,-0.08259999999999999
2023-09-26,RealEstate,0.18532
2023-09-26,Tech,0.40700000000000003
2023-09-26,Utilities,0.2897
2023-09-27,Comm,0.2902
2023-09-27,Consumer,0.60292
2023-09-27,Energy,0.42085999999999996
2023-09-27,Financials,0.21235999999999997
2023-09-27,Healthcare,0.10802
2023-09-27,Industrials,0.5823400000000001
2023-09-27,Materials,-0.027959999999999995
2023-09-27,RealEstate,0.37456
2023-09-27,Tech,0.37752
2023-09-27,Utilities,0.28900000000000003
2023-09-28,Comm,0.20013999999999998
2023-09-28,Consumer,-0.018440000000000005
2023-09-28,Energy,0.35453999999999997
2023-09-28,Financials,0.3344
2023-09-28,Healthcare,0.51374
2023-09-28,Industrials,0.63392
2023-09-28,Materials,0.049819999999999996
2023-09-28,RealEstate,0.39766
2023-09-28,Tech,0.62554
2023-09-28,Utilities,0.21176
2023-09-29,Comm,0.20835999999999996
2023-09-29,Consumer,0.24484000000000003
2023-09-29,Energy,0.46426
2023-09-29,Financials,0.5073000000000001
2023-09-29,Healthcare,0.21883999999999998
2023-09-29,Industrials,0.3862
2023-09-29,Materials,0.09946
2023-09-29,RealEstate,0.56892
2023-09-29,Tech,0.29374
2023-09-29,Utilities,0.257
2023-10-02,Comm,0.50584
2023-10-02,Consumer,0.6497200000000001
2023-10-02,Energy,0.59496
2023-10-02,Financials,0.30992
2023-10-02,Healthcare,0.08110000000000002
2023-10-02,Industrials,0.4
2023-10-02,Materials,0.044820000000000006
2023-10-02,RealEstate,0.26898
2023-10-02,Tech,0.41563999999999995
2023-10-02,Utilities,0.6603600000000001
2023-10-03,Comm,0.45262
2023-10-03,Consumer,0.69152
2023-10-03,Energy,0.58238
2023-10-03,Financials,0.28284000000000004
2023-10-03,Healthcare,0.25488
2023-10-03,Industrials,0.51776
2023-10-03,Materials,0.2496
2023-10-03,RealEstate,0.41362000000000004
2023-10-03,Tech,0.8587
2023-10-03,Utilities,0.60366
2023-10-04,Comm,0.2419
2023-10-04,Consumer,0.61692
2023-10-04,Energy,0.4854
2023-10-04,Financials,0.6390399999999999
2023-10-04,Healthcare,0.32476000000000005
2023-10-04,Industrials,0.47234
2023-10-04,Materials,0.21223999999999998
2023-10-04,RealEstate,0.28036
2023-10-04,Tech,0.7205
2023-10-04,Utilities,0.38346
2023-10-05,Comm,0.44001999999999997
2023-10-05,Consumer,0.47981999999999997
2023-10-05,Energy,0.74656
2023-10-05,Financials,0.39364
2023-10-05,Healthcare,0.32784
2023-10-05,Industrials,0.16842
2023-10-05,Materials,0.07103999999999999
2023-10-05,RealEstate,0.45780000000000004
2023-10-05,Tech,0.39208
2023-10-05,Utilities,0.18436
2023-10-06,Comm,0.2439
2023-10-06,Consumer,0.40499999999999997
2023-10-06,Energy,0.59504
2023-10-06,Financials,0.19763999999999998
2023-10-06,Healthcare,-0.05464
2023-10-06,Industrials,0.15066000000000002
2023-10-06,Materials,0.10478000000000001
2023-10-06,RealEstate,0.29166000000000003
2023-10-06,Tech,0.80838
2023-10-06,Utilities,0.36686
2023-10-09,Comm,0.33768000000000004
2023-10-09,Consumer,0.29525999999999997
2023-10-09,Energy,0.32376
2023-10-09,Financials,0.43662
2023-10-09,Healthcare,0.053239999999999996
2023-10-09,Industrials,0.30018
2023-10-09,Materials,0.18144
2023-10-09,RealEstate,0.3753
2023-10-09,Tech,0.30910000000000004
2023-10-09,Utilities,0.43170000000000003
2023-10-10,Comm,0.5088
2023-10-10,Consumer,0.42288
2023-10-10,Energy,-0.7746000000000001
2023-10-10,Financials,0.37464
2023-10-10,Healthcare,0.6521
2023-10-10,Industrials,0.015760000000000017
2023-10-10,Materials,0.15286
2023-10-10,RealEstate,0.12138000000000002
2023-10-10,Tech,0.33812
2023-10-10,Utilities,0.2105
2023-10-11,Comm,0.38776
2023-10-11,Consumer,0.7066600000000001
2023-10-11,Energy,0.32088
2023-10-11,Financials,0.010619999999999985
2023-10-11,Healthcare,-0.052860000000000004
2023-10-11,Industrials,0.47653999999999996
2023-10-11,Materials,0.07224
2023-10-11,RealEstate,0.32308000000000003
2023-10-11,Tech,0.59436
2023-10-11,Utilities,0.29396
2023-10-12,Comm,0.46909999999999996
2023-10-12,Consumer,0.30386
2023-10-12,Energy,0.41357999999999995
2023-10-12,Financials,0.036619999999999986
2023-10-12,Healthcare,0.13134
2023-10-12,Industrials,0.40072
2023-10-12,Materials,0.34034
2023-10-12,RealEstate,0.25820000000000004
2023-10-12,Tech,0.73614
2023-10-12,Utilities,0.331
2023-10-13,Comm,0.28566
2023-10-13,Consumer,0.26230000000000003
2023-10-13,Energy,0.48832000000000003
2023-10-13,Financials,0.43432000000000004
2023-10-13,Healthcare,0.09860000000000002
2023-10-13,Industrials,0.4843
2023-10-13,Materials,0.2467
2023-10-13,RealEstate,0.49734
2023-10-13,Tech,0.55876
2023-10-13,Utilities,0.31222
2023-10-16,Comm,0.05
2023-10-16,Consumer,0.12028000000000001
2023-10-16,Energy,-0.19526
2023-10-16,Financials,0.01746000000000001
2023-10-16,Healthcare,0.10135999999999998
2023-10-16,Industrials,0.38902000000000003
2023-10-16,Materials,0.17476
2023-10-16,RealEstate,0.40288
2023-10-16,Tech,0.71804
2023-10-16,Utilities,0.5574600000000001
2023-10-17,Comm,-0.032400000000000005
2023-10-17,Consumer,0.60078
2023-10-17,Energy,0.15984000000000004
2023-10-17,Financials,0.33455999999999997
2023-10-17,Healthcare,0.06055999999999999
2023-10-17,Industrials,0.024660000000000005
2023-10-17,Materials,0.23388
2023-10-17,RealEstate,0.48758
2023-10-17,Tech,0.64364
2023-10-17,Utilities,0.39444
2023-10-18,Comm,-0.0256
2023-10-18,Consumer,0.37039999999999995
2023-10-18,Energy,0.6499
2023-10-18,Financials,0.60466
2023-10-18,Healthcare,0.5079
2023-10-18,Industrials,0.07748
2023-10-18,Materials,0.18208
2023-10-18,RealEstate,0.057819999999999996
2023-10-18,Tech,0.57506
2023-10-18,Utilities,0.51814
2023-10-19,Comm,0.19656
2023-10-19,Consumer,0.42554
2023-10-19,Energy,-0.35300000000000004
2023-10-19,Financials,0.05786
2023-10-19,Healthcare,0.20299999999999999
2023-10-19,Industrials,0.2468
2023-10-19,Materials,-0.15762
2023-10-19,RealEstate,0.3755
2023-10-19,Tech,0.20007999999999998
2023-10-19,Utilities,0.48516000000000004
2023-10-20,Comm,0.49094
2023-10-20,Consumer,0.227
2023-10-20,Energy,0.5308200000000001
2023-10-20,Financials,0.19998
2023-10-20,Healthcare,0.56602
2023-10-20,Industrials,0.41078000000000003
2023-10-20,Materials,0.15484
2023-10-20,RealEstate,0.054720000000000005
2023-10-20,Tech,0.31273999999999996
2023-10-20,Utilities,0.30416
2023-10-23,Comm,0.052379999999999996
2023-10-23,Consumer,0.21261999999999998
2023-10-23,Energy,0.2677
2023-10-23,Financials,0.28654
2023-10-23,Healthcare,0.14312
2023-10-23,Industrials,-0.1719
2023-10-23,Materials,-0.08038
2023-10-23,RealEstate,0.37234
2023-10-23,Tech,0.5210600000000001
2023-10-23,Utilities,0.4269
2023-10-24,Comm,0.15248
2023-10-24,Consumer,0.63876
2023-10-24,Energy,0.0824
2023-10-24,Financials,0.11786
2023-10-24,Healthcare,0.1306
2023-10-24,Industrials,0.6373800000000001
2023-10-24,Materials,0.29901999999999995
2023-10-24,RealEstate,0.61872
2023-10-24,Tech,0.57074
2023-10-24,Utilities,0.09054000000000001
2023-10-25,Comm,0.32996
2023-10-25,Consumer,0.42135999999999996
2023-10-25,Energy,0.6312800000000001
2023-10-25,Financials,0.11040000000000001
2023-10-25,Healthcare,0.34784000000000004
2023-10-25,Industrials,0.61152
2023-10-25,Materials,0.35858
2023-10-25,RealEstate,0.23471999999999998
2023-10-25,Tech,0.78766
2023-10-25,Utilities,0.05331999999999999
2023-10-26,Comm,0.41269999999999996
2023-10-26,Consumer,0.11206
2023-10-26,Energy,0.5948599999999999
2023-10-26,Financials,0.50698
2023-10-26,Healthcare,0.22564
2023-10-26,Industrials,-0.008060000000000001
2023-10-26,Materials,0.28564
2023-10-26,RealEstate,0.42054
2023-10-26,Tech,0.6336
2023-10-26,Utilities,0.1883
2023-10-27,Comm,0.51618
2023-10-27,Consumer,0.22342
2023-10-27,Energy,0.47938000000000003
2023-10-27,Financials,0.43624
2023-10-27,Healthcare,0.66032
2023-10-27,Industrials,0.38614
2023-10-27,Materials,0.35209999999999997
2023-10-27,RealEstate,0.18304
2023-10-27,Tech,0.57714
2023-10-27,Utilities,0.41581999999999997
2023-10-30,Comm,-0.25388
2023-10-30,Consumer,0.5403800000000001
2023-10-30,Energy,0.48819999999999997
2023-10-30,Financials,0.20114
2023-10-30,Healthcare,0.48536
2023-10-30,Industrials,-0.2824
2023-10-30,Materials,0.22397999999999998
2023-10-30,RealEstate,0.34004
2023-10-30,Tech,0.67994
2023-10-30,Utilities,0.43238000000000004
2023-10-31,Comm,0.22812000000000002
2023-10-31,Consumer,0.55918
2023-10-31,Energy,0.3781
2023-10-31,Financials,0.36106
2023-10-31,Healthcare,0.20111999999999997
2023-10-31,Industrials,0.39304
2023-10-31,Materials,0.16892000000000001
2023-10-31,RealEstate,0.48735999999999996
2023-10-31,Tech,0.4688
2023-10-31,Utilities,0.39265999999999995
2023-11-01,Comm,0.19064
2023-11-01,Consumer,0.41007999999999994
2023-11-01,Energy,0.4744
2023-11-01,Financials,0.26042
2023-11-01,Healthcare,0.36868
2023-11-01,Industrials,0.33378
2023-11-01,Materials,0.03558
2023-11-01,RealEstate,0.22666
2023-11-01,Tech,0.57742
2023-11-01,Utilities,0.2209
2023-11-02,Comm,0.30154
2023-11-02,Consumer,0.66474
2023-11-02,Energy,0.6672800000000001
2023-11-02,Financials,0.32226
2023-11-02,Healthcare,0.02085999999999999
2023-11-02,Industrials,0.30585999999999997
2023-11-02,Materials,0.36738
2023-11-02,RealEstate,0.14138
2023-11-02,Tech,0.7411
2023-11-02,Utilities,0.09614
2023-11-03,Comm,0.13908
2023-11-03,Consumer,0.52812
2023-11-03,Energy,0.49678000000000005
2023-11-03,Financials,0.4248200000000001
2023-11-03,Healthcare,0.18212
2023-11-03,Industrials,0.5036400000000001
2023-11-03,Materials,0.33114
2023-11-03,RealEstate,0.32480000000000003
2023-11-03,Tech,0.84012
2023-11-03,Utilities,0.67264
2023-11-06,Comm,0.21752
2023-11-06,Consumer,0.36166
2023-11-06,Energy,0.37304
2023-11-06,Financials,0.31538000000000005
2023-11-06,Healthcare,0.14367999999999997
2023-11-06,Industrials,0.07283999999999999
2023-11-06,Materials,0.2439
2023-11-06,RealEstate,0.07150000000000001
2023-11-06,Tech,0.58916
2023-11-06,Utilities,0.44871999999999995
2023-11-07,Comm,0.18404
2023-11-07,Consumer,0.363
2023-11-07,Energy,0.60194
2023-11-07,Financials,0.13147999999999999
2023-11-07,Healthcare,0.42126
2023-11-07,Industrials,0.44256
2023-11-07,Materials,0.3551
2023-11-07,RealEstate,0.28254
2023-11-07,Tech,0.66186
2023-11-07,Utilities,0.34356
2023-11-08,Comm,0.42652
2023-11-08,Consumer,0.73868
2023-11-08,Energy,0.5846600000000001
2023-11-08,Financials,0.22793999999999998
2023-11-08,Healthcare,0.39638
2023-11-08,Industrials,0.22959999999999997
2023-11-08,Materials,0.182
2023-11-08,RealEstate,0.33464
2023-11-08,Tech,0.90154
2023-11-08,Utilities,0.41717999999999994
2023-11-09,Comm,0.31911999999999996
2023-11-09,Consumer,0.030379999999999983
2023-11-09,Energy,0.5220400000000001
2023-11-09,Financials,0.30006000000000005
2023-11-09,Healthcare,0.23432
2023-11-09,Industrials,0.24299999999999997
2023-11-09,Materials,0.08526
2023-11-09,RealEstate,0.29122
2023-11-09,Tech,0.26232
2023-11-09,Utilities,0.35468
2023-11-10,Comm,0.4647
2023-11-10,Consumer,0.38916
2023-11-10,Energy,0.39727999999999997
2023-11-10,Financials,0.23688000000000003
2023-11-10,Healthcare,0.45586000000000004
2023-11-10,Industrials,0.41265999999999997
2023-11-10,Materials,0.00516
2023-11-10,RealEstate,0.39878
2023-11-10,Tech,0.8069599999999999
2023-11-10,Utilities,0.45206
2023-11-13,Comm,0.20085999999999998
2023-11-13,Consumer,0.43978
2023-11-13,Energy,0.34936
2023-11-13,Financials,0.17064
2023-11-13,Healthcare,0.17812
2023-11-13,Industrials,0.19026
2023-11-13,Materials,-0.010600000000000009
2023-11-13,RealEstate,0.07746
2023-11-13,Tech,0.7983800000000001
2023-11-13,Utilities,0.47406
2023-11-14,Comm,0.24226
2023-11-14,Consumer,0.8569800000000001
2023-11-14,Energy,0.7026
2023-11-14,Financials,-0.11332
2023-11-14,Healthcare,0.3163
2023-11-14,Industrials,0.1255
2023-11-14,Materials,0.09508
2023-11-14,RealEstate,0.25836
2023-11-14,Tech,0.5705600000000001
2023-11-14,Utilities,0.25876
2023-11-15,Comm,0.18748
2023-11-15,Consumer,0.45533999999999997
2023-11-15,Energy,0.5822200000000001
2023-11-15,Financials,0.35308
2023-11-15,Healthcare,0.1465
2023-11-15,Industrials,0.31484
2023-11-15,Materials,0.26983999999999997
2023-11-15,RealEstate,0.24413999999999997
2023-11-15,Tech,0.87144
2023-11-15,Utilities,0.41916000000000003
2023-11-16,Comm,0.20534
2023-11-16,Consumer,0.63892
2023-11-16,Energy,0.29868
2023-11-16,Financials,0.18850000000000003
2023-11-16,Healthcare,0.24630000000000002
2023-11-16,Industrials,0.49322
2023-11-16,Materials,0.31988
2023-11-16,RealEstate,0.26724000000000003
2023-11-16,Tech,0.49104000000000003
2023-11-16,Utilities,0.15342
2023-11-17,Comm,0.06422000000000001
2023-11-17,Consumer,0.20952
2023-11-17,Energy,0.06146
2023-11-17,Financials,0.10324
2023-11-17,Healthcare,0.008640000000000004
2023-11-17,Industrials,0.3578
2023-11-17,Materials,0.24062
2023-11-17,RealEstate,0.28481999999999996
2023-11-17,Tech,0.6645200000000001
2023-11-17,Utilities,0.38788
2023-11-20,Comm,0.03062
2023-11-20,Consumer,0.3209
2023-11-20,Energy,0.28074
2023-11-20,Financials,0.27522
2023-11-20,Healthcare,0.14376
2023-11-20,Industrials,0.5119
2023-11-20,Materials,0.35331999999999997
2023-11-20,RealEstate,0.08422
2023-11-20,Tech,0.51992
2023-11-20,Utilities,0.28735999999999995
2023-11-21,Comm,0.1597
2023-11-21,Consumer,0.18792
2023-11-21,Energy,0.0858
2023-11-21,Financials,0.15446
2023-11-21,Healthcare,0.38542
2023-11-21,Industrials,0.12482000000000001
2023-11-21,Materials,0.5008
2023-11-21,RealEstate,0.29076
2023-11-21,Tech,0.74912
2023-11-21,Utilities,0.26564
2023-11-22,Comm,0.17648000000000003
2023-11-22,Consumer,0.44826
2023-11-22,Energy,0.5094799999999999
2023-11-22,Financials,0.12955999999999998
2023-11-22,Healthcare,0.20623999999999998
2023-11-22,Industrials,0.32154
2023-11-22,Materials,0.1341
2023-11-22,RealEstate,0.21064
2023-11-22,Tech,0.73368
2023-11-22,Utilities,0.044320000000000005
2023-11-24,Comm,0.1129
2023-11-24,Consumer,0.14606000000000002
2023-11-24,Energy,0.39171999999999996
2023-11-24,Financials,0.05704
2023-11-24,Healthcare,0.25236000000000003
2023-11-24,Industrials,0.6368
2023-11-24,Materials,0.38438
2023-11-24,RealEstate,0.08600000000000001
2023-11-24,Tech,0.54138
2023-11-24,Utilities,0.19596
2023-11-27,Comm,0.28822000000000003
2023-11-27,Consumer,0.33462000000000003
2023-11-27,Energy,0.48122
2023-11-27,Financials,0.21399999999999997
2023-11-27,Healthcare,0.16798
2023-11-27,Industrials,0.59562
2023-11-27,Materials,0.24413999999999997
2023-11-27,RealEstate,0.04046
2023-11-27,Tech,0.45628
2023-11-27,Utilities,0.20268000000000003
2023-11-28,Comm,0.03848
2023-11-28,Consumer,0.70104
2023-11-28,Energy,0.57508
2023-11-28,Financials,0.38286000000000003
2023-11-28,Healthcare,0.41108
2023-11-28,Industrials,0.10832000000000001
2023-11-28,Materials,0.20393999999999995
2023-11-28,RealEstate,0.15492
2023-11-28,Tech,0.79498
2023-11-28,Utilities,0.38605999999999996
2023-11-29,Comm,0.21854
2023-11-29,Consumer,0.3659
2023-11-29,Energy,-0.060540000000000004
2023-11-29,Financials,0.4319800000000001
2023-11-29,Healthcare,0.19634000000000001
2023-11-29,Industrials,0.33962000000000003
2023-11-29,Materials,0.25158
2023-11-29,RealEstate,0.25106
2023-11-29,Tech,0.49828
2023-11-29,Utilities,0.14998
2023-11-30,Comm,0.1572
2023-11-30,Consumer,0.47546
2023-11-30,Energy,0.34068
2023-11-30,Financials,0.25866
2023-11-30,Healthcare,0.31986
2023-11-30,Industrials,0.2632
2023-11-30,Materials,0.30316
2023-11-30,RealEstate,0.297
2023-11-30,Tech,0.80188
2023-11-30,Utilities,0.32051999999999997
2023-12-01,Comm,0.50824
2023-12-01,Consumer,0.2784
2023-12-01,Energy,0.43494
2023-12-01,Financials,0.43088
2023-12-01,Healthcare,0.36866000000000004
2023-12-01,Industrials,0.18348
2023-12-01,Materials,0.09378
2023-12-01,RealEstate,0.14068
2023-12-01,Tech,0.41274
2023-12-01,Utilities,0.47576
2023-12-04,Comm,0.3056
2023-12-04,Consumer,0.39538
2023-12-04,Energy,0.031099999999999996
2023-12-04,Financials,0.12161999999999998
2023-12-04,Healthcare,0.0
2023-12-04,Industrials,-0.015059999999999985
2023-12-04,Materials,0.16884
2023-12-04,RealEstate,0.36438000000000004
2023-12-04,Tech,0.26846
2023-12-04,Utilities,0.34296
2023-12-05,Comm,0.20542000000000002
2023-12-05,Consumer,0.33544
2023-12-05,Energy,0.11183999999999998
2023-12-05,Financials,0.3921
2023-12-05,Healthcare,0.22271999999999997
2023-12-05,Industrials,0.40404
2023-12-05,Materials,0.16884
2023-12-05,RealEstate,0.28412
2023-12-05,Tech,0.8090400000000001
2023-12-05,Utilities,0.4284
2023-12-06,Comm,0.36341999999999997
2023-12-06,Consumer,0.35588
2023-12-06,Energy,0.02066
2023-12-06,Financials,0.3415
2023-12-06,Healthcare,0.16519999999999999
2023-12-06,Industrials,-0.03260000000000003
2023-12-06,Materials,0.16884
2023-12-06,RealEstate,0.30362
2023-12-06,Tech,0.5597399999999999
2023-12-06,Utilities,0.12248
2023-12-07,Comm,0.14426
2023-12-07,Consumer,0.34124
2023-12-07,Energy,0.53876
2023-12-07,Financials,-0.07583999999999999
2023-12-07,Healthcare,0.56918
2023-12-07,Industrials,0.1567
2023-12-07,Materials,0.08038
2023-12-07,RealEstate,0.31117999999999996
2023-12-07,Tech,0.7399
2023-12-07,Utilities,0.20724
2023-12-08,Comm,0.17862
2023-12-08,Consumer,0.71802
2023-12-08,Energy,0.10264000000000002
2023-12-08,Financials,0.036559999999999995
2023-12-08,Healthcare,0.12098
2023-12-08,Industrials,0.12716
2023-12-08,Materials,0.08606
2023-12-08,RealEstate,0.24836
2023-12-08,Tech,0.61734
2023-12-08,Utilities,0.41624
2023-12-11,Comm,0.25115999999999994
2023-12-11,Consumer,-0.11750000000000001
2023-12-11,Energy,0.46364
2023-12-11,Financials,0.19466
2023-12-11,Healthcare,-0.04794
2023-12-11,Industrials,0.15036
2023-12-11,Materials,0.13318
2023-12-11,RealEstate,0.25017999999999996
2023-12-11,Tech,0.88892
2023-12-11,Utilities,0.0951
2023-12-12,Comm,0.35802
2023-12-12,Consumer,0.69464
2023-12-12,Energy,0.74638
2023-12-12,Financials,0.30297999999999997
2023-12-12,Healthcare,0.6054999999999999
2023-12-12,Industrials,0.06248
2023-12-12,Materials,0.2726
2023-12-12,RealEstate,0.10073999999999998
2023-12-12,Tech,0.87708
2023-12-12,Utilities,0.29047999999999996
2023-12-13,Comm,0.50934
2023-12-13,Consumer,0.24324000000000004
2023-12-13,Energy,0.4126
2023-12-13,Financials,0.6147
2023-12-13,Healthcare,0.33378
2023-12-13,Industrials,0.72118
2023-12-13,Materials,0.10124000000000002
2023-12-13,RealEstate,0.36750000000000005
2023-12-13,Tech,0.63334
2023-12-13,Utilities,0.12143999999999999
2023-12-14,Comm,0.4354
2023-12-14,Consumer,0.24528000000000003
2023-12-14,Energy,0.56708
2023-12-14,Financials,0.23952
2023-12-14,Healthcare,0.15576
2023-12-14,Industrials,0.5495599999999999
2023-12-14,Materials,0.5510400000000001
2023-12-14,RealEstate,0.56398
2023-12-14,Tech,0.7212799999999999
2023-12-14,Utilities,0.21386000000000002
2023-12-15,Comm,0.40725999999999996
2023-12-15,Consumer,0.30824
2023-12-15,Energy,0.31546
2023-12-15,Financials,0.25412
2023-12-15,Healthcare,0.09536000000000001
2023-12-15,Industrials,0.28514
2023-12-15,Materials,0.15012
2023-12-15,RealEstate,0.329
2023-12-15,Tech,0.46562000000000003
2023-12-15,Utilities,0.34126
2023-12-18,Comm,-0.03062
2023-12-18,Consumer,0.40934
2023-12-18,Energy,0.05676
2023-12-18,Financials,0.65956
2023-12-18,Healthcare,0.20382000000000003
2023-12-18,Industrials,0.11383999999999998
2023-12-18,Materials,0.09548000000000001
2023-12-18,RealEstate,0.28562000000000004
2023-12-18,Tech,0.48334
2023-12-18,Utilities,0.32804
2023-12-19,Comm,0.58294
2023-12-19,Consumer,0.34358
2023-12-19,Energy,0.50232
2023-12-19,Financials,0.39828
2023-12-19,Healthcare,0.69892
2023-12-19,Industrials,0.66202
2023-12-19,Materials,0.07040000000000002
2023-12-19,RealEstate,0.5528000000000001
2023-12-19,Tech,0.7314
2023-12-19,Utilities,0.23899999999999996
2023-12-20,Comm,0.58294
2023-12-20,Consumer,0.34358
2023-12-20,Energy,0.50232
2023-12-20,Financials,0.39828
2023-12-20,Healthcare,0.69892
2023-12-20,Industrials,0.66202
2023-12-20,Materials,0.07040000000000002
2023-12-20,RealEstate,0.5528000000000001
2023-12-20,Tech,0.68478
2023-12-20,Utilities,0.23899999999999996
2023-12-21,Comm,0.58294
2023-12-21,Consumer,0.34358
2023-12-21,Energy,0.50232
2023-12-21,Financials,0.39828
2023-12-21,Healthcare,0.69892
2023-12-21,Industrials,0.66202
2023-12-21,Materials,0.07040000000000002
2023-12-21,RealEstate,0.5528000000000001
2023-12-21,Tech,0.6070599999999999
2023-12-21,Utilities,0.23899999999999996
2023-12-22,Comm,0.58294
2023-12-22,Consumer,0.34358
2023-12-22,Energy,0.50232
2023-12-22,Financials,0.39828
2023-12-22,Healthcare,0.69892
2023-12-22,Industrials,0.66202
2023-12-22,Materials,0.07040000000000002
2023-12-22,RealEstate,0.5528000000000001
2023-12-22,Tech,0.68094
2023-12-22,Utilities,0.23899999999999996
2023-12-26,Comm,0.58294
2023-12-26,Consumer,0.34358
2023-12-26,Energy,0.50232
2023-12-26,Financials,0.39828
2023-12-26,Healthcare,0.69892
2023-12-26,Industrials,0.66202
2023-12-26,Materials,0.07040000000000002
2023-12-26,RealEstate,0.5528000000000001
2023-12-26,Tech,0.62768
2023-12-26,Utilities,0.23899999999999996
2023-12-27,Comm,0.58294
2023-12-27,Consumer,0.34358
2023-12-27,Energy,0.50232
2023-12-27,Financials,0.39828
2023-12-27,Healthcare,0.69892
2023-12-27,Industrials,0.66202
2023-12-27,Materials,0.07040000000000002
2023-12-27,RealEstate,0.5528000000000001
2023-12-27,Tech,0.7248
2023-12-27,Utilities,0.23899999999999996
2023-12-28,Comm,0.58294
2023-12-28,Consumer,0.34358
2023-12-28,Energy,0.50232
2023-12-28,Financials,0.39828
2023-12-28,Healthcare,0.69892
2023-12-28,Industrials,0.66202
2023-12-28,Materials,0.07040000000000002
2023-12-28,RealEstate,0.5528000000000001
2023-12-28,Tech,0.65732
2023-12-28,Utilities,0.23899999999999996
2023-12-29,Comm,0.58294
2023-12-29,Consumer,0.34358
2023-12-29,Energy,0.50232
2023-12-29,Financials,0.39828
2023-12-29,Healthcare,0.69892
2023-12-29,Industrials,0.66202
2023-12-29,Materials,0.07040000000000002
2023-12-29,RealEstate,0.5528000000000001
2023-12-29,Tech,0.6724
2023-12-29,Utilities,0.23899999999999996
